category,question,answer,source
요금 및 견적,여행에 함께 가는 가족 구성원은 누구야?,"성인 2명, 아이 2명",액티벤처:90001
상품예약 및 결제,아동 조식은 어떻게 추가할 수 있나요?,박당 15달러 추가,액티벤처:90003
상품예약 및 결제,호텔 3박 이상 예약 시 공항 픽업 서비스가 무료인가요?,네.,액티벤처:90005
요금 및 견적,각 리조트의 공항 샌딩 비용은 얼마야?,"파드마 $20, 공항 체크아웃 $30",액티벤처:90001
요금 및 견적,공항 픽업은 더스톤즈 호텔로만 가능한가요?,아니요.,액티벤처:90002
요금 및 견적,렌트카로 선택할 수 있는 차량 종류는 무엇인가?,"APV, 엘프",액티벤처:90007
상품예약 및 결제,포시즌 호텔 차량 서비스는 무료인가?,아니요.,액티벤처:90004
상품예약 및 결제,2박 예약 시 공항 픽업 서비스를 무료로 받을 수 있나?,아니요.,액티벤처:90006
요금 및 견적,시내 위주 여행 시 가이드 동행이 필요한가?,아니요.,액티벤처:90007
상품예약 및 결제,포시즌 사얀 원베드룸 풀빌라 숙박 시 무료로 제공되는 식사는?,디너 1회,액티벤처:90004
요금 및 견적,룸 체크는 어떻게 진행되나요?,가능 여부 확인 후,액티벤처:90011
상품예약 및 결제,렌트 비용에 식사비가 포함되어 있나요?,아니요.,액티벤처:90008
상품예약 및 결제,가이드와 기사님 식사는 어떻게 해결하나요?,각자 알아서 해결,액티벤처:90008
상품예약 및 결제,아야나리조트 기본룸 예약이 가능한가요?,네.,액티벤처:90009
상품예약 및 결제,호텔 예약은 어떻게 진행하나요?,이메일로 예약,액티벤처:90005
상품예약 및 결제,씨브리즈룸 2박 예약이 가능한가요?,아니요.,액티벤처:90012
요금 및 견적,모든 리조트에서 공항 샌딩과 레이트 체크아웃이 가능해?,응.,액티벤처:90001
상품예약 및 결제,지프투어는 미리 시간 예약이 가능한가요?,아니요.,액티벤처:90010
상품예약 및 결제,인디고발리 호텔 예약은 어떻게 진행해야 해?,이메일로 정보 전송,액티벤처:90016
상품예약 및 결제,사파린마린파크 드래곤패키지는 어떻게 예약하나요?,이메일로 정보 전송,액티벤처:90010
상품예약 및 결제,인터컨티넨탈 클럽룸 예약은 어떻게 진행하나요?,이메일로 정보 전송,액티벤처:90015
상품예약 및 결제,암나야룸 예약 시 무료 서비스가 포함되어 있나요?,네.,액티벤처:90013
상품예약 및 결제,레이트 체크아웃은 어떻게 가능한가요?,1박 요금 선납,액티벤처:90017
요금 및 견적,공항 픽업 서비스는 무료인가요?,아니요.,액티벤처:90014
상품예약 및 결제,예약 후 추가 서비스를 받을 수 있나요?,네.,액티벤처:90015
상품예약 및 결제,공항 픽업 차량은 어떻게 선택할 수 있나요?,항공편 정보 제공,액티벤처:90013
상품예약 및 결제,인디고발리 호텔에서 예약 가능한 룸은 누구의 추천으로 결정되었어?,상담사,액티벤처:90016
상품예약 및 결제,공항 픽업 서비스는 유료인가요?,아니요.,액티벤처:90017
요금 및 견적,호텔 예약은 어떻게 진행할 수 있나요?,이메일로 정보 전송,액티벤처:90019
상품예약 및 결제,공항 픽업 서비스가 무료인가요?,아니요.,액티벤처:90018
요금 및 견적,공항 픽업 서비스를 받을 수 있나요?,네.,액티벤처:90019
상품예약 및 결제,예약 시 제공받을 수 있는 특전은 뭐야?,발리 한국어 지도와 맛집 파일,액티벤처:90024
요금 및 견적,발리 리조트 예약 시 공항 픽업 서비스는 어떻게 이용하나요?,조인 픽업 서비스,액티벤처:90035
상품예약 및 결제,인터컨티넨탈 호텔 예약은 어떻게 진행하나요?,이메일로 신청,액티벤처:90018
상품예약 및 결제,엑스트라 베드는 무료로 제공받을 수 있나요?,네.,액티벤처:90024
상품예약 및 결제,호텔 예약을 어떻게 진행해야 하나요?,이메일로 정보 전송,액티벤처:90021
상품예약 및 결제,기본룸 예약이 가능한가요?,아니요.,액티벤처:90025
상품예약 및 결제,오션뷰룸 예약 시 식사 혜택이 있나요?,네.,액티벤처:90023
상품예약 및 결제,공항 픽업 서비스는 얼마에 이용할 수 있나요?,15달러,액티벤처:90025
요금 및 견적,우붓 지역 공항 픽업은 무료인가?,아니요.,액티벤처:90020
상품예약 및 결제,인디고 스미냑 클래식룸 1+1 예약이 가능한가요?,네.,액티벤처:90021
상품예약 및 결제,씨브리즈룸 1+1 이벤트 예약이 가능한가?,아니요.,액티벤처:90016
상품예약 및 결제,만 5세 이하 아동은 숙박비가 무료인가?,네.,액티벤처:90026
상품예약 및 결제,호텔 예약은 어떻게 진행하나요?,이메일로 정보 전송,액티벤처:90027
요금 및 견적,공항 픽업 서비스는 어떻게 예약할 수 있나요?,항공편 정보와 함께 신청,액티벤처:90028
상품예약 및 결제,우붓 지역 픽업 서비스는 가능한가요?,네.,액티벤처:90027
상품예약 및 결제,5세 아동은 숙박비를 내야 하나?,아니요.,액티벤처:90031
상품예약 및 결제,현재 호텔 예약에 특별 할인이나 프로모션이 있나요?,아니요.,액티벤처:90030
요금 및 견적,우붓 포시즌 리조트 2박 패키지에 조식이 포함되어 있나요?,네.,액티벤처:90028
상품예약 및 결제,조식뷔페를 8불에 이용할 수 있는 대상 연령은 어떻게 되지?,3세부터 12세 미만 어린이,액티벤처:90036
상품예약 및 결제,예약 시 대표자로 정보를 보내야 하는 사람은 누구야?,대표자,액티벤처:90031
상품예약 및 결제,요청하신 날짜에 객실 예약이 가능한가요?,네.,액티벤처:90029
상품예약 및 결제,예약 정보는 어떻게 보내야 하나?,이메일로,액티벤처:90031
요금 및 견적,발리 리조트 예약 시 대표로 정보를 제공해야 하는 사람은 누구인가요?,대표자,액티벤처:90035
요금 및 견적,프라마 사누르 비치 호텔 예약이 가능한가요?,아니요.,액티벤처:90033
상품예약 및 결제,공항 픽업 서비스는 우붓 지역에서도 가능한가?,아니요.,액티벤처:90037
요금 및 견적,호텔 예약은 어떻게 진행하나요?,이메일로 정보 전송,액티벤처:90033
상품예약 및 결제,호텔 예약자들에게 공항 픽업 서비스가 제공되나요?,네.,액티벤처:90032
상품예약 및 결제,공항 픽업 서비스 이용 시 필요한 서류는 무엇인가요?,항공편 정보,액티벤처:90034
요금 및 견적,인디고 발리에 2베드룸 객실이 있나요?,아니요.,액티벤처:90035
상품예약 및 결제,런치뷔페는 호텔 예약에 포함된 서비스야?,응.,액티벤처:90036
상품예약 및 결제,호텔 가격에 조식과 세금이 포함되어 있나요?,네.,액티벤처:90034
상품예약 및 결제,체크인 전 동물원 팔찌는 어떻게 받을 수 있어?,체크인 후에만 받기,액티벤처:90036
상품예약 및 결제,사마베 허니문 패키지의 레이트 체크아웃이 가능한가요?,네.,액티벤처:90038
상품예약 및 결제,포시즌스 사얀 앳 발리 예약 시 무료로 제공되는 혜택은 무엇인가?,"조식, 디너 1회, 미니바",액티벤처:90037
상품예약 및 결제,공항 픽업 서비스는 모든 지역에서 가능한가요?,아니요.,액티벤처:90039
상품예약 및 결제,픽업 서비스를 이용하지 않을 경우 어떻게 이동할 수 있나요?,조인 이동 가능,액티벤처:90038
요금 및 견적,3+1 프로모션은 어떻게 적용되나요?,"2번 연속 가능, 6박 시 2박 무료",액티벤처:90041
요금 및 견적,아야나 리조트와 세인트 레지스 예약은 어떻게 진행되나요?,전화 상담 후 결제,액티벤처:90040
요금 및 견적,이번 여행에 함께 가는 가족 구성원은 누구야?,"성인 2명, 8살 아동 1명",액티벤처:90041
상품예약 및 결제,마지막 날 호텔 체크아웃은 어떻게 하려고 하나요?,레이트 체크아웃,액티벤처:90052
상품예약 및 결제,처음부터 2박으로 예약하려고 했나요?,아니요.,액티벤처:90052
요금 및 견적,카드 결제 시 수수료가 없나요?,아니요.,액티벤처:90043
요금 및 견적,350만원 예산으로 발리 가족여행이 가능할까?,응.,액티벤처:90046
요금 및 견적,호텔 예약은 어떻게 하나요?,이메일로 신청,액티벤처:90045
요금 및 견적,인디고 호텔 객실 내에서 와이파이 사용이 가능한가?,네.,액티벤처:90042
상품예약 및 결제,12인승 차량에 6명이 탑승할 수 있어?,응.,액티벤처:90044
요금 및 견적,3+1 프로모션이 그랜져 디럭스 객실에 적용되나요?,아니요.,액티벤처:90045
요금 및 견적,호텔 예약 시 결제는 어떻게 할 수 있나요?,현금 또는 카드,액티벤처:90043
"일반문의(여행준비, 인터넷, 교통, 안전 등)",잦은 고장으로 인해 운행에 문제가 있었던 것은 뭐야?,길리옴박 익스프레스,액티벤처:90050
요금 및 견적,발리 여행에 함께 가는 가족 구성원은 누구야?,"어른 2명, 아이 3명",액티벤처:90046
요금 및 견적,카드 결제 시 추가되는 수수료는 얼마야?,2.5% 추가,액티벤처:90046
상품예약 및 결제,사파리 마린파크 입장권을 받을 수 있는 대상은 누구야?,투숙객,액티벤처:90051
요금 및 견적,엑스트라 베드는 필수인가요?,아니요.,액티벤처:90041
상품예약 및 결제,렌트카는 어떻게 예약할 수 있나요?,실시간 확인,액티벤처:90048
요금 및 견적,공항 샌딩 서비스는 무료인가?,아니요.,액티벤처:90049
"일반문의(여행준비, 인터넷, 교통, 안전 등)",길리옴박 여행에서 발생한 불편 사항은 어떻게 해결할 수 있나요?,보상 및 컴플레인,액티벤처:90050
"일반문의(여행준비, 인터넷, 교통, 안전 등)",마차 왕복값에 대한 보상을 받을 수 있나요?,네.,액티벤처:90050
요금 및 견적,세인트 레지스 예약 시 특전이 제공되나요?,네.,액티벤처:90040
상품예약 및 결제,호텔 예약 시 추가 비용 없이 모든 객실을 무료로 이용할 수 있나요?,아니요.,액티벤처:90053
요금 및 견적,빌라스 예약 시 F&B 크레딧이 제공되나요?,네.,액티벤처:90054
상품예약 및 결제,허니문 패키지에 포함된 호텔은 무엇인가요?,W호텔 원 베드룸 풀빌라,액티벤처:90065
상품예약 및 결제,항공권 결제 시 수수료는 어떻게 계산되나요?,카드 결제 시 2.5% 추가,액티벤처:90053
요금 및 견적,객실 예약 가능 여부는 어떻게 확인하나요?,실시간 체크,액티벤처:90056
요금 및 견적,물리아 빌라스 예약금은 어떻게 결제하나요?,카드 결제,액티벤처:90054
상품예약 및 결제,항공권 예약 시 필요한 신분증명 서류는 누구의 것인가요?,여권 사본,액티벤처:90053
"일반문의(여행준비, 인터넷, 교통, 안전 등)",선택관광에 포함된 팁은 무엇인가요?,없음,액티벤처:90057
상품예약 및 결제,롬복공항에서 할 수 없는 수속은 뭐지?,국제선 수속,액티벤처:90055
상품예약 및 결제,롬복공항에서 국제선 수속이 가능한가?,아니요.,액티벤처:90055
상품예약 및 결제,마라리버 사파리 롯지의 가격은 얼마야?,240달러,액티벤처:90051
상품예약 및 결제,마라리버 사파리 롯지의 픽업 서비스와 와이파이는 무료인가요?,아니요.,액티벤처:90051
상품예약 및 결제,아메드 해변은 초심자도 스노클링을 쉽게 즐길 수 있나요?,네.,액티벤처:90058
상품예약 및 결제,발리에서 초심자가 스노클링을 즐기기에 가장 좋은 방법은?,아메드 해변,액티벤처:90058
상품예약 및 결제,체크아웃 후 데이투어를 프로그램에 포함할 수 있어?,응.,액티벤처:90064
상품예약 및 결제,물리아 디너는 3박 중 원하는 날짜에 예약 가능한가요?,네.,액티벤처:90063
상품예약 및 결제,르메르디안 호텔에 아기 의자가 준비되어 있나요?,네.,액티벤처:90061
상품예약 및 결제,물리아 soleil 디너 예약을 확인할 때 누구의 이름으로 확인하나요?,손님 이름,액티벤처:90063
"일반문의(여행준비, 인터넷, 교통, 안전 등)",리조트에서 달러를 사용할 수 있나요?,아니요.,액티벤처:90057
상품예약 및 결제,물놀이 옵션은 어떻게 신청하나요?,별도 옵션 신청,액티벤처:90064
요금 및 견적,리조트 예약은 어떻게 할 수 있나요?,웹사이트나 전화로,액티벤처:90062
상품예약 및 결제,르메르디안 호텔에서 제공하는 런치의 형태는 무엇인가?,세트 메뉴,액티벤처:90061
상품예약 및 결제,마사지 픽업 서비스는 무료인가요?,아니요.,액티벤처:90060
상품예약 및 결제,반얀트리 예약은 어떻게 되어 있나요?,풀부킹,액티벤처:90066
상품예약 및 결제,홍콩 L호텔에서 다른 호텔로 변경이 불가능한가요?,아니요.,액티벤처:90065
상품예약 및 결제,W1박의 레잇 체크아웃은 어떻게 요청할 수 있나요?,현지 사무실 소장님께 연락,액티벤처:90063
"일반문의(여행준비, 인터넷, 교통, 안전 등)",홈페이지에 나온 요금에 유류할증료가 포함되어 있나요?,아니요.,액티벤처:90072
상품예약 및 결제,반얀트리 오션뷰 방을 예약할 수 있나요?,아니요.,액티벤처:90066
상품예약 및 결제,가루다 항공 비즈니스 클래스 마일리지는 어떻게 적립되나요?,100% 적립 가능,액티벤처:90070
상품예약 및 결제,인천공항 근처 호텔은 어떻게 예약할 수 있나요?,전화로 문의,액티벤처:90075
요금 및 견적,베드타입 요청이 100% 보장되나요?,아니요.,액티벤처:90068
상품예약 및 결제,항공권 결제 시 제3자 카드로 결제할 수 있는 사람은 누구야?,가족,액티벤처:90076
요금 및 견적,호텔 예약은 어떻게 진행하나요?,이메일로 신청,액티벤처:90068
요금 및 견적,르메르디앙 리조트 골프장에서 대여 가능한 것은 무엇인가요?,골프채,액티벤처:90077
상품예약 및 결제,6박 8일 일정의 프로모션 좌석이 남아있나요?,아니요.,액티벤처:90070
요금 및 견적,발리에서 롬복으로 가는 항공권을 현지에서 구매할 수 있어?,응.,액티벤처:90071
상품예약 및 결제,월요일 오전 출발편이 있나요?,아니요.,액티벤처:90086
요금 및 견적,싱가폴에서 얼마나 머물 수 있나요?,2~3일 정도,액티벤처:90073
상품예약 및 결제,항공 좌석은 어떻게 확보할 수 있어?,전화 예약,액티벤처:90076
요금 및 견적,발리에서 롬복으로 이동하는 방법은 어떻게 되나?,항공편 또는 배,액티벤처:90071
상품예약 및 결제,제3자의 카드로 결제가 가능한가요?,아니요.,액티벤처:90078
요금 및 견적,발리 공항에 짐 보관소가 있나요?,아니요.,액티벤처:90074
상품예약 및 결제,카드 결제는 어떻게 진행할 수 있나요?,출발자 본인 카드로,액티벤처:90078
상품예약 및 결제,현재 월 출발 항공권 예약이 즉시 가능한가?,아니요.,액티벤처:90076
요금 및 견적,개인 항공권의 마일리지는 어떻게 적립되나?,이용 마일의 50%,액티벤처:90081
상품예약 및 결제,발리 여행 예약 결제 정보는 어떻게 확인할 수 있나요?,문자로 전송,액티벤처:90080
요금 및 견적,르메르디앙 리조트 요금은 현금 결제 기준인가요?,네.,액티벤처:90077
상품예약 및 결제,포시즌 짐바란 호텔은 바다로 이동이 편리한가요?,네.,액티벤처:90075
상품예약 및 결제,발리 여행과 관련된 추가 절차가 남아있나요?,아니요.,액티벤처:90080
요금 및 견적,림바 호텔 예약 시 조식이 포함되어 있나요?,네.,액티벤처:90083
상품예약 및 결제,리조트와 풀빌라 상품은 어떻게 구성할 수 있나요?,4박 조합,액티벤처:90086
"일반문의(여행준비, 인터넷, 교통, 안전 등)",데이크루즈에서 즐길 수 없는 수상 레저기구는 무엇인가요?,제트스키,액티벤처:90072
요금 및 견적,항공세와 유류할증료는 변동 가능성이 있나?,"네, 있어요.",액티벤처:90081
요금 및 견적,현재 예약하려는 모든 항공편의 좌석이 확정되었나요?,아니요.,액티벤처:90082
상품예약 및 결제,친구와 동일한 스케줄로 비행기 탑승이 가능한가?,네.,액티벤처:90079
상품예약 및 결제,발리 스노클링 포인트는 베노아 비치인가요?,네.,액티벤처:90085
요금 및 견적,발리 여행 패키지에 포함된 서비스는 무엇을 포함하나요?,"항공권, 숙소, 여행자보험, 공항-호텔 미팅",액티벤처:90084
요금 및 견적,발리 여행 패키지에 도착 비자가 포함되어 있나요?,아니요.,액티벤처:90084
"일반문의(여행준비, 인터넷, 교통, 안전 등)",발리 여행 시 환전은 어떻게 하는 것이 좋은가?,달러 지참,액티벤처:90087
요금 및 견적,비버리 힐즈 요금은 어떻게 확인할 예정인가요?,내일 출근 후 확인,액티벤처:90089
"일반문의(여행준비, 인터넷, 교통, 안전 등)",발리 신혼여행에서 스미냑까지 이동하는 데 걸리는 소요 시간은?,30분,액티벤처:90087
상품예약 및 결제,신혼여행 일정은 어떻게 진행되나요?,체크인 후 3일 일정,액티벤처:90105
"일반문의(여행준비, 인터넷, 교통, 안전 등)",발리 여행 시 루피아로 모든 금액을 환전해야 하나?,아니요.,액티벤처:90087
상품예약 및 결제,발리에서 해양스포츠는 어떻게 예약할 수 있나요?,한국에서 예약,액티벤처:90085
상품예약 및 결제,발리 여행에서 하드락이나 콘래드 호텔 예약이 가능한가요?,네.,액티벤처:90091
상품예약 및 결제,에어텔 이용 시 공항에서 숙소까지 어떻게 이동할 수 있나요?,공항 픽업,액티벤처:90091
요금 및 견적,디럭스룸 예약 시 객실 업그레이드에 추가 비용이 발생하나요?,아니요.,액티벤처:90092
상품예약 및 결제,그룹 항공권 요금과 좌석에 대한 공지가 있었나요?,아니요.,액티벤처:90088
요금 및 견적,항공권은 어떻게 예약하나요?,전화로 예약,액티벤처:90093
요금 및 견적,예약을 미리 하면 더 저렴한 요금을 받을 수 있나요?,네.,액티벤처:90093
요금 및 견적,이번 여행에 함께 가는 인원은 어떻게 되지?,성인 여자 3명,액티벤처:90101
요금 및 견적,항공사는 항공료 인상을 최소 몇 달 전에 통보하나요?,2달 전,액티벤처:90096
요금 및 견적,림바 호텔의 특전은 어떻게 제공되나요?,객실당 2인 기준,액티벤처:90101
요금 및 견적,호텔은 얼마에 예약할 수 있나요?,1박 5-10만 원,액티벤처:90095
요금 및 견적,조기 예약은 어떻게 진행해야 하나?,날짜 정하고 예약,액티벤처:90103
상품예약 및 결제,키즈클럽 이용 시간은 보통 어떻게 운영되나?,오전9시~오후5시,액티벤처:90097
상품예약 및 결제,발리 골프장에서 할인을 받을 수 있는 숙소는 누구의 호텔인가요?,르메르디안,액티벤처:90085
상품예약 및 결제,풀빌라 예약은 어떻게 진행할 수 있어?,사이트 통해 예약,액티벤처:90098
상품예약 및 결제,디시니 풀빌라는 신축 건물인가?,네.,액티벤처:90098
상품예약 및 결제,룸복 여행 일정은 어떻게 계획하고 있어?,3박5일,액티벤처:90106
상품예약 및 결제,연말 시즌에 고급 풀빌라는 최소 5박 이상 예약이 필요한가요?,네.,액티벤처:90099
요금 및 견적,여행사는 여러 래프팅 업체와 협력하고 있나?,아니요.,액티벤처:90113
요금 및 견적,림바 호텔 특전에 개인 이용 서비스가 포함되어 있나요?,아니요.,액티벤처:90101
상품예약 및 결제,이번 여행에 현지에서 누구를 만날 예정이야?,일행,액티벤처:90106
상품예약 및 결제,리허니문 여행 예약은 어떻게 진행하나요?,상담 후 빌라 선택,액티벤처:90128
상품예약 및 결제,블루포인트베이 호텔 예약이 확정되었나요?,아니요.,액티벤처:90105
요금 및 견적,발리 여행 시 풀빌라는 어떻게 예약할 수 있나요?,사이트 통해 확인,액티벤처:90108
상품예약 및 결제,더 리프 호텔로 숙소 예약을 진행할거야?,네.,액티벤처:90106
상품예약 및 결제,비즈니스 예약 시 귀국 항공편을 미리 정해줄 수 있나요?,네.,액티벤처:90114
상품예약 및 결제,아요디아 리조트 픽업 서비스는 어떻게 예약할 수 있어?,인원 수에 맞춰,액티벤처:90111
요금 및 견적,리조트 2박과 풀빌라 2박으로 일정을 잡을 수 있나요?,아니요.,액티벤처:90107
상품예약 및 결제,발리 여행을 계획하고 있나요?,네.,액티벤처:90112
요금 및 견적,하얏트 호텔 예약이 가능한가요?,아니요.,액티벤처:90115
요금 및 견적,에어텔로 10일 일정 상품 구성이 가능한가요?,네.,액티벤처:90118
요금 및 견적,파트너와 함께 전체 일정을 예약하나요?,아니요.,액티벤처:90109
요금 및 견적,발리 호텔 예약은 어떻게 진행하나요?,연락 주시면 도와드림,액티벤처:90115
상품예약 및 결제,3명이 여행할 때 호텔방은 어떻게 해결하나요?,엑스트라베드 추가,액티벤처:90116
요금 및 견적,여행 예약은 어떻게 진행하나요?,홈페이지에서,액티벤처:90122
요금 및 견적,트리플룸 요금이 2인 1실과 다른가요?,아니요.,액티벤처:90122
요금 및 견적,발리 여행 비용이 880만 원에서 1300만 원 사이야?,응.,액티벤처:90120
상품예약 및 결제,발리 패키지 상품에 원하는 출발일이 있나요?,아니요.,액티벤처:90121
상품예약 및 결제,가루다항공 마일리지가 정립되나요?,아니요.,액티벤처:90123
요금 및 견적,항공권 택스는 변동이 전혀 없나요?,아니요.,액티벤처:90127
요금 및 견적,키즈클럽 프로그램을 운영하는 호텔은 뭐야?,인터컨티넨탈,액티벤처:90120
요금 및 견적,2배드룸 풀빌라는 예약 불가능한가?,아니요.,액티벤처:90119
상품예약 및 결제,발리 여행 중 호텔은 어떻게 예약할 수 있나요?,상담센터 통해 가능,액티벤처:90123
상품예약 및 결제,호텔은 어떻게 예약할 수 있나요?,따로 예약 가능,액티벤처:90121
요금 및 견적,가루다항공 이용이 가능한가?,네.,액티벤처:90124
요금 및 견적,항공권 예약은 어떻게 진행할 수 있어?,전화로 문의,액티벤처:90124
요금 및 견적,항공권은 어떻게 예약할 수 있어?,전화로 예약,액티벤처:90136
요금 및 견적,호텔 3박 이상 예약 시 특별한 혜택이 있나요?,네.,액티벤처:90129
요금 및 견적,자카르타에서 발리로 가는 항공편이 있나요?,네.,액티벤처:90126
요금 및 견적,자카르타에서 발리로 가는 항공편은 어떻게 확인하나요?,전화상담으로 확인,액티벤처:90126
상품예약 및 결제,항공권 좌석은 어떻게 예약할 수 있어?,전화로 예약,액티벤처:90133
상품예약 및 결제,그랜드 미라지 패키지에 포함된 식사의 종류는 무엇인가요?,중식과 석식,액티벤처:90140
상품예약 및 결제,우붓투어는 어떻게 예약하면 좋아?,미리 예약,액티벤처:90130
상품예약 및 결제,현지에서 바로 우붓투어 예약이 가능해?,아니.,액티벤처:90130
상품예약 및 결제,가루다 항공 직항 노선 예약이 가능해?,응.,액티벤처:90133
"일반문의(여행준비, 인터넷, 교통, 안전 등)",액티비티는 선택할 수 있나요?,네.,액티벤처:90131
상품예약 및 결제,잔금은 어떻게 입금하면 되나?,발권일 3일 전,액티벤처:90132
상품예약 및 결제,특가 항공권은 리컨펌이 필요한가?,아니요.,액티벤처:90132
상품예약 및 결제,다른 항공사로 비슷한 일정 예약이 가능한가요?,네.,액티벤처:90137
요금 및 견적,르메르디앙 리조트는 가족 여행이나 골프에 적합한 곳인가요?,네.,액티벤처:90141
요금 및 견적,물리아 리조트의 특전은 무엇을 제공하나요?,"디너, 조식, 버틀러 서비스",액티벤처:90139
요금 및 견적,추가 인원에 대한 요금은 어떻게 계산되나요?,방당 성인 2명 기준,액티벤처:90141
요금 및 견적,발리 패키지는 어떻게 예약할 수 있나요?,상담 통해 예약,액티벤처:90138
요금 및 견적,물리아 패밀리빌라 가든뷰 예약은 어떻게 진행하나요?,이메일로 정보 전송,액티벤처:90155
요금 및 견적,물리아 리조트에서 아이 두 명 입실이 가능한가요?,네.,액티벤처:90139
요금 및 견적,주중 출발이 여행 비용에 유리한가요?,네.,액티벤처:90143
요금 및 견적,하얏트에서 1박 예약이 가능한가요?,아니요.,액티벤처:90150
요금 및 견적,인도네시아 항공만 발리 패키지를 운영하나요?,아니요.,액티벤처:90138
요금 및 견적,발리 여행 패키지는 어떻게 예약할 수 있나요?,항공과 숙소 별도 예약,액티벤처:90143
상품예약 및 결제,발리 여행 숙소는 어떻게 예약할 수 있어?,에어텔로 가능,액티벤처:90146
상품예약 및 결제,그랜드 미라지 패키지에 조식이 포함되어 있나요?,아니요.,액티벤처:90140
상품예약 및 결제,현재 가루다 항공 좌석이 예약 가능한가요?,아니요.,액티벤처:90144
상품예약 및 결제,그랜드 미라지 패키지는 어떻게 예약할 수 있나요?,온라인 또는 전화로,액티벤처:90140
상품예약 및 결제,신혼여행 경유지 항공편은 어떻게 확인할 수 있나?,항공 담당자 문의,액티벤처:90145
요금 및 견적,하얏트 호텔은 몇 박부터 예약할 수 있나요?,2박부터,액티벤처:90150
요금 및 견적,2박 예약 시 공항픽업 서비스를 받을 수 있나요?,아니요.,액티벤처:90158
상품예약 및 결제,개인 항공권은 어떻게 예약할 수 있나요?,미리 예약,액티벤처:90148
상품예약 및 결제,발리에서 도쿄로 가는 JAL 항공편은 있나요?,네.,액티벤처:90145
요금 및 견적,3박 이상 예약 시 공항 픽업 서비스가 무료로 제공되나?,네.,액티벤처:90149
상품예약 및 결제,현재 내년 항공 요금이 확정되었나요?,아니요.,액티벤처:90148
요금 및 견적,더물리아 호텔 패키지 가격은 어떻게 구성되나요?,객실 타입별 차등,액티벤처:90153
요금 및 견적,물리아 리조트에서 4+1 프로모션이 가능한가요?,네.,액티벤처:90147
요금 및 견적,호텔 예약 정보는 어떻게 받을 수 있나요?,이메일로,액티벤처:90151
요금 및 견적,아야나 리조트의 특별 혜택은 어떻게 제공되나요?,탈라소테라피 풀 1시간,액티벤처:90175
요금 및 견적,예약 대표자로 정보를 보내야 하는 사람은 누구인가요?,대표자,액티벤처:90155
요금 및 견적,더물리아 호텔에 3박 이상 예약하면 공항 픽업 서비스를 받을 수 있나요?,네.,액티벤처:90153
상품예약 및 결제,레이트 체크아웃이 가능한가요?,아니요.,액티벤처:90152
요금 및 견적,모든 날짜에 만다파 리츠칼튼 예약이 가능한가?,아니요.,액티벤처:90154
요금 및 견적,프로모션이 적용되는 객실은 무엇인가요?,아야나 리조트 오션뷰룸,액티벤처:90162
상품예약 및 결제,림바 짐바란 바이 아야나에서 1박 예약이 가능한가요?,아니요.,액티벤처:90189
요금 및 견적,호텔 예약은 어떻게 진행해야 하나요?,이메일로 정보 전송,액티벤처:90159
요금 및 견적,3박 이상 예약 시 특별한 혜택이 있나요?,네.,액티벤처:90161
요금 및 견적,호텔에서 무료 공항 픽업 서비스를 제공받을 수 있는 사람은 누구인가요?,3박 이상 예약자,액티벤처:90163
요금 및 견적,공항 픽업 비용은 얼마야?,총 50달러,액티벤처:90156
요금 및 견적,패키지에 유료 미니바가 포함되어 있나요?,아니요.,액티벤처:90157
상품예약 및 결제,3박 이상 예약하면 공항 픽업 서비스를 제공하나?,네.,액티벤처:90166
요금 및 견적,3박 이상 예약 시 무료 공항 픽업이 제공되나요?,네.,액티벤처:90155
요금 및 견적,더물리아 리조트의 조식은 어떻게 제공되나요?,뷔페 또는 알라카르트,액티벤처:90158
요금 및 견적,디럭스 샬레 예약 시 레이트 체크아웃 혜택을 받을 수 있나요?,네.,액티벤처:90164
요금 및 견적,정글 풀빌라 타입을 예약할 수 있나요?,아니요.,액티벤처:90165
요금 및 견적,아야나 세가라 호텔의 3박 기준 객실 요금은 어떻게 되나요?,305~325달러,액티벤처:90163
요금 및 견적,만다파 스윗 예약 시 아동 조식은 어떻게 추가할 수 있나요?,"조식만 $15, 소파베드 포함 $55",액티벤처:90161
상품예약 및 결제,객실 예약은 어떻게 진행할 수 있나요?,이메일로 신청,액티벤처:90167
요금 및 견적,호텔 예약 시 특전이 있나요?,네.,액티벤처:90159
요금 및 견적,아야나 세가라 호텔 예약 시 조식이 포함되어 있나요?,네.,액티벤처:90163
요금 및 견적,3박 이상 예약 시 어떤 혜택을 받을 수 있나요?,공항픽업 무료,액티벤처:90165
요금 및 견적,공항 픽업이 무료인가?,아니요.,액티벤처:90156
요금 및 견적,신혼여행 숙소는 어떻게 예약하려고 해?,여행사 패키지,액티벤처:90168
요금 및 견적,신혼여행 항공편을 예약한 사람은 누구야?,신랑,액티벤처:90168
요금 및 견적,조식이 숙박료에 포함되어 있나요?,아니요.,액티벤처:90171
요금 및 견적,예약 취소나 환불이 가능해?,아니.,액티벤처:90164
상품예약 및 결제,모든 객실 요금에 조식이 포함되어 있나요?,네.,액티벤처:90167
요금 및 견적,세가라 오션뷰룸도 프로모션 요금이 적용되나요?,아니요.,액티벤처:90162
요금 및 견적,호텔에서 무료로 제공하는 특전은 무엇인가?,"탈라소테라피 풀, 맥주 또는 음료",액티벤처:90172
요금 및 견적,3박 이상 예약 시 어떤 서비스를 제공받나요?,무료 공항픽업,액티벤처:90157
요금 및 견적,W 발리 호텔 예약은 전체 기간 동일 시즌으로 계산되나?,아니요.,액티벤처:90177
상품예약 및 결제,아디와나 비스마 호텔은 허니문 베네핏을 제공하나?,네.,액티벤처:90174
상품예약 및 결제,리조트 예약에 필요한 정보는 어떻게 보내야 하나요?,이메일로,액티벤처:90169
요금 및 견적,공항 픽업 서비스에 별도 조건이 있나?,아니요.,액티벤처:90170
요금 및 견적,림바 호텔의 2 Bedroom Resort View Room 가격이 아야나 리조트보다 저렴한가요?,아니요.,액티벤처:90175
요금 및 견적,골프장 예약은 어떻게 진행되었나요?,이른 오전 시간대 예약,액티벤처:90181
요금 및 견적,파드마우붓 예약에서 무엇을 선택하려고 해?,프리미어 오버사이즈 트윈룸,액티벤처:90170
요금 및 견적,안다즈 호텔 6세 이상 어린이 두 명과 입실하려면 시그니처룸만 이용 가능한거야?,"아니, 안다즈 스위트룸도 이용할 수 있어.",액티벤처:90177
요금 및 견적,3박 이상 예약하면 무료 혜택이 있나요?,네.,액티벤처:90176
요금 및 견적,물리아 호텔의 공항 픽업 서비스는 어떻게 받을 수 있나?,첫 숙소 예약으로 가능,액티벤처:90180
요금 및 견적,호텔 예약 정보는 어떻게 보내야 하나요?,이메일로,액티벤처:90176
상품예약 및 결제,호텔 방 2개를 어떻게 나눌 수 있나요?,2박씩 나누기,액티벤처:90190
요금 및 견적,아디와나 리조트 예약이 가능한가?,아니요.,액티벤처:90179
요금 및 견적,공항 픽업은 어떻게 제공되나요?,무료 1회 제공,액티벤처:90171
상품예약 및 결제,추가 요금 결제는 어떻게 하는 것이 좋나요?,미리 결제,액티벤처:90178
상품예약 및 결제,발리 우붓 지역 투어는 어떤 차량으로 진행되나요?,도요타 하이에이스,액티벤처:90186
요금 및 견적,물리아 호텔은 현재 얼리버드 할인 프로모션을 진행하고 있나?,예.,액티벤처:90180
요금 및 견적,물리아 빌라에서 숙박 옵션은 어떻게 구성되어 있나요?,2베드룸 2개 또는 2베드룸 1개와 1베드룸 1개,액티벤처:90173
요금 및 견적,더물리아 Royal Suite Ocean Court 객실은 어떻게 예약할 수 있나요?,아동 2인과 함께 입실,액티벤처:90183
상품예약 및 결제,오늘 기준으로 객실 예약이 가능한가요?,네.,액티벤처:90182
상품예약 및 결제,도요타 하이에이스 이용 시간은 몇 시간을 기준으로 하나요?,10시간,액티벤처:90186
상품예약 및 결제,3박 미만 예약 시 공항픽업 서비스를 받을 수 있나요?,아니요.,액티벤처:90185
요금 및 견적,더물리아 호텔 예약은 어떻게 진행하나요?,이메일로 정보 전송,액티벤처:90188
요금 및 견적,림바 호텔 3박 이상 예약 시 공항 픽업이 무료야?,응.,액티벤처:90194
요금 및 견적,공항에서 리조트로 이동할 때 어떤 서비스를 제공받을 수 있어?,픽업 서비스,액티벤처:90191
상품예약 및 결제,발리 여행 예약을 위해 이메일로 보내야 할 정보가 있나요?,네.,액티벤처:90186
상품예약 및 결제,공항과 호텔 사이 픽업 서비스를 원하나요?,네.,액티벤처:90184
상품예약 및 결제,공항에서 호텔까지 픽업 서비스가 가능한가요?,네.,액티벤처:90190
요금 및 견적,Deluxe Room 가격에 조식이 포함되어 있지 않나요?,아니요.,액티벤처:90192
요금 및 견적,호텔 예약 시 조식이 포함되어 있나요?,네.,액티벤처:90215
요금 및 견적,마라리버 호텔에서 사파리 무료입장 혜택이 있나?,네.,액티벤처:90198
요금 및 견적,이 여행 예약의 대상 인원은 어떻게 되지?,"성인 2명, 9세 어린이 1명",액티벤처:90194
요금 및 견적,림바짐바란 리조트에 객실 예약이 가능한가요?,아니요.,액티벤처:90193
요금 및 견적,15세 이상 투숙객은 어떻게 계산되나요?,성인으로 간주,액티벤처:90192
상품예약 및 결제,더웨스턴우붓 호텔에서 미니바 무료 혜택이 있나요?,"네, 있어요.",액티벤처:90202
요금 및 견적,림바 호텔 예약 시 공항 픽업 서비스가 모든 예약에 포함되나?,아니요.,액티벤처:90197
요금 및 견적,리조트 예약 시 필요한 정보는 어떻게 제출하나요?,이메일로 제출,액티벤처:90210
요금 및 견적,4인 가족이 호텔에서 숙박할 때 어떻게 객실을 예약할 수 있나요?,이메일로 신청,액티벤처:90196
요금 및 견적,호텔 예약 시 제공되는 무료 서비스는 무엇인가?,트랜스퍼,액티벤처:90205
상품예약 및 결제,호텔들의 허니문 특전이 있나요?,네.,액티벤처:90199
요금 및 견적,더물리아 2박 패키지에 특별한 혜택이 있나요?,네.,액티벤처:90188
"일반문의(여행준비, 인터넷, 교통, 안전 등)",물리아 리조트 패키지는 얼마인가요?,5박 $2365,액티벤처:90200
요금 및 견적,만 5세 아동은 호텔 숙박 시 추가 비용이 발생하나요?,아니요.,액티벤처:90196
요금 및 견적,모든 날짜에 체크아웃이 가능한가요?,아니요.,액티벤처:90183
"일반문의(여행준비, 인터넷, 교통, 안전 등)",세가라 리조트의 모든 객실이 예약 가능한가요?,아니요.,액티벤처:90200
요금 및 견적,리조트 간 이동은 어떻게 할 수 있나요?,$30 지불,액티벤처:90208
요금 및 견적,마라리버 호텔의 아동 추가비용은 얼마야?,$55/박,액티벤처:90198
"일반문의(여행준비, 인터넷, 교통, 안전 등)",W호텔 식사는 무료로 변경 가능한가?,아니요.,액티벤처:90232
"일반문의(여행준비, 인터넷, 교통, 안전 등)",아야나 호텔의 특전으로 무엇을 제공하나요?,"탈라소테라피 풀, 맥주/음료",액티벤처:90201
요금 및 견적,아동 조식 비용은 어떻게 계산되나요?,연령별 차등 적용,액티벤처:90193
"일반문의(여행준비, 인터넷, 교통, 안전 등)",더물리아 호텔에서 특전으로 식사를 제공하나요?,네.,액티벤처:90201
요금 및 견적,누사두아 더물리아 호텔에서 엑스트라베드를 추가할 수 있나?,아니요.,액티벤처:90191
요금 및 견적,4박 미만 예약 시 프라이빗 요가와 마사지가 제공되나?,아니요.,액티벤처:90205
상품예약 및 결제,아야나 호텔 대신 다른 호텔로 대체할 수 있나요?,네.,액티벤처:90204
요금 및 견적,항공권을 리조트와 함께 구매할 수 있나요?,아니요.,액티벤처:90210
요금 및 견적,예약에 필요한 정보는 어떻게 보내야 해?,이메일로 전송,액티벤처:90206
요금 및 견적,호텔 예약은 어떻게 진행해야 해?,이메일로 정보 전송,액티벤처:90194
요금 및 견적,하드락 리조트는 3박 이상 예약 시 무료 공항 픽업 서비스를 제공하나요?,네.,액티벤처:90207
요금 및 견적,모든 객실에 조식이 포함되어 있나요?,네.,액티벤처:90203
요금 및 견적,2박 예약 시 무료로 제공되는 혜택은 무엇인가?,런치 단품 2인 1회,액티벤처:90212
요금 및 견적,호텔 예약 시 베드 타입은 어떻게 확인할 수 있나요?,요청은 가능하나 보장 어려움,액티벤처:90215
요금 및 견적,패스트트랙 서비스를 제공하나요?,아니요.,액티벤처:90208
요금 및 견적,얼스위트 가든뷰 객실은 예약 가능한가?,아니요.,액티벤처:90214
상품예약 및 결제,더웨스턴우붓 호텔 예약은 어떻게 진행하나요?,객실 2개로 입실,액티벤처:90202
요금 및 견적,3박 예약 시 디럭스룸에서 주니어 스위트로 무료 업그레이드가 가능한가?,아니요.,액티벤처:90212
요금 및 견적,콘래드 호텔 예약은 어떻게 신청하나요?,이메일로 신청,액티벤처:90229
요금 및 견적,더물리아 호텔에서 성인 3명이 함께 입실할 수 있나요?,아니요.,액티벤처:90235
요금 및 견적,3박 이상 예약 시 공항 픽업 서비스를 제공하나요?,네.,액티벤처:90221
요금 및 견적,아동 요금은 어떻게 책정되나?,연령별 차등,액티벤처:90213
상품예약 및 결제,파드마 우붓 객실은 예약 가능한가요?,아니요.,액티벤처:90216
요금 및 견적,하드락 호텔에 현재 객실이 있나요?,아니요.,액티벤처:90206
요금 및 견적,객실 베드 타입은 요청할 수 있어?,응.,액티벤처:90213
요금 및 견적,아동 조식은 모든 연령대에 무료인가요?,아니요.,액티벤처:90218
상품예약 및 결제,비세사 우붓 객실은 어떻게 예약 혜택을 받을 수 있나요?,3박 이상 예약,액티벤처:90216
상품예약 및 결제,투어 후 다음 호텔로 이동이 가능한가요?,"네, 가능해요.",액티벤처:90225
요금 및 견적,누사두아 캠핀스키 호텔은 공항 픽업 서비스가 있나요?,네.,액티벤처:90254
요금 및 견적,마야 사누르 객실의 침대는 어떻게 배치할 수 있어?,Twin 또는 King 선택 가능,액티벤처:90221
요금 및 견적,무료 공항 픽업 서비스는 어떻게 받을 수 있나요?,3박 이상 예약 시,액티벤처:90218
상품예약 및 결제,12시 체크아웃 후에도 호텔 시설 이용이 가능한가요?,네.,액티벤처:90219
상품예약 및 결제,물리아 호텔에서 프로모션을 제공하나요?,네.,액티벤처:90238
요금 및 견적,아동 조식은 무료로 제공되나요?,아니요.,액티벤처:90227
상품예약 및 결제,공항 픽업 서비스는 어떻게 받을 수 있나요?,3박 이상 예약 시,액티벤처:90223
요금 및 견적,3박 이상 예약 시 무료 공항 픽업 혜택이 있나요?,네.,액티벤처:90217
요금 및 견적,르네상스 울루와뚜에 엑스트라 베드를 추가하나요?,아니요.,액티벤처:90220
요금 및 견적,파드마 리조트 우붓에서 어린이 추가비용이 발생하나요?,아니요.,액티벤처:90222
요금 및 견적,아동의 숙박은 어떻게 처리되나요?,베드쉐어,액티벤처:90227
상품예약 및 결제,더물리아와 리츠칼튼에 어른 2명과 아이 3명이 입실 가능한가?,아니요.,액티벤처:90224
상품예약 및 결제,Umana Bali 리조트에서 숙박 시 제공되는 특전은 뭐야?,"2인 런치·디너 세트, 조식",액티벤처:90219
상품예약 및 결제,데이크루즈는 어떤 방식으로 진행되나요?,하루 일정으로 진행,액티벤처:90225
요금 및 견적,캠핀스키 호텔 예약 시 무료로 제공되는 서비스는 어떻게 받을 수 있나요?,3박 이상 예약,액티벤처:90235
상품예약 및 결제,클럽룸 예약 시 클럽라운지 이용이 가능한가요?,네.,액티벤처:90223
요금 및 견적,호텔에서 진행하는 연말 이벤트는 무엇인가요?,의무 디너,액티벤처:90222
상품예약 및 결제,객실은 어떤 방식으로 예약할 수 있어?,2명씩 나눔,액티벤처:90226
요금 및 견적,바이스로이 호텔은 현재 예약 가능한가요?,아니요.,액티벤처:90228
요금 및 견적,발리 신혼여행 SNS 명소는 어떻게 다녀올 수 있어?,당일치기 투어로,액티벤처:90233
상품예약 및 결제,하드락 호텔에 예약이 가능한가?,아니요.,액티벤처:90226
요금 및 견적,3박 이상 예약하면 공항 픽업 서비스를 받을 수 있어?,응.,액티벤처:90237
요금 및 견적,물리아 기본룸에 소파배드가 있나요?,아니요.,액티벤처:90243
요금 및 견적,발리 여행에서 마사지 예약이 가능해?,응.,액티벤처:90233
요금 및 견적,아동 2명이 모두 성인으로 간주되나요?,아니요.,액티벤처:90230
요금 및 견적,멜리아 호텔의 올인클루시브는 전체 투숙일에 모두 이용해야 하나요?,네.,액티벤처:90229
요금 및 견적,3박 이상 예약 시 공항 픽업 서비스가 무료로 제공되나요?,네.,액티벤처:90234
요금 및 견적,더물리아 호텔에 3+1박 무료 혜택이 있나요?,네.,액티벤처:90231
요금 및 견적,발리 여행 예약은 어떻게 진행하나요?,이메일로 정보 전송,액티벤처:90243
요금 및 견적,길리섬 숙소 예약은 어떻게 할 수 있나요?,이메일로 정보 전송,액티벤처:90228
요금 및 견적,레이트 체크아웃은 어떻게 이용할 수 있나요?,1박 추가 비용 지불,액티벤처:90231
요금 및 견적,골프 예약 시 4인 미만인 경우 누구와 함께 조인될 수 있나요?,다른 골퍼들,액티벤처:90251
상품예약 및 결제,물리아 1배드룸 빌라에 아동 2인이 함께 묵을 수 있나요?,아니요.,액티벤처:90240
요금 및 견적,예약 시 정보는 어떻게 보내야 하나?,이메일로,액티벤처:90237
상품예약 및 결제,3박 이상 예약 시 공항 픽업 서비스가 무료인가요?,네.,액티벤처:90239
요금 및 견적,만 3세 유아 2명 모두 무료 투숙이 가능한가?,아니요.,액티벤처:90241
상품예약 및 결제,아야나 호텔에서 9세 미만 아동 입실이 가능한가?,아니요.,액티벤처:90247
요금 및 견적,우붓 시내투어에서 추가로 이용할 수 있는 것은 무엇인가요?,렌트카와 가이드,액티벤처:90242
요금 및 견적,모벤픽 예약은 어떻게 진행하면 돼?,이메일로 정보 전송,액티벤처:90241
요금 및 견적,모든 호텔 요금에 조식과 세금이 포함되어 있나요?,네.,액티벤처:90236
상품예약 및 결제,호텔에서 관광은 어떻게 하면 좋을까?,우붓 경유,액티벤처:90238
요금 및 견적,6세 아동의 조식 요금은 얼마인가요?,$20,액티벤처:90246
상품예약 및 결제,물리아리조트 패키지에 아동 조식이 포함되어 있나요?,네.,액티벤처:90248
요금 및 견적,3박 이상 예약 시 F&B 크레딧이 제공되나요?,네.,액티벤처:90246
요금 및 견적,얼리버드 할인과 4박 시 1박 무료 혜택을 동시에 받을 수 있나요?,아니요.,액티벤처:90245
요금 및 견적,마야사누르와 마야우붓 호텔 예약은 어떻게 진행하나요?,이메일로 정보 전송,액티벤처:90245
상품예약 및 결제,공항 픽업 서비스는 어떻게 신청하나요?,사전 예약,액티벤처:90239
요금 및 견적,아동 무료 투숙이 가능한가요?,네.,액티벤처:90244
상품예약 및 결제,전체 여행 비용에 조식과 세금이 포함되어 있나요?,네.,액티벤처:90258
상품예약 및 결제,호텔 예약 시 성인으로 간주되는 아동의 나이는 몇 세야?,만 12세,액티벤처:90256
상품예약 및 결제,디럭스 샬렛과 가든 클럽 샬렛은 가격이 같나요?,아니요.,액티벤처:90255
상품예약 및 결제,인디고 스미냑 호텔에 디파쳐 라운지가 있나요?,네.,액티벤처:90260
요금 및 견적,발리 여행 예약을 진행하고 싶나요?,네.,액티벤처:90250
상품예약 및 결제,물리아리조트 패키지는 어떻게 구성되어 있나요?,그랜저 2대와 로얄스위트,액티벤처:90248
요금 및 견적,렌트카는 어떻게 예약하나요?,현지 렌트카 업체 통해,액티벤처:90253
요금 및 견적,골프 그린피에 차량 서비스와 캐디팁이 포함되어 있나요?,아니요.,액티벤처:90251
요금 및 견적,골프 예약은 어떻게 진행되나요?,1인 예약 가능,액티벤처:90251
"일반문의(여행준비, 인터넷, 교통, 안전 등)",스미냑과 캉구 지역의 호텔들은 한 객실에 투숙이 가능한가?,네.,액티벤처:90252
요금 및 견적,아야나 세가라 숙소에 아동 2명 모두 엑스트라 베드를 추가했나?,아니요.,액티벤처:90261
요금 및 견적,발리 물리아 리조트 하프보드는 어떻게 추가할 수 있나요?,성인 1인당 하루 $48 추가,액티벤처:90250
요금 및 견적,한국어 가이드 포함된 렌트카 비용이 기본 요금인가요?,아니요.,액티벤처:90253
상품예약 및 결제,호텔 예약은 어떻게 시작하나요?,이메일 전송,액티벤처:90258
요금 및 견적,더물리아 숙소의 4박 패키지 가격은 얼마인가?,$1443,액티벤처:90261
상품예약 및 결제,비행기 편은 어떻게 예약되었어?,"17:50 출발, 01:10 도착",액티벤처:90264
상품예약 및 결제,스파크레딧은 나누어 사용할 수 있나요?,아니요.,액티벤처:90267
요금 및 견적,안바야 리조트에서 성인 2명과 아동 2명으로 1번 객실 예약이 가능한가?,아니요.,액티벤처:90259
상품예약 및 결제,모벤픽 짐바란 호텔의 4박 총 가격은 얼마야?,932불,액티벤처:90256
상품예약 및 결제,조식과 세금이 요금에 포함되어 있나요?,네.,액티벤처:90273
요금 및 견적,파드마 우붓 호텔 3박 이상 예약 시 공항 픽업 서비스가 무료로 제공되나?,네.,액티벤처:90277
요금 및 견적,The Mulia 호텔 패키지에 런치 서비스가 포함되어 있나요?,네.,액티벤처:90266
상품예약 및 결제,여행에 함께 가는 가족 구성원은 어떻게 되지?,"성인 2명, 13세 아이",액티벤처:90264
상품예약 및 결제,G20 행사로 인해 예약이 불가능한 호텔은 뭐야?,그랜드하얏트,액티벤처:90260
상품예약 및 결제,가든 클럽 샬렛의 예약은 어떻게 진행하나요?,이메일로 정보 전송,액티벤처:90255
요금 및 견적,2박 + 2박 조합의 숙박을 추천하나요?,아니요.,액티벤처:90257
상품예약 및 결제,물리아 가든뷰 빌라의 요금 $1669은 몇 박에 대한 요금이야?,3박,액티벤처:90265
상품예약 및 결제,르네상스 누사두아에서 소파베드 추가가 가능해?,응.,액티벤처:90264
상품예약 및 결제,가족 여행 예약은 어떻게 진행해야 해?,이메일로 정보 전송,액티벤처:90263
상품예약 및 결제,마일리지로 좌석 승격이 가능해?,아니.,액티벤처:90263
요금 및 견적,공항 드랍으로 변경 가능한가?,네.,액티벤처:90269
상품예약 및 결제,인디고 스미냑 호텔의 트윈베드는 어떻게 요청하나요?,예약 시 요청,액티벤처:90260
요금 및 견적,공항 픽업 서비스는 어떻게 진행되나요?,조인 픽업 방식,액티벤처:90278
상품예약 및 결제,물리아 패밀리빌라 예약 시 얼마나 할인받을 수 있나요?,8% 추가 할인,액티벤처:90262
요금 및 견적,아난타라 울루와뚜 패키지에 포함된 특전은 무엇인가?,"디너, 런치, 마사지",액티벤처:90275
요금 및 견적,여행에 함께 가는 아동의 나이는 몇 세인가?,만 7세,액티벤처:90261
요금 및 견적,비수기 시즌에 체크인 15일 이전 취소가 가능한가요?,네.,액티벤처:90268
상품예약 및 결제,예약 진행에 필요한 정보는 뭐가 있나요?,"성함, 연락처, 그리고 예약 날짜가 필요해.",액티벤처:90279
요금 및 견적,발리 여행에 함께 가는 자녀들의 학년은?,"초등 5, 3학년",액티벤처:90276
상품예약 및 결제,결제는 어떻게 할 수 있나요?,카드 결제,액티벤처:90270
상품예약 및 결제,공항 픽업 서비스는 어떻게 이루어지나요?,다른 손님과 조인,액티벤처:90273
요금 및 견적,기본 차량에 탑승 가능한 인원은 어떻게 되지?,성인 3명과 어린이 1명,액티벤처:90285
요금 및 견적,발리 여행에서 렌트카는 어떻게 이용할 수 있나요?,도요타 하이에이스 차량,액티벤처:90283
상품예약 및 결제,세인트레지스 2베드룸 라군빌라는 어떻게 예약할 수 있나요?,이메일로 정보 전송,액티벤처:90274
요금 및 견적,4박 예약 시 올인클루시브 하루가 무료로 포함되나요?,네.,액티벤처:90272
상품예약 및 결제,물리아 빌라스 프로모션에서 무엇을 제공받나요?,보너스 나잇,액티벤처:90267
상품예약 및 결제,클럽 라운지 이브닝 칵테일 시간에 입장할 수 없는 사람은 누구인가요?,13세 미만 아동,액티벤처:90255
요금 및 견적,사마베 호텔 예약을 진행하려면 어떻게 해야 하나요?,여권 정보 이메일 전송,액티벤처:90272
상품예약 및 결제,사마베 호텔에서 골프장 셔틀을 무료로 이용할 수 있나?,네.,액티벤처:90271
요금 및 견적,그랜드 하얏트 예약 시 얼마의 객실 요금이 책정되나?,$145,액티벤처:90276
요금 및 견적,공항 픽업 서비스는 어떻게 제공되나요?,3박 이상 무료 조인 서비스,액티벤처:90268
상품예약 및 결제,객실 예약을 위해 보내야 할 정보에 포함된 사람은 누구야?,예약자,액티벤처:90273
요금 및 견적,파드마 우붓 호텔 예약 시 제출해야 할 주요 정보는 뭐라고 해?,여권 영문 이름과 생년월일,액티벤처:90277
요금 및 견적,현재 예약 가능한 객실은 무엇인가?,더 얼 스위트,액티벤처:90269
상품예약 및 결제,발리 여행 상담에서 무료 공항 픽업 서비스를 제공하는 사람은 누구인가요?,호텔 측,액티벤처:90280
요금 및 견적,호텔 예약 시 계약금은 얼마를 입금해야 하나요?,30만 원,액티벤처:90266
상품예약 및 결제,신한카드로 결제 시 무이자 할부가 가능한가요?,아니요.,액티벤처:90270
상품예약 및 결제,예약 시 이메일로 보내야 할 정보는 무엇인가?,"영문 이름, 생년월일 앞 6자리, 픽업 정보",액티벤처:90282
상품예약 및 결제,클리프타워 객실은 아동 2명이 모두 숙박 가능한가요?,아니요.,액티벤처:90280
요금 및 견적,그랜드 하얏트 예약 시 무료 취소가 가능한가?,아니요.,액티벤처:90276
요금 및 견적,호텔 예약 시 카드 결제가 가능한가요?,네.,액티벤처:90287
요금 및 견적,사마베 호텔의 무료 공항 픽업 서비스는 누구에게 제공되나요?,3박 이상 예약자,액티벤처:90272
상품예약 및 결제,발리 여행에서 아동 2명이 숙박할 수 있는 객실은 어떻게 예약하나요?,디럭스 패밀리룸으로,액티벤처:90280
상품예약 및 결제,포시즌 사이안에서 4박 시 저녁 식사 2회를 받을 수 있어?,아니.,액티벤처:90281
요금 및 견적,18시 이후 레이트 체크아웃이 무료로 가능한가?,아니요.,액티벤처:90275
상품예약 및 결제,노보텔 호텔 예약이 가능한가요?,아니요.,액티벤처:90262
상품예약 및 결제,호텔 간 이동은 어떻게 할 수 있어?,단독 차량으로 $37에 가능,액티벤처:90281
상품예약 및 결제,리조트 결제는 어떻게 할 수 있나요?,원화/외화 계좌,액티벤처:90305
요금 및 견적,림바 짐바란과 파드마 르기안 호텔은 만 13세 자녀와 함께 숙박이 가능한가?,아니요.,액티벤처:90284
요금 및 견적,3박 이상 예약 시 공항에서 숙소까지 무료 픽업이 가능한가?,네.,액티벤처:90285
상품예약 및 결제,신한카드로 결제 시 무이자 할부가 가능한가?,아니요.,액티벤처:90282
요금 및 견적,아야나 리조트와 아야나 세가라 리조트의 숙박 요금은 동일한가요?,아니요.,액티벤처:90288
요금 및 견적,호텔 간 이동 시 차량 요금은 어떻게 달라지나?,"위치, 인원, 짐에 따라 다름",액티벤처:90285
요금 및 견적,호텔 결제는 어떻게 할 수 있어?,달러 환율 적용 입금,액티벤처:90286
상품예약 및 결제,안다즈 리조트 예약 시 특전이 있나요?,네.,액티벤처:90299
요금 및 견적,3박 이상 예약 시 공항 픽업 서비스가 제공되나요?,네.,액티벤처:90306
요금 및 견적,3박 이상 예약 시 공항 픽업 서비스가 무료인가요?,네.,액티벤처:90293
요금 및 견적,호텔 예약을 원하는 여행 인원은 누구야?,"성인 2명, 어린이 1명, 유아 1명",액티벤처:90286
요금 및 견적,더블식스 호텔 결제는 어떻게 할 수 있어?,미국 달러로,액티벤처:90308
상품예약 및 결제,파드마 우붓 리조트 공항 픽업 서비스는 어떻게 받을 수 있나요?,이메일로 정보 전송,액티벤처:90290
요금 및 견적,발리 여행 예약을 진행하시겠습니까?,네.,액티벤처:90283
요금 및 견적,가족 4명이 숙박할 때 객실 배치는 어떻게 하나요?,트윈베드나 더블베드,액티벤처:90288
상품예약 및 결제,카드 결제 시 무이자 할부가 가능한 카드가 있니?,응.,액티벤처:90289
요금 및 견적,카드 결제는 모든 카드로 가능해?,아니.,액티벤처:90286
요금 및 견적,카드 결제 시 무이자 할부는 어떻게 적용되나?,카드별 3~5개월,액티벤처:90307
상품예약 및 결제,호텔 예약 시 결제는 어떻게 할 수 있나요?,현금 또는 카드 결제,액티벤처:90295
상품예약 및 결제,무료 공항 픽업 서비스를 받을 수 있는 사람은 누구인가요?,3박 이상 예약자,액티벤처:90290
요금 및 견적,공항 픽업 서비스가 모든 지역에서 무료인가?,아니요.,액티벤처:90294
요금 및 견적,공항 픽업은 어떻게 제공되나요?,조인 가능,액티벤처:90291
요금 및 견적,호텔 예약을 위해 어떻게 정보를 제출해야 하나요?,이메일로 제출,액티벤처:90309
상품예약 및 결제,현대카드로 결제 시 무이자 할부가 가능한가요?,네.,액티벤처:90295
요금 및 견적,카자네무아 다누맨션 예약은 어떻게 결제하나요?,원화 또는 외화 계좌,액티벤처:90298
요금 및 견적,모든 객실에서 무료 공항 픽업 서비스가 제공되나요?,아니요.,액티벤처:90278
요금 및 견적,물리아 호텔 예약 시 조식이 포함되어 있나요?,네.,액티벤처:90291
요금 및 견적,신한카드로 결제 시 무이자 혜택이 있나요?,아니요.,액티벤처:90296
상품예약 및 결제,모든 신용카드로 결제가 가능한가요?,아니요.,액티벤처:90290
상품예약 및 결제,공항 픽업 서비스는 누구에게 제공되나요?,3박 이상 예약 고객,액티벤처:90295
상품예약 및 결제,안다즈 리조트 예약은 어떻게 진행하나요?,정보 전달,액티벤처:90299
상품예약 및 결제,신한카드로 결제 시 무이자 혜택이 있나요?,아니요.,액티벤처:90305
상품예약 및 결제,신한카드는 무이자 할부가 가능한가요?,아니요.,액티벤처:90297
요금 및 견적,공항 픽업 서비스를 받을 수 있는 사람은 누구인가요?,3박 이상 예약 고객,액티벤처:90298
상품예약 및 결제,공항 픽업 서비스는 어떻게 예약하나요?,항공편명 전달,액티벤처:90297
상품예약 및 결제,호텔 결제는 어떻게 할 수 있나요?,카드로 결제,액티벤처:90301
요금 및 견적,5+1 & 얼리버드 할인을 받을 수 있나요?,네.,액티벤처:90304
요금 및 견적,카자네무아 다누맨션 예약 시 엑스트라베드를 무료로 제공하나요?,아니요.,액티벤처:90298
요금 및 견적,체크인 15일 이전 예약 취소는 가능한가요?,네.,액티벤처:90309
요금 및 견적,리조트 예약 시 제공되는 서비스는 뭐야?,"중식, 미니바, 라운지",액티벤처:90310
상품예약 및 결제,모든 카드로 결제가 가능한가?,아니요.,액티벤처:90300
요금 및 견적,카드 결제 시 추가되는 비용은 어떻게 계산되나요?,2.5% 카드 수수료,액티벤처:90303
요금 및 견적,물리아리조트 예약 기간은 어떻게 되지?,6박 일정,액티벤처:90304
요금 및 견적,호텔 예약 시 결제 가능한 카드는 무엇인가요?,"국민, 현대, 삼성, 신한카드",액티벤처:90306
예약변경 및 취소,호텔에서 소파베드를 사전에 확정해줄 수 있나?,아니요.,액티벤처:90302
요금 및 견적,호텔 예약 시 무료로 제공되는 서비스는 무엇인가요?,공항 픽업,액티벤처:90304
요금 및 견적,물리아리조트 예약이 가능한가?,아니요.,액티벤처:90308
요금 및 견적,비수기 시즌 예약은 15일 이전 취소 시 호텔 패널티 없이 취소 가능해?,응.,액티벤처:90307
상품예약 및 결제,예약 완료 후 추가 서비스를 받을 수 있어?,응.,액티벤처:90316
요금 및 견적,14세 어린이는 성인 요금으로 계산되나?,아니요.,액티벤처:90310
요금 및 견적,호텔 예약 시 할인은 어떻게 적용되나요?,50일 전 15%,액티벤처:90311
요금 및 견적,모든 신용카드로 결제가 가능한가요?,아니요.,액티벤처:90311
요금 및 견적,애프터눈티를 제공받을 수 있는 대상은 누구야?,성인 2인,액티벤처:90315
상품예약 및 결제,호텔 결제는 어떻게 할 수 있어?,현금 또는 카드,액티벤처:90316
요금 및 견적,파드마우붓 호텔 프리미어룸에서 디럭스룸으로 업그레이드하는 방법은?,객실 가용 시 무료,액티벤처:90315
상품예약 및 결제,신한카드로 결제 시 무이자 할부 혜택이 있나요?,아니요.,액티벤처:90317
상품예약 및 결제,멜리아 발리 예약 시 카드 결제가 가능한가요?,네.,액티벤처:90326
요금 및 견적,공항 픽업은 어떻게 진행되나요?,조인 픽업,액티벤처:90328
상품예약 및 결제,결제는 어떤 방식으로 할 수 있나요?,"원화, 외화 계좌",액티벤처:90313
상품예약 및 결제,엑스트라 베드는 예약 시 추가할 수 있어?,응.,액티벤처:90312
상품예약 및 결제,무료 공항 픽업 서비스를 받을 수 있는 최소 숙박 기간은 어떻게 되지?,3박 이상,액티벤처:90312
상품예약 및 결제,예약 시 필요한 주요 정보는 무엇을 준비해야 해?,여권 영문 이름과 생년월일,액티벤처:90312
요금 및 견적,3박 이상 예약 시 공항 픽업 서비스를 받을 수 있나요?,네.,액티벤처:90314
상품예약 및 결제,비수기 시즌에 체크인 15일 이내 취소 시 패널티가 없나요?,아니요.,액티벤처:90313
요금 및 견적,카드 결제 시 무이자 할부는 어떻게 진행되나요?,"현대 3개월, 삼성 5개월",액티벤처:90318
요금 및 견적,모든 카드로 결제가 가능한가?,아니요.,액티벤처:90321
상품예약 및 결제,더 카욘 정글리조트 예약은 어떻게 진행하면 되나요?,이메일로 정보 전송,액티벤처:90320
상품예약 및 결제,3박 이상 예약 시 공항 픽업 서비스가 무료로 제공되나요?,네.,액티벤처:90320
요금 및 견적,카드 결제 시 몇 퍼센트의 수수료가 추가되지?,2.5%,액티벤처:90321
상품예약 및 결제,공항 픽업 서비스는 3박 이상 예약 시 무료로 제공되나?,네.,액티벤처:90322
요금 및 견적,공항 픽업 서비스는 모든 예약에 제공되나요?,아니요.,액티벤처:90315
요금 및 견적,발리 여행 예약 시 공항 픽업은 어떻게 제공되나요?,무료 1회 조인 서비스,액티벤처:90325
요금 및 견적,호텔 예약 취소 시 패널티가 없나요?,아니요.,액티벤처:90323
상품예약 및 결제,공항 픽업 서비스는 누구와 함께 이용할 수 있나요?,"같은 항공, 같은 지역 호텔 손님",액티벤처:90320
요금 및 견적,호텔 결제는 어떻게 할 수 있나요?,현금 또는 카드,액티벤처:90323
상품예약 및 결제,멜리아 발리 예약은 어떻게 시작할 수 있나요?,이메일로 정보 전송,액티벤처:90326
요금 및 견적,3박 이상 예약 시 무료 공항 픽업 서비스를 받을 수 있나요?,네.,액티벤처:90324
요금 및 견적,예약 시 필요한 정보를 제공해야 하는 사람은 누구야?,예약자 전원,액티벤처:90331
요금 및 견적,여행 패키지의 총 요금은 어떻게 계산되나요?,2룸 총 $1900,액티벤처:90330
요금 및 견적,여행에 함께 가는 인원은 누구인가요?,성인 4명과 유아 1명,액티벤처:90330
요금 및 견적,3박 이상 예약 시 공항픽업 서비스가 제공되나요?,예.,액티벤처:90330
예약변경 및 취소,르네상스 발리 호텔 예약을 위해 이메일로 보내야 할 정보는 무엇인가?,영문 이름과 생년월일,액티벤처:90327
요금 및 견적,더 물리아 호텔의 공항 픽업 서비스는 어떻게 제공되나요?,무료 조인 서비스,액티벤처:90333
요금 및 견적,공항 픽업 서비스는 모든 예약에 무료로 제공되나요?,아니요.,액티벤처:90329
요금 및 견적,마사지 예약은 어떻게 할 수 있나요?,현장 예약 대행,액티벤처:90331
요금 및 견적,예약 시 필요한 정보는 무엇을 준비해야 해?,"여권 영문 이름, 생년월일",액티벤처:90337
요금 및 견적,공항 픽업 차량은 어떻게 운영되나요?,조인 픽업 방식,액티벤처:90338
요금 및 견적,카드 결제 시 모든 카드로 결제가 가능한가요?,아니요.,액티벤처:90333
상품예약 및 결제,예약은 어떻게 신청하나요?,이메일로 신청,액티벤처:90344
요금 및 견적,아야나 리조트 예약 시 조식이 포함되나요?,네.,액티벤처:90334
요금 및 견적,공항 픽업 서비스는 어떻게 받을 수 있나요?,3박 이상 예약,액티벤처:90336
상품예약 및 결제,공항 픽업 서비스는 모든 예약에 무료로 제공되나요?,아니요.,액티벤처:90335
요금 및 견적,공항 픽업 서비스는 어떻게 제공되나요?,3박 이상 무료,액티벤처:90334
요금 및 견적,하드록 발리 디럭스 프리미엄룸 예약 기간은 어떻게 되지?,3박,액티벤처:90339
상품예약 및 결제,체크인 15일 이내 취소 시 패널티가 없나요?,아니요.,액티벤처:90332
상품예약 및 결제,더물리아 빌라스 예약에 필요한 정보는 어떻게 보내야 하나요?,이메일로,액티벤처:90340
요금 및 견적,카드 결제 시 무이자 할부가 가능한가요?,네.,액티벤처:90336
요금 및 견적,조식과 세금이 숙박료에 포함되어 있나요?,네.,액티벤처:90338
상품예약 및 결제,더 로얄 산트리안 호텔은 현재 예약이 가능한가요?,아니요.,액티벤처:90340
요금 및 견적,현금 결제 시 수수료 2.5%가 추가되나?,아니요.,액티벤처:90337
요금 및 견적,공항 픽업 서비스를 받을 수 있는 예약 최소 기간은 몇 박인가요?,3박,액티벤처:90351
요금 및 견적,호텔에 4인 가족이 투숙할 수 있는 객실이 있나요?,네.,액티벤처:90341
요금 및 견적,파드마 우붓 호텔의 결제는 어떻게 할 수 있어?,카드 결제 가능,액티벤처:90343
예약변경 및 취소,조식이 숙박 요금에 포함되어 있어?,응.,액티벤처:90342
요금 및 견적,클럽룸에 숙박하면 클럽 베네핏을 이용할 수 있어?,응.,액티벤처:90343
요금 및 견적,신한카드는 무이자 혜택이 있나요?,아니요.,액티벤처:90348
요금 및 견적,호텔 객실 체크인 시 직접 객실을 확인하나요?,아니요.,액티벤처:90346
요금 및 견적,공항 픽업 서비스를 이용할 수 있는 사람은 누구야?,3박 이상 예약자,액티벤처:90343
요금 및 견적,리츠칼튼 발리 호텔의 공항 샌딩 서비스는 어떻게 제공되나요?,3박 이상 무료,액티벤처:90350
상품예약 및 결제,카드 결제 시 모든 카드로 결제할 수 있나요?,아니요.,액티벤처:90345
요금 및 견적,발리 여행 예약 시 결제는 어떻게 할 수 있어?,원화/외화 계좌 입금,액티벤처:90346
요금 및 견적,공항 픽업 서비스를 신청할 때 필요한 정보를 제공해야 하는 사람은 누구야?,예약자,액티벤처:90346
요금 및 견적,공항 픽업 서비스는 3박 이상 예약 시 무료인가?,네.,액티벤처:90347
요금 및 견적,환율은 어떻게 계산되나요?,실시간 환율,액티벤처:90348
요금 및 견적,파드마리조트 우붓에서 카드 결제가 가능한가?,네.,액티벤처:90349
예약변경 및 취소,호텔 예약을 어떻게 진행할 수 있어?,이메일로 정보 전송,액티벤처:90342
요금 및 견적,호텔 예약 시 결제는 어떻게 할 수 있나요?,카드로 결제,액티벤처:90358
요금 및 견적,커넥팅룸은 사전에 확정할 수 있나요?,아니요.,액티벤처:90354
요금 및 견적,모든 기간에 스카이 빌라 예약이 가능한가?,아니요.,액티벤처:90352
요금 및 견적,공항 픽업 서비스를 무료로 이용할 수 있는 최소 숙박 기간은 몇 박인가요?,3박,액티벤처:90356
요금 및 견적,1박 가능한 날짜가 있었어?,응.,액티벤처:90352
요금 및 견적,호텔 결제는 어떤 방법으로 할 수 있나요?,"원화, 외화 계좌",액티벤처:90351
요금 및 견적,허니문 2박 패키지에 포함된 특전은 뭐야?,로맨틱 디너와 와인,액티벤처:90352
상품예약 및 결제,공항 픽업 서비스를 제공하는 측은 누구야?,호텔,액티벤처:90361
상품예약 및 결제,여행 예약 시 결제는 어떻게 하나요?,원화 계좌 입금,액티벤처:90361
요금 및 견적,공항 픽업 서비스는 누구와 함께 이용할 수 있나요?,다른 손님과 조인,액티벤처:90355
요금 및 견적,래이트 체크아웃은 어떤 방식으로 요금이 책정되나요?,6시 기준 50%,액티벤처:90356
요금 및 견적,신한카드로 결제 시 무이자 할부가 가능한가요?,아니요.,액티벤처:90358
상품예약 및 결제,아동은 부모와 함께 베드쉐어가 가능한가요?,네.,액티벤처:90357
요금 및 견적,호텔 특가요금에 다른 이벤트가 중복 적용되나요?,아니요.,액티벤처:90350
요금 및 견적,체크아웃 후에도 호텔 시설을 이용할 수 있나요?,네.,액티벤처:90355
요금 및 견적,15일 이내 취소 시 호텔 패널티 없이 취소할 수 있나요?,아니요.,액티벤처:90356
요금 및 견적,공항 픽업 서비스는 어떻게 신청하나요?,이메일로 정보 전송,액티벤처:90360
상품예약 및 결제,공항 픽업 서비스는 어떻게 예약하나요?,예약 시 정보 전달,액티벤처:90353
요금 및 견적,마린파크는 워터파크가 아닌가요?,아니요.,액티벤처:90368
요금 및 견적,비수기 시즌 15일 이내 취소 시 호텔 패널티 없이 취소할 수 있나요?,아니요. 호텔 규정에 따라 패널티가 부과될 수 있습니다.,액티벤처:90360
상품예약 및 결제,호텔 예약 시 결제는 어떻게 할 수 있나요?,계좌 입금 또는 카드 결제,액티벤처:90365
요금 및 견적,소피텔 호텔 예약 시 무엇을 제공받나요?,조식,액티벤처:90364
요금 및 견적,달러를 원화로 계산하는 방법은 어떻게 되나요?,실시간 환율 적용,액티벤처:90363
요금 및 견적,마라리버 사파리는 어떻게 진행되나요?,지프차로 동물 관찰,액티벤처:90368
요금 및 견적,조식과 세금이 호텔 비용에 포함되어 있나요?,네.,액티벤처:90369
요금 및 견적,호텔 예약 시 보내야 할 개인정보는 누구의 것인가요?,예약자 본인,액티벤처:90366
요금 및 견적,호텔 예약 시 개인정보는 어떻게 보내야 하나요?,이메일로 전송,액티벤처:90366
상품예약 및 결제,현대카드로 무이자 할부 결제가 가능한가요?,네.,액티벤처:90365
요금 및 견적,스미냑 호텔 예약은 어떻게 진행할 수 있나요?,이메일로 정보 전송,액티벤처:90367
요금 및 견적,호텔 예약은 어떻게 진행할 수 있나요?,이메일로 여권 정보 전송,액티벤처:90369
요금 및 견적,로얄 스위트에 어린이 추가가 가능한가요?,아니요.,액티벤처:90367
요금 및 견적,만 5세 아동은 숙박비를 내야 하나요?,아니요.,액티벤처:90377
상품예약 및 결제,호텔 결제는 어떻게 할 수 있나요?,원화/외화 계좌 입금,액티벤처:90378
상품예약 및 결제,카드로 여행 상품 결제가 가능한가?,네.,액티벤처:90376
상품예약 및 결제,모든 호텔 예약에 무료 공항 픽업 서비스가 제공되나요?,아니요.,액티벤처:90375
요금 및 견적,공항 픽업 서비스를 무료로 받을 수 있는 사람은 누구야?,3박 이상 예약자,액티벤처:90377
요금 및 견적,여행사에서 객실 예약은 어떻게 진행하나요?,메일로 정보 전송,액티벤처:90373
상품예약 및 결제,호텔 예약을 어떻게 진행할 수 있나요?,이메일로 신청,액티벤처:90375
요금 및 견적,호텔 예약 시 공항 픽업 서비스는 어떻게 진행되나요?,조인 픽업 서비스,액티벤처:90371
요금 및 견적,두 객실 모두 현재 예약 가능한가요?,네.,액티벤처:90373
요금 및 견적,카드 결제 시 무이자 할부를 할 수 있는 카드는 어떻게 되나?,"현대 3개월, 삼성·국민 5개월",액티벤처:90377
요금 및 견적,호텔 결제 시 카드 수수료가 없나요?,아니요.,액티벤처:90372
상품예약 및 결제,인디고 발리 여행 결제는 어떻게 하나요?,원화 또는 외화 계좌,액티벤처:90379
상품예약 및 결제,공항 픽업 서비스는 무료가 아닌가요?,아니요.,액티벤처:90380
상품예약 및 결제,파드마 우붓 클럽룸 예약 기간은 어떻게 되지?,3박,액티벤처:90382
요금 및 견적,패밀리룸 예약이 가능한가?,아니요.,액티벤처:90381
요금 및 견적,호텔 결제는 어떻게 할 수 있어?,외화계좌 입금 또는 카드결제,액티벤처:90381
예약변경 및 취소,여행사 취소 수수료는 3만 원인가?,네.,액티벤처:90384
상품예약 및 결제,3박 이상 예약 시 공항 픽업 서비스가 무료인가?,네.,액티벤처:90382
상품예약 및 결제,카드 결제 시 수수료는 얼마인가요?,2.5% 추가,액티벤처:90383
상품예약 및 결제,예약 시 정보를 보내야 하는 사람은 누구인가요?,모든 예약자,액티벤처:90390
요금 및 견적,공항 픽업 서비스는 무료로 제공되나요?,네.,액티벤처:90392
상품예약 및 결제,공항 픽업 서비스를 제공하는 대상은 누구인가요?,3박 이상 예약 고객,액티벤처:90378
상품예약 및 결제,왕사 원베드 풀빌라는 예약 가능한가요?,네.,액티벤처:90400
상품예약 및 결제,현대카드로 무이자 할부가 가능한가요?,네.,액티벤처:90378
요금 및 견적,하얏트리젠시와 파드마르기안 호텔을 연속해서 예약할 수 있나요?,네.,액티벤처:90388
상품예약 및 결제,공항 픽업 서비스는 어떻게 제공되나요?,3박 이상 무료 제공,액티벤처:90390
상품예약 및 결제,아야나 리조트의 레이트 체크아웃은 무료인가요?,아니요.,액티벤처:90387
요금 및 견적,카드 결제 시 추가되는 수수료는 얼마인가요?,2.5% 수수료,액티벤처:90388
요금 및 견적,발리 여행 호텔 예약 시 결제는 어떻게 할 수 있어?,카드 결제,액티벤처:90386
요금 및 견적,발리 여행 호텔 예약 시 무이자 할부가 가능해?,응.,액티벤처:90386
요금 및 견적,발리 여행에서 공항 픽업 서비스를 함께 받을 수 있는 사람은 누구야?,"같은 항공, 같은 지역 호텔 손님",액티벤처:90386
요금 및 견적,패밀리스위트룸의 가격은 특가로 확정된 가격인가요?,아니요.,액티벤처:90385
상품예약 및 결제,공항 픽업 서비스는 모든 객실에 무료로 제공되나요?,아니요.,액티벤처:90401
요금 및 견적,카드 결제 시 모든 카드로 결제가 가능한가?,아니요.,액티벤처:90389
상품예약 및 결제,만다파 리츠칼튼 스위트 룸 2개를 예약할 수 있나요?,"네, 가능해요.",액티벤처:90390
요금 및 견적,이동 차량 비용은 어떻게 계산되나요?,구간별 $25~$37,액티벤처:90395
요금 및 견적,멜리아 발리 패밀리스위트룸의 가격은 어떻게 계산되나요?,"1박 255불, 2박 510불",액티벤처:90385
요금 및 견적,호텔 예약에 포함된 서비스는 무엇인가요?,호텔 런치 1회,액티벤처:90392
상품예약 및 결제,인디고호텔 예약 시 무료로 제공되는 혜택은 무엇인가?,네이버후드 객실 업그레이드,액티벤처:90397
요금 및 견적,공항 픽업 서비스는 어떻게 제공되나요?,조인 픽업 서비스,액티벤처:90398
요금 및 견적,신한카드로 결제 시 무이자 할부가 가능한가?,아니요.,액티벤처:90391
상품예약 및 결제,공항 픽업 서비스는 어떻게 진행되나요?,조인 픽업 서비스,액티벤처:90396
상품예약 및 결제,3박 이상 예약 시 특별 혜택이 있나요?,네.,액티벤처:90396
요금 및 견적,결제는 온라인으로만 가능한가요?,아니요.,액티벤처:90395
요금 및 견적,공항 픽업 서비스는 누구와 함께 이용할 수 있나요?,같은 항공 다른 손님,액티벤처:90395
요금 및 견적,무료 1박 또는 1+1 프로모션이 진행 중인 호텔은 무엇인가요?,"더물리아, 소피텔 등",액티벤처:90399
상품예약 및 결제,카드 결제 시 무이자 할부는 어떻게 적용되나요?,3~5개월 무이자,액티벤처:90401
요금 및 견적,호텔 예약 취소는 어떻게 진행되나요?,체크인 15일 전 취소,액티벤처:90393
상품예약 및 결제,호텔 결제는 어떻게 이루어지나요?,달러 환산 입금,액티벤처:90402
상품예약 및 결제,3박 이상 예약 시 공항 픽업 서비스가 무료로 제공되니?,응.,액티벤처:90404
상품예약 및 결제,호텔 예약 시 체크인 15일 전 취소는 패널티 없이 가능한가요?,아니요.,액티벤처:90403
상품예약 및 결제,호텔 예약 시 픽업 서비스는 어떻게 제공되나요?,3박 이상 무료 제공,액티벤처:90403
상품예약 및 결제,왕사 원베드 풀빌라의 풀 깊이는 어떻게 되나요?,1.2미터,액티벤처:90400
상품예약 및 결제,3박 이상 예약 시 공항픽업 서비스를 제공받을 수 있나요?,네.,액티벤처:90409
상품예약 및 결제,호텔 결제는 어떻게 할 수 있어?,카드 결제,액티벤처:90404
요금 및 견적,공항 픽업 서비스는 개별 픽업인가?,아니요.,액티벤처:90407
요금 및 견적,아동과 함께 호텔 숙박 시 엑스트라 베드는 어떻게 처리하나요?,연령에 따라 다름,액티벤처:90414
상품예약 및 결제,3박 이상 예약 시 제공되는 서비스는 어떻게 받을 수 있나요?,무료 공항픽업,액티벤처:90410
요금 및 견적,카드 결제가 가능한가요?,네.,액티벤처:90406
상품예약 및 결제,모든 신용카드로 결제할 수 있나요?,아니요.,액티벤처:90402
요금 및 견적,무료 공항 픽업 서비스가 제공되는 숙박 기간은 어떻게 되지?,3박 이상,액티벤처:90407
요금 및 견적,그랜드 디럭스룸에서 아동 엑스트라 베드는 선택사항인가?,아니요.,액티벤처:90415
상품예약 및 결제,길리옴박선셋리조트 예약이 가능한가?,네.,액티벤처:90413
요금 및 견적,공항 픽업 차량은 어떻게 제공되나요?,3박 이상 무료,액티벤처:90408
요금 및 견적,공항 픽업 서비스는 현장에서 바로 확정되나요?,아니요.,액티벤처:90405
요금 및 견적,공항 픽업 서비스를 제공하나요?,네.,액티벤처:90394
상품예약 및 결제,F&B 크레딧은 2인 기준으로 사용 가능한가요?,네.,액티벤처:90411
상품예약 및 결제,결제는 어떻게 할 수 있나요?,"원화 입금, 외화계좌, 카드결제",액티벤처:90412
요금 및 견적,공항 픽업 서비스는 누구에게 제공되나요?,3박 이상 예약 고객,액티벤처:90408
상품예약 및 결제,공항 픽업 서비스가 모든 객실에 무료로 제공되나요?,아니요.,액티벤처:90418
상품예약 및 결제,조식 추가는 필수인가요?,아니요.,액티벤처:90410
상품예약 및 결제,비수기 시즌에 체크인 15일 전 취소하면 패널티 없이 취소 가능해?,응.,액티벤처:90412
상품예약 및 결제,에카자야 배편은 어떻게 다른가?,더 빠르고 편안,액티벤처:90413
상품예약 및 결제,호텔 예약 시 공항 픽업 서비스를 받을 수 있나요?,네.,액티벤처:90417
상품예약 및 결제,호텔 픽업 서비스는 어떤 방식으로 제공되나요?,조인 픽업 서비스,액티벤처:90420
상품예약 및 결제,처음 원했던 날짜에 객실 예약이 가능했나요?,아니요.,액티벤처:90424
상품예약 및 결제,신한카드로 무이자 할부가 가능한가요?,아니요.,액티벤처:90420
상품예약 및 결제,공항 픽업 서비스와 함께 제공되는 것은 무엇인가?,3박 이상 무료 서비스,액티벤처:90422
상품예약 및 결제,하드락 호텔 결제는 어떻게 할 수 있나요?,원화/외화 계좌,액티벤처:90426
상품예약 및 결제,객실은 어떻게 확인하나요?,예약 요청 시 실시간 확인,액티벤처:90416
상품예약 및 결제,호텔 예약 결제는 어떻게 할 수 있나요?,카드나 계좌로,액티벤처:90423
요금 및 견적,예약 대표자는 누구인가요?,고객 본인,액티벤처:90425
요금 및 견적,웨스틴 우붓 예약은 어떻게 진행되나요?,이메일로 정보 전송,액티벤처:90425
상품예약 및 결제,카자네무아 예약은 어떻게 진행하나요?,이메일로 정보 전송,액티벤처:90430
상품예약 및 결제,멜리아 가든뷰 2객실은 요금은 얼마야?,300달러,액티벤처:90440
상품예약 및 결제,공항 픽업 서비스를 받으려면 무엇의 정보를 알려줘야 하나요?,항공편명,액티벤처:90426
상품예약 및 결제,호텔 예약 시 결제는 어떻게 해야 하나요?,달러 또는 카드로 결제,액티벤처:90428
상품예약 및 결제,체크인 15일 이내 취소 시 패널티 없이 환불받을 수 있나요?,아니요.,액티벤처:90416
상품예약 및 결제,호텔 패키지 결제는 어떻게 할 수 있어?,카드로 결제 가능,액티벤처:90421
상품예약 및 결제,모든 카드로 결제가 가능한가요?,아니요.,액티벤처:90426
요금 및 견적,카드 결제가 가능한가?,네.,액티벤처:90419
요금 및 견적,공항 픽업 서비스는 사전 예약이 필수인가요?,네.,액티벤처:90427
상품예약 및 결제,비수기 시즌에 체크인 15일 전 취소하면 호텔 패널티 없이 취소할 수 있어?,응.,액티벤처:90421
상품예약 및 결제,비수기 시즌에 체크인 15일 이전 취소 시 호텔 패널티 없이 취소 가능한가?,네.,액티벤처:90429
요금 및 견적,신한카드로 결제 시 무이자 옵션이 있나요?,아니요.,액티벤처:90437
상품예약 및 결제,카드 결제 시 무이자 할부를 어떻게 받을 수 있어?,"현대 3개월, 국민·삼성 5개월",액티벤처:90431
상품예약 및 결제,공항 픽업 서비스는 개별 픽업인가요?,아니요.,액티벤처:90434
상품예약 및 결제,신한카드는 무이자 할부 혜택이 있나요?,아니요.,액티벤처:90422
상품예약 및 결제,공항 픽업 서비스는 어떻게 진행되나요?,같은 항공편 손님과 조인,액티벤처:90433
상품예약 및 결제,체크인 15일 이전에 취소하면 호텔 패널티 없이 취소할 수 있어?,응.,액티벤처:90431
상품예약 및 결제,호텔 간 이동 픽업 서비스는 어떻게 이용할 수 있나요?,$25 추가 결제,액티벤처:90435
상품예약 및 결제,비수기 시즌 예약은 체크인 15일 이전에 취소가 가능한가요?,네.,액티벤처:90435
상품예약 및 결제,비수기 시즌에 체크인 15일 전에 취소하면 호텔 패널티 없이 취소 가능해?,응.,액티벤처:90439
상품예약 및 결제,예약에 필요한 정보를 누구에게 전달해야 하나요?,이메일로 전송,액티벤처:90438
상품예약 및 결제,객실 업그레이드는 어떻게 할 수 있나요?,실시간 확인 필요,액티벤처:90438
상품예약 및 결제,디럭스 오션뷰 객실을 예약할 수 있나요?,아니요.,액티벤처:90438
상품예약 및 결제,카드 무이자 할부를 제공하는 카드사는 뭐야?,"현대, 삼성, 국민",액티벤처:90435
상품예약 및 결제,객실 배정 요청사항이 100% 보장되나요?,아니요.,액티벤처:90440
요금 및 견적,공항 픽업 서비스는 어떻게 제공되나요?,3박 이상 예약 시 1회 무료,액티벤처:90436
요금 및 견적,레이트 체크아웃이 18시 이후에도 가능한가요?,아니요.,액티벤처:90436
상품예약 및 결제,호텔 결제는 어떻게 할 수 있어?,원화로 카드 결제,액티벤처:90439
상품예약 및 결제,공항 픽업은 어떻게 진행되나요?,편명 맞춤 픽업,액티벤처:90441
상품예약 및 결제,공항 픽업 서비스가 모든 예약에 무료로 제공되나요?,아니요.,액티벤처:90442
상품예약 및 결제,호텔 예약 결제는 어떻게 할 수 있나요?,원화 또는 외화 입금,액티벤처:90443
상품예약 및 결제,호텔 예약이 가능한가요?,네.,액티벤처:90441
요금 및 견적,공항 픽업 차량은 어떻게 이용할 수 있나요?,3박 이상 무료,액티벤처:90445
상품예약 및 결제,비수기 시즌에 체크인 15일 전 취소 시 호텔 패널티가 없나요?,네.,액티벤처:90443
상품예약 및 결제,공항 픽업 서비스를 무료로 제공받을 수 있는 사람은 누구야?,3박 이상 예약자,액티벤처:90451
요금 및 견적,공항 픽업 차량은 개인 전용 차량인가요?,아니요.,액티벤처:90445
상품예약 및 결제,호텔 예약 시 조식이 포함되어 있나요?,네.,액티벤처:90446
요금 및 견적,공항 픽업 서비스는 어떻게 이용할 수 있나요?,3박 이상 예약 시 무료,액티벤처:90437
상품예약 및 결제,3박 이상 예약하면 공항 픽업 서비스를 받을 수 있나요?,네.,액티벤처:90448
상품예약 및 결제,조식은 전원에게 포함되어 있어?,응.,액티벤처:90447
상품예약 및 결제,더 안바야 비치 리조트에 아동 2명이 입실할 수 있나요?,아니요.,액티벤처:90455
상품예약 및 결제,3박 이상 예약 시 무료 공항 픽업 서비스가 제공되나요?,네.,액티벤처:90449
상품예약 및 결제,호텔 예약 시 결제는 어떻게 할 수 있나요?,원화 계좌 입금,액티벤처:90449
상품예약 및 결제,예약을 위해 이메일로 보내야 할 정보의 주체는 누구야?,예약자 전원,액티벤처:90448
상품예약 및 결제,카드 결제 시 수수료가 없나요?,아니요.,액티벤처:90453
상품예약 및 결제,호텔 예약 시 2+1 프로모션 적용이 가능한가요?,네.,액티벤처:90456
상품예약 및 결제,비수기 시즌에 체크인 15일 이전 취소가 가능한가?,네.,액티벤처:90452
상품예약 및 결제,결제는 어떻게 할 수 있어?,현금 또는 카드로,액티벤처:90451
상품예약 및 결제,모든 신용카드로 결제할 수 있나?,아니요.,액티벤처:90451
상품예약 및 결제,호텔 예약 시 취소는 어떻게 할 수 있나요?,15일 전 무료 취소,액티벤처:90455
상품예약 및 결제,공항 픽업 서비스는 3박 이상 예약 시 무료로 제공되나요?,네.,액티벤처:90454
상품예약 및 결제,호텔 예약은 어떻게 진행할 수 있나요?,이메일로 정보 전송,액티벤처:90456
상품예약 및 결제,아동의 조식은 어떻게 제공되나요?,부모와 무료,액티벤처:90453
상품예약 및 결제,호텔 예약 취소는 어떻게 할 수 있나요?,15일 전 무료 취소,액티벤처:90460
상품예약 및 결제,결제는 어떤 방식으로 할 수 있나요?,카드로 결제,액티벤처:90461
상품예약 및 결제,공항 픽업 서비스는 모든 지역에서 무료인가요?,아니요.,액티벤처:90459
상품예약 및 결제,호텔 결제는 어떻게 할 수 있나요?,"원화, 외화 계좌",액티벤처:90463
상품예약 및 결제,호텔 결제는 어떻게 할 수 있나요?,현금 또는 카드,액티벤처:90468
상품예약 및 결제,하얏트 리젠시 호텔은 몇 박 예약이 가능해?,2박,액티벤처:90462
상품예약 및 결제,모든 카드로 결제할 수 있나요?,아니요.,액티벤처:90463
상품예약 및 결제,웨스틴 누사두아 호텔 예약은 어떻게 진행하나요?,이메일로 정보 전송,액티벤처:90465
요금 및 견적,카드 결제 시 추가되는 수수료는 얼마야?,2.5% 수수료,액티벤처:90466
상품예약 및 결제,가든뷰 객실 예약이 가능한가요?,아니요.,액티벤처:90465
상품예약 및 결제,호텔 예약 결제를 원화로 할 수 있나요?,네.,액티벤처:90462
요금 및 견적,비수기 시즌 예약의 취소 수수료는 있어?,응.,액티벤처:90466
상품예약 및 결제,아동 조식이 호텔 예약 금액에 포함되어 있나요?,네.,액티벤처:90474
상품예약 및 결제,우붓 지역 픽업 서비스는 추가 비용이 발생하나요?,네.,액티벤처:90464
상품예약 및 결제,호텔 결제는 어떻게 할 수 있나요?,원화 또는 외화계좌로,액티벤처:90470
상품예약 및 결제,호텔 예약 시 추가로 요청한 것은 무엇인가?,엑스트라 베드,액티벤처:90467
상품예약 및 결제,공항 픽업 서비스는 누구와 함께 이용할 수 있나요?,다른 손님과 조인,액티벤처:90473
상품예약 및 결제,공항 픽업이 모든 경우 무료인가?,아니요.,액티벤처:90475
상품예약 및 결제,림바 짐바란 호텔 예약은 어떻게 진행하나요?,이메일로 정보 전송,액티벤처:90471
상품예약 및 결제,호텔 예약이 현재 가능한가요?,"네, 가능합니다.",액티벤처:90470
상품예약 및 결제,3박 이상 예약 시 공항 픽업 서비스를 받을 수 있나요?,네.,액티벤처:90482
상품예약 및 결제,체크인 15일 이내 취소 시 호텔 패널티 없이 취소할 수 있나요?,아니요.,액티벤처:90461
상품예약 및 결제,공항 픽업 서비스는 개별 서비스인가요?,아니요.,액티벤처:90472
상품예약 및 결제,픽업 서비스는 어떤 방식으로 진행되나요?,공동 픽업,액티벤처:90478
상품예약 및 결제,공항에서 호텔까지 이동하는 셔틀 서비스는 어떻게 제공되나요?,3박 이상 무료,액티벤처:90474
상품예약 및 결제,체크인 15일 이전 취소 시 호텔 패널티가 있나요?,아니요.,액티벤처:90480
상품예약 및 결제,공항 픽업 서비스는 개별 서비스인가?,아니요.,액티벤처:90477
상품예약 및 결제,3박 이상 예약 시 공항픽업 서비스가 무료로 제공되나?,네.,액티벤처:90476
상품예약 및 결제,호텔 간 이동 서비스가 자동으로 제공되나요?,아니요.,액티벤처:90469
상품예약 및 결제,호텔 결제는 어떻게 할 수 있나요?,카드나 현금,액티벤처:90472
상품예약 및 결제,호텔 예약 시 결제 금액은 어떻게 계산되나요?,실시간 환율 적용,액티벤처:90480
상품예약 및 결제,호텔 예약을 위해 준비해야 할 주요 정보는 뭐니?,"영문 이름, 생년월일",액티벤처:90477
상품예약 및 결제,비수기 시즌에 체크인 15일 전 취소가 가능한가요?,네.,액티벤처:90483
상품예약 및 결제,공항 픽업 서비스를 받으려면 어떤 정보를 알려줘야 해?,인천 출발/발리 도착 항공편명,액티벤처:90479
상품예약 및 결제,공항 픽업 차량의 운전자는 누구인가요?,호텔 기사,액티벤처:90478
상품예약 및 결제,르네상스 주니어스위트 예약 시 공항 픽업 서비스는 어떻게 받을 수 있나요?,항공편 정보 제공,액티벤처:90473
상품예약 및 결제,호텔 예약 시 카드 결제 수수료는 얼마인가?,2.5%,액티벤처:90476
상품예약 및 결제,공항 픽업 서비스는 어떻게 제공되나요?,조인 픽업 방식,액티벤처:90493
요금 및 견적,카드 결제가 가능한 카드사는 뭐야?,"국민, 현대, 삼성, 신한",액티벤처:90490
예약변경 및 취소,공항 픽업 서비스에 함께 탑승할 수 있는 사람들은 누구야?,"같은 항공, 같은 지역 호텔 손님",액티벤처:90486
상품예약 및 결제,아동 2명의 조식이 무료로 제공되나요?,네.,액티벤처:90484
예약변경 및 취소,호텔 예약을 취소하려면 어떻게 해야 해?,체크인 15일 전 취소,액티벤처:90486
상품예약 및 결제,예약 시 제공되는 호텔 런치는 누구에게 제공되나요?,성인 2인,액티벤처:90483
예약변경 및 취소,모든 신용카드로 결제할 수 있나?,아니요.,액티벤처:90486
상품예약 및 결제,픽업 서비스는 다른 항공편 이용자와 함께 할 수 있나?,아니요.,액티벤처:90485
상품예약 및 결제,투베드룸 빌라는 예약 가능한 룸이 몇 채 남았어?,1채,액티벤처:90487
상품예약 및 결제,공항 픽업 서비스는 어떻게 받을 수 있나요?,3박 이상 예약,액티벤처:90484
요금 및 견적,마야우붓의 조식은 4인 이상에게 무료인가요?,아니요.,액티벤처:90488
상품예약 및 결제,호텔 예약 시 결제 수수료는 어떻게 적용되나요?,카드별 2.5% 추가,액티벤처:90482
상품예약 및 결제,카드로 호텔 예약 결제가 가능한가요?,네.,액티벤처:90487
요금 및 견적,발리 쉐라톤 호텔 예약 시 카드 결제가 가능한가요?,네.,액티벤처:90491
요금 및 견적,발리 쉐라톤 호텔 예약은 어떻게 진행하나요?,이메일로 정보 전송,액티벤처:90491
요금 및 견적,3박 이상 예약 시 어떤 서비스를 제공받나요?,무료 공항 픽업,액티벤처:90488
요금 및 견적,호텔 예약 시 결제 방법은 어떻게 되나요?,원화/외화 계좌 입금,액티벤처:90490
상품예약 및 결제,카드로 결제가 가능한가?,네.,액티벤처:90489
상품예약 및 결제,더 물리아 호텔 예약 시 결제는 어떻게 할 수 있어?,현금 입금 또는 카드,액티벤처:90496
상품예약 및 결제,W 리조트 카드 결제 시 수수료가 부과되지 않나?,아니요.,액티벤처:90492
상품예약 및 결제,W 리조트 예약 시 체크인 기준 15일 이전 취소 시 부과되는 여행사 수수료는 얼마인가?,"30,000원",액티벤처:90492
상품예약 및 결제,공항 픽업 서비스는 어떻게 예약할 수 있나요?,3박 이상 무료,액티벤처:90495
상품예약 및 결제,모든 신용카드로 결제가 가능한가?,아니요.,액티벤처:90496
상품예약 및 결제,더 물리아 호텔에서 공항 픽업 서비스를 제공하는 대상은 누구야?,3박 이상 예약 고객,액티벤처:90496
상품예약 및 결제,체크아웃 시 공항픽업 서비스가 가능한가요?,아니요.,액티벤처:90494
상품예약 및 결제,3박 미만 예약 시 공항 픽업 서비스가 무료인가요?,아니요.,액티벤처:90500
요금 및 견적,체크인 7일 전 취소 시 전액 환불이 불가능한가요?,아니요.,액티벤처:90498
상품예약 및 결제,현대카드로 결제하면 무이자 할부 혜택이 있나요?,네.,액티벤처:90505
상품예약 및 결제,공항 픽업 서비스를 받을 수 있는 사람은 누구인가요?,3박 이상 예약자,액티벤처:90505
요금 및 견적,아동 2명의 조식은 어떻게 제공되나요?,베드쉐어 시 무료,액티벤처:90498
상품예약 및 결제,호텔 예약은 어떻게 진행하나요?,이메일로 정보 전달,액티벤처:90500
상품예약 및 결제,카드 결제 시 무이자 할부가 가능한가요?,네.,액티벤처:90495
요금 및 견적,호텔 예약은 어떻게 진행하면 돼?,이메일로 정보 전송,액티벤처:90501
상품예약 및 결제,인디고 스미냑 예약 시 성인에게 제공되는 식사는 무엇인가?,런치 또는 디너 1회,액티벤처:90499
상품예약 및 결제,3박 이상 예약 시 공항 픽업 서비스가 무료로 제공되나?,네.,액티벤처:90499
상품예약 및 결제,아동 조식비용은 어떻게 처리되나요?,무료 제공,액티벤처:90505
상품예약 및 결제,호텔 예약을 어떻게 진행해야 하나요?,이메일로 여권 정보 전송,액티벤처:90503
요금 및 견적,호텔 예약 시 결제는 어떻게 할 수 있나요?,원화/외화 계좌 입금,액티벤처:90508
상품예약 및 결제,웨스틴에서 플로팅 조식 서비스가 제공되나?,아니요.,액티벤처:90506
상품예약 및 결제,공항 픽업 서비스가 무료로 제공되나요?,아니요.,액티벤처:90504
요금 및 견적,마야우붓 Impressive Forest Suite에서 아동 2명의 베드쉐어 시 조식이 무료인가?,네.,액티벤처:90509
요금 및 견적,공식 홈페이지 예약 특전을 받을 수 있나요?,아니요.,액티벤처:90508
상품예약 및 결제,호텔 취소 시 패널티 없이 취소할 수 있나요?,아니요.,액티벤처:90507
상품예약 및 결제,테자프라나 리조트 밸리뷰 빌라 예약이 가능한가요?,네.,액티벤처:90503
요금 및 견적,호텔 예약 시 무료 공항 픽업 서비스를 받을 수 있는 대상은 누구야?,3박 이상 예약자,액티벤처:90509
요금 및 견적,카자네무아 호텔의 얼리버드 프로모션은 어떻게 적용되나?,45일 전 예약 시 5% 할인,액티벤처:90509
상품예약 및 결제,무료 픽업 서비스는 다른 리조트로 이동할 때도 가능한가요?,아니요.,액티벤처:90521
요금 및 견적,모든 호텔의 객실이 예약 가능한가?,아니요.,액티벤처:90510
상품예약 및 결제,공항 픽업 서비스는 어떻게 제공되나요?,3박 이상 무료 1회,액티벤처:90511
상품예약 및 결제,신한카드로 무이자 할부가 가능한가?,아니요.,액티벤처:90512
상품예약 및 결제,물리아발리 풀빌라 예약은 어떻게 진행하나요?,이메일로 정보 전송,액티벤처:90525
상품예약 및 결제,공항 드랍 서비스 이용 시 추가 비용이 발생하나요?,네.,액티벤처:90514
상품예약 및 결제,조식이 숙박 요금에 포함되어 있나요?,네.,액티벤처:90511
상품예약 및 결제,현대카드로 결제 시 무이자 할부 혜택이 있나요?,네.,액티벤처:90513
상품예약 및 결제,테자프라나 리조트에 현재 객실이 있나요?,아니요.,액티벤처:90515
상품예약 및 결제,호텔 결제는 어떻게 진행되나요?,카드 결제,액티벤처:90507
상품예약 및 결제,호텔 예약 시 결제는 어떻게 하나요?,카드 결제,액티벤처:90515
상품예약 및 결제,모벤픽 호텔 예약 취소는 어떻게 진행되나요?,15일 전 무료 취소,액티벤처:90513
상품예약 및 결제,3박 이상 이용 시 공항 샌딩 서비스를 받을 수 있나요?,네.,액티벤처:90517
상품예약 및 결제,아야나 빌라 짐바란에서 같은 일정으로 객실 예약이 가능한가?,네.,액티벤처:90516
상품예약 및 결제,한다라C.C에서 오전 8시 티업이 가능한가?,아니요.,액티벤처:90520
상품예약 및 결제,포시즌 짐바란에서 예약하려는 객실 유형은 무엇인가?,투베드룸 레지던스 빌라,액티벤처:90516
상품예약 및 결제,아이와 함께 투숙할 경우 조식은 어떻게 제공되나요?,무료 제공,액티벤처:90523
상품예약 및 결제,호텔 예약은 어떻게 진행하면 되나요?,이메일로 정보 전송,액티벤처:90518
상품예약 및 결제,알릴라 스미냑 호텔 예약 시 성인 2인에게 호텔 런치가 제공되나요?,네.,액티벤처:90522
상품예약 및 결제,더바론 스윗 가든뷰 객실은 예약 가능한가요?,아니요.,액티벤처:90523
상품예약 및 결제,호텔 객실 가격에 조식이 포함되어 있나요?,네.,액티벤처:90518
상품예약 및 결제,더 웨스틴 리조트 예약 시 필수로 제공해야 할 정보는 뭘까?,"영문 이름, 생년월일, 픽업 정보",액티벤처:90524
상품예약 및 결제,성수기 시즌에 입금 후 취소하면 전액 환불이 가능한가요?,아니요.,액티벤처:90525
상품예약 및 결제,카드 결제 시 무이자 할부는 어떻게 제공되나요?,3~5개월 무이자,액티벤처:90528
요금 및 견적,특가 혜택은 어떻게 제공되나요?,2인 기준으로,액티벤처:90519
상품예약 및 결제,카드 결제 시 수수료 없이 결제할 수 있나요?,아니요.,액티벤처:90527
상품예약 및 결제,호텔 결제는 어떻게 할 수 있나요?,"원화, 외화계좌",액티벤처:90526
상품예약 및 결제,호텔 결제는 어떻게 진행되나요?,원화 환산 결제,액티벤처:90533
요금 및 견적,비치 골프장 예약이 가능한가?,아니요.,액티벤처:90531
상품예약 및 결제,파드마 우붓 프리미어 오버사이즈 트윈룸 3박 예약이 가능한가?,"네, 가능합니다.",액티벤처:90532
상품예약 및 결제,노보텔 공항 호텔 예약이 가능한가?,아니요.,액티벤처:90529
요금 및 견적,체크인 15일 이내에 취소하면 패널티가 없나요?,아니요.,액티벤처:90541
요금 및 견적,더 물리아 바론 스위트 비치프론트에서 조식은 어떻게 먹을 수 있나요?,뷔페 또는 알라카르트,액티벤처:90530
요금 및 견적,더 물리아 바론 스위트 비치프론트에서 버틀러 서비스를 제공하는 사람은 누구인가요?,호텔 직원,액티벤처:90530
요금 및 견적,도착 항공편명은 3박 이상 예약 시 필요한가요?,네.,액티벤처:90530
상품예약 및 결제,패밀리룸 예약이 가능한가요?,아니요.,액티벤처:90533
상품예약 및 결제,호텔 픽업 서비스는 어떻게 신청하나요?,이메일로 신청,액티벤처:90536
요금 및 견적,공항 픽업 서비스는 무료로 제공되지 않나?,아니요.,액티벤처:90537
상품예약 및 결제,카드 결제 시 무이자 할부 조건은 어떻게 되나요?,"현대 3개월, 국민·삼성 5개월",액티벤처:90535
요금 및 견적,호텔 예약에 필요한 개인정보는 누구의 것을 확인해야 하나요?,고객,액티벤처:90541
요금 및 견적,호텔 픽업 서비스는 어떻게 받을 수 있나요?,"3박 이상 무료, 2박은 $15 추가",액티벤처:90538
상품예약 및 결제,무료 공항 픽업 서비스를 받으려면 누구의 정보를 제공해야 하나요?,여권상 본인,액티벤처:90536
요금 및 견적,디럭스오션뷰룸 예약 기간은 어떻게 되지?,4박,액티벤처:90537
요금 및 견적,가족 여행을 위한 리조트 예약을 원하시나요?,네.,액티벤처:90540
상품예약 및 결제,공항 픽업 서비스를 받으려면 누구의 정보를 제공해야 하나요?,예약자 전원,액티벤처:90535
요금 및 견적,프리미어룸 2박 예약 시 프리미어 디럭스로 업그레이드가 가능한가요?,아니요.,액티벤처:90538
요금 및 견적,안다즈 리조트의 특별 혜택은 어떻게 제공되나?,중식 2인 1회 제공,액티벤처:90540
상품예약 및 결제,2베드 오션 풀빌라와 펜트하우스 풀빌라를 이틀씩 묶어서 예약할 수 있나요?,네.,액티벤처:90544
요금 및 견적,파드마 우붓 리조트의 무료 공항픽업은 누구에게 제공되나?,3박 이상 예약자,액티벤처:90540
상품예약 및 결제,리츠칼튼 호텔 객실 예약이 가능한가요?,네.,액티벤처:90536
요금 및 견적,호텔 예약 취소는 어떻게 가능한가요?,이메일로,액티벤처:90541
상품예약 및 결제,렌트카는 어떻게 대여할 수 있나요?,상담 후 예약,액티벤처:90542
상품예약 및 결제,아요디아 리조트에서 카드 결제가 가능한가요?,네.,액티벤처:90549
상품예약 및 결제,아요디아 리조트 허니문 패키지에 포함된 서비스는 무엇인가요?,"객실 장식, 와인, 과일 바구니",액티벤처:90549
상품예약 및 결제,예약 정보는 어떻게 보내야 하나요?,이메일로 전송,액티벤처:90544
상품예약 및 결제,호텔 예약 시 결제는 어떻게 할 수 있나요?,"원화, 외화 계좌 입금",액티벤처:90546
상품예약 및 결제,리츠칼튼 픽업 서비스는 개별 픽업인가?,아니요.,액티벤처:90547
상품예약 및 결제,발리 호텔 예약은 어떻게 진행하나요?,이메일로 정보 전송,액티벤처:90543
상품예약 및 결제,공항 픽업 서비스는 누구에게 제공되나요?,3박 이상 예약자,액티벤처:90543
상품예약 및 결제,신한카드로 결제 시 무이자 할부 옵션이 있나요?,아니요.,액티벤처:90545
상품예약 및 결제,공항 픽업 서비스는 어떤 방식으로 진행되나요?,조인 픽업 서비스,액티벤처:90548
요금 및 견적,림바 호텔에서 3박 이상 예약 시 무료로 제공되는 서비스는 무엇인가?,공항 픽업 서비스,액티벤처:90551
요금 및 견적,림바 호텔 Wana Forest View Room 객실 예약이 가능한가?,네.,액티벤처:90551
상품예약 및 결제,인디고 발리 왕사 호텔에서 러기지 보관 서비스를 무료로 제공하나요?,네.,액티벤처:90552
상품예약 및 결제,공항 픽업 서비스를 이용할 수 있는 사람은 누구야?,3박 이상 예약 고객,액티벤처:90553
상품예약 및 결제,공항 픽업 서비스는 어떻게 이용할 수 있나요?,조인 서비스로,액티벤처:90554
상품예약 및 결제,코마네카 비스마 원베드룸 풀빌라의 레이트 체크인은 어떻게 가능한가요?,1박 요금 50% 지불,액티벤처:90552
상품예약 및 결제,결제는 어떻게 할 수 있어?,"원화, 외화 계좌 입금",액티벤처:90553
요금 및 견적,베이비시터는 어떤 방식으로 연결해주나요?,외주업체 소개,액티벤처:90566
상품예약 및 결제,비수기 시즌에 체크인 15일 전 취소하면 패널티 없이 취소할 수 있어?,응.,액티벤처:90553
상품예약 및 결제,호텔 객실 예약은 어떻게 진행하나?,메일로 전송,액티벤처:90556
상품예약 및 결제,호텔 예약에 필요한 필수 정보 중 한글 이름 외에 무엇을 알려줘야 하나?,여권 영문 이름,액티벤처:90556
상품예약 및 결제,예약 결제 조건은 뭐야?,현금 결제,액티벤처:90555
요금 및 견적,호텔에서 아기침대를 객실당 몇 개까지 요청할 수 있나요?,1개,액티벤처:90566
상품예약 및 결제,카드 결제 시 수수료가 없나?,아니요.,액티벤처:90556
상품예약 및 결제,르네상스 발리 울루와뚜 호텔 예약 시 디럭스 오션뷰로 업그레이드가 가능한가?,네.,액티벤처:90557
상품예약 및 결제,공항 픽업은 어떻게 받을 수 있나요?,3박 이상 예약,액티벤처:90558
요금 및 견적,호텔 체크아웃 연장 시 추가 요금은 어떻게 달라지나?,오후 6시를 기준으로 달라짐,액티벤처:90561
상품예약 및 결제,팁을 받는 대상은 누구인가요?,가이드와 기사,액티벤처:90565
상품예약 및 결제,여행 예약 시 달러 결제를 어떻게 해야 하나요?,원화로 환전 후 입금,액티벤처:90560
상품예약 및 결제,공항 픽업 서비스를 누구와 함께 이용할 수 있나요?,다른 호텔 손님,액티벤처:90560
상품예약 및 결제,3박 미만 예약 시 무료 공항 픽업이 제공되나요?,아니요.,액티벤처:90560
상품예약 및 결제,호텔 예약 시 필요한 정보는 어떻게 제공해야 하나요?,"여권 영문명, 생년월일",액티벤처:90563
상품예약 및 결제,멜리아발리 패밀리스위트는 예약이 가능한가요?,아니요.,액티벤처:90564
상품예약 및 결제,공항 픽업 서비스 요청이 가능한가요?,네.,액티벤처:90559
상품예약 및 결제,무료 공항 픽업 서비스를 이용하려면 이 리조트에 얼마나 묵어야 해?,3박 이상,액티벤처:90562
요금 및 견적,3박 이상 예약 시 공항 픽업 서비스를 받을 수 있어?,응.,액티벤처:90561
상품예약 및 결제,아난타라 스미냑에서 공항 픽업 서비스가 가능한가요?,네.,액티벤처:90571
요금 및 견적,체크인 15일 이내 취소 시 수수료가 없나요?,아니요.,액티벤처:90570
상품예약 및 결제,렌트카 예약은 어떻게 진행하나요?,이메일로 예약,액티벤처:90565
상품예약 및 결제,호텔의 공항 픽업 서비스는 3박 이상 예약 시 무료인가?,네.,액티벤처:90569
요금 및 견적,하드락호텔 디럭스 객실은 현재 예약 가능한가요?,아니요.,액티벤처:90566
상품예약 및 결제,세인트레지스 호텔 예약 시 공항 픽업 서비스는 어떻게 받을 수 있어?,3박 이상 예약,액티벤처:90576
상품예약 및 결제,카드 결제가 가능한가요?,네.,액티벤처:90565
상품예약 및 결제,베드 타입은 사전에 확정할 수 있나요?,아니요.,액티벤처:90576
상품예약 및 결제,객실 예약 시 우붓 지역은 무료인가요?,아니요.,액티벤처:90568
요금 및 견적,픽업 서비스는 누구와 함께 받을 수 있나요?,같은 항공편 손님,액티벤처:90570
요금 및 견적,물리아 빌라스의 예약 가격은 어떻게 되나요?,"$1,375",액티벤처:90570
상품예약 및 결제,공항 픽업 서비스는 어떻게 진행되나요?,다른 손님과 조인,액티벤처:90568
요금 및 견적,공항 픽업 서비스는 어떻게 진행되나요?,조인 픽업,액티벤처:90573
상품예약 및 결제,르네상스 울루와뚜에서는 몇 박이 가능해?,2박,액티벤처:90572
상품예약 및 결제,예약 시 필요한 정보는 무엇을 제출해야 하나요?,"영문 이름, 생년월일",액티벤처:90574
상품예약 및 결제,무료 업그레이드가 확정된 객실인가요?,아니요.,액티벤처:90572
요금 및 견적,호텔 예약 시 공항 픽업 서비스를 받을 수 있나요?,네.,액티벤처:90584
상품예약 및 결제,코마네카 라사사양 디럭스룸 예약이 가능한가요?,"네, 가능합니다.",액티벤처:90575
상품예약 및 결제,공항 픽업 서비스는 어떻게 제공되나요?,조인 픽업 서비스,액티벤처:90578
상품예약 및 결제,예약을 위해 여권상의 정보를 제공해야 하는 사람은 누구인가요?,예약자 전원,액티벤처:90583
상품예약 및 결제,객실 예약 시 조식과 세금이 포함되어 있나요?,네.,액티벤처:90579
상품예약 및 결제,모든 풀빌라에 공항 픽업 서비스가 무료인가요?,아니요.,액티벤처:90577
상품예약 및 결제,공항 픽업 서비스는 어떻게 이용할 수 있나요?,항공편 동승자와 함께,액티벤처:90579
상품예약 및 결제,코트야드 메리어트 호텔은 무료 공항픽업을 모든 예약에서 제공하나?,아니요.,액티벤처:90582
상품예약 및 결제,발리 호텔 예약은 어떻게 진행하나?,이메일로 정보 전송,액티벤처:90588
상품예약 및 결제,하드락호텔 공항 픽업 서비스는 어떻게 진행되나요?,조인 픽업 서비스,액티벤처:90591
상품예약 및 결제,공항 픽업 서비스는 어떻게 예약할 수 있나요?,이메일로 정보 전송,액티벤처:90581
상품예약 및 결제,2베드스윗 객실 이용자는 조식 시 코끼리 타고 가는 서비스를 받을 수 있나요?,네.,액티벤처:90581
상품예약 및 결제,호텔 예약은 어떻게 진행하나요?,메일로 인원 명단 전송,액티벤처:90575
상품예약 및 결제,디럭스 오션뷰 객실에 트윈베드가 있나요?,아니요.,액티벤처:90585
상품예약 및 결제,인터콘티넨탈 클럽 듀플렉스 스위트의 공항 픽업 서비스는 어떻게 제공되나요?,3박 이상 무료 제공,액티벤처:90583
상품예약 및 결제,호텔 간 픽업 서비스가 가능한가?,아니요.,액티벤처:90580
상품예약 및 결제,다른 사이트 호텔 예약 시 공항 픽업 서비스 이용이 불가능한가?,아니요.,액티벤처:90590
요금 및 견적,로프트룸으로 4박 예약이 가능한가요?,아니요.,액티벤처:90593
상품예약 및 결제,예약이 완료되면 추가 자료를 받을 수 있나요?,"네, 받을 수 있어요.",액티벤처:90589
상품예약 및 결제,예약 완료 후 한국어 지도를 받을 수 있나요?,네.,액티벤처:90587
상품예약 및 결제,무료 공항 픽업 서비스는 어떻게 제공되나요?,3박 이상 예약 시,액티벤처:90589
상품예약 및 결제,공항 픽업 서비스는 어떻게 진행되나요?,같은 항공 조인 가능,액티벤처:90587
상품예약 및 결제,공항 픽업 서비스는 어떻게 이용할 수 있나요?,항공편 정보 제공,액티벤처:90585
상품예약 및 결제,하드락 발리와 마라리버 패키지 예약은 어떻게 하나요?,메일로 정보 전송,액티벤처:90595
상품예약 및 결제,공항 픽업 시 추가로 요청할 수 있는 서비스는 무엇인가?,우붓 이동,액티벤처:90592
상품예약 및 결제,공항 픽업 서비스는 3박 이상 예약 시 무료인가?,네.,액티벤처:90586
상품예약 및 결제,하드락호텔 디럭스스위트룸 예약에 필요한 정보를 제공해야 하는 사람은 누구야?,예약자 전원,액티벤처:90591
상품예약 및 결제,무료 공항 픽업 서비스를 이용할 경우 누구와 함께 이용할 수도 있나요?,같은 항공편을 이용하는 다른 손님,액티벤처:90592
상품예약 및 결제,디럭스스위트룸에 트런들베드가 세팅되어 있나요?,아니요.,액티벤처:90591
상품예약 및 결제,공항픽업 서비스는 개인 전용 서비스인가요?,아니요.,액티벤처:90597
상품예약 및 결제,3박 이상 예약 시 공항 픽업 서비스가 무료로 제공되나요?,예.,액티벤처:90594
상품예약 및 결제,카자네무아 호텔에서 마사지가 무료로 제공되나요?,아니요.,액티벤처:90601
상품예약 및 결제,아궁쇼와 사파리져니가 기본 패키지에 포함되어 있나요?,아니요.,액티벤처:90595
상품예약 및 결제,쉐라톤 발리 리조트에서 커넥팅룸은 어떻게 예약할 수 있어?,요청사항으로 등록,액티벤처:90596
상품예약 및 결제,공항 픽업 서비스를 함께 이용할 수 있는 사람은 누구야?,같은 항공편 손님,액티벤처:90596
상품예약 및 결제,3박 이상 예약하면 공항 픽업 서비스가 무료인가?,네.,액티벤처:90602
상품예약 및 결제,3박 이상 예약하면 무료 공항 픽업 서비스를 받을 수 있어?,응.,액티벤처:90596
상품예약 및 결제,예약 시 필요한 정보를 누구에게 보내야 하나요?,여행사 담당자,액티벤처:90595
상품예약 및 결제,모든 여행 일정에 대한 예약이 완료되었나요?,네.,액티벤처:90598
상품예약 및 결제,렌트카 비용은 어떻게 계산되나요?,10시간 기준,액티벤처:90598
상품예약 및 결제,공항픽업 서비스 예약 시 필요한 정보는 무엇인가요?,"영문 이름, 주민번호, 항공편 정보",액티벤처:90597
상품예약 및 결제,인디고 호텔의 마사지는 몇 분 제공되나요?,60분,액티벤처:90601
상품예약 및 결제,공항 픽업 서비스를 이용하지 않으면 어떤 대안이 있어?,호텔 간 이동 또는 공항 샌딩,액티벤처:90602
상품예약 및 결제,호텔 객실 예약 가능 여부는 어떻게 확인하나요?,실시간 체크,액티벤처:90605
요금 및 견적,공항 픽업 서비스가 모든 호텔에서 무료인가?,아니요.,액티벤처:90609
상품예약 및 결제,성인 2인에 엑스트라 베드를 추가하는 비용이라면 무엇을 무료로 즐길 수 있지?,"애프터눈 티 1회, 2코스 런치 또는 디너 1회, 미니바 무료, 스파클링 와인 1병",액티벤처:90602
요금 및 견적,엑스트라 베드에 대한 추가 요금이 있나?,아니요.,액티벤처:90599
요금 및 견적,공항 픽업 서비스가 모든 지역에서 무료로 제공되나요?,아니요.,액티벤처:90603
요금 및 견적,호텔 예약 시 필요한 정보는 무엇을 준비해야 하나요?,"영문 및 한글 이름, 생년월일, 이메일, 연락처",액티벤처:90604
요금 및 견적,올인클루시브 요금은 어떻게 계산되나요?,"성인 각 $85, 아동 $35",액티벤처:90610
요금 및 견적,객실 예약 가능 여부는 어떻게 확인할 수 있나요?,실시간 체크,액티벤처:90603
상품예약 및 결제,조기 예약 할인은 어떻게 받을 수 있어?,60일 전 예약,액티벤처:90606
상품예약 및 결제,우붓 지역은 공항 픽업 서비스가 무료인가요?,아니요.,액티벤처:90605
요금 및 견적,공항 픽업 이용 시 필요한 추가 정보는 무엇인가요?,항공편명,액티벤처:90607
요금 및 견적,모벤픽짐바란 클래식룸 예약 가격에 조식과 세금이 포함되어 있나요?,네.,액티벤처:90604
상품예약 및 결제,현재 아야나 리조트에 예약 가능한 객실이 있어?,응.,액티벤처:90606
요금 및 견적,골프 장비 대여 비용은 얼마인가요?,클럽 60만 루피아,액티벤처:90608
요금 및 견적,우붓 지역은 호텔 3박 이상 예약 시 무료 공항 픽업이 가능한가요?,아니요.,액티벤처:90607
요금 및 견적,공항 픽업 서비스를 받을 수 있는 대상은 누구인가요?,호텔 3박 이상 예약자,액티벤처:90610
요금 및 견적,디럭스가든룸 예약이 가능한가요?,아니요.,액티벤처:90610
상품예약 및 결제,프라임 플라자 사누르 호텔 예약이 가능한가?,아니요.,액티벤처:90611
상품예약 및 결제,3박 이상 예약 시 무료로 제공되는 서비스는 어떻게 받을 수 있어?,공항픽업 1회,액티벤처:90611
요금 및 견적,기상 악화로 인한 취소 시 전액 환불이 가능한가요?,네.,액티벤처:90608
상품예약 및 결제,패키지 요금과 얼리버드 프로모션은 중복 적용이 가능한가?,아니요.,액티벤처:90612
상품예약 및 결제,3박 이상 호텔 예약 시 공항 픽업 서비스가 무료인가?,네.,액티벤처:90614
상품예약 및 결제,물리아 리조트 예약은 어떻게 진행해야 하나?,이메일로 정보 전송,액티벤처:90612
상품예약 및 결제,뫼벤픽 짐바란에서 2박 클래식풀뷰의 추가 비용 $28은 누구의 몫인가요?,6세와 7세 아동 두 명분의 추가 비용입니다.,액티벤처:90614
상품예약 및 결제,레저 스위트 룸 예약은 어떻게 진행하나요?,이메일로 정보 전송,액티벤처:90618
요금 및 견적,호텔 공항 픽업 서비스는 어떻게 제공되나요?,3박 이상 무료 제공,액티벤처:90613
상품예약 및 결제,이번 여행에 함께 가는 아이들의 나이는 몇 살이야?,"4세, 6세",액티벤처:90611
요금 및 견적,우붓 지역은 무료 공항 픽업 서비스에 포함되나요?,아니요.,액티벤처:90613
상품예약 및 결제,인디고풀빌라 예약은 어떻게 진행하면 되나요?,이메일 전송,액티벤처:90623
상품예약 및 결제,호텔 예약을 위해 어떤 정보를 제공해야 하나?,영문 및 한글 이름,액티벤처:90614
상품예약 및 결제,공항 픽업 서비스는 어떻게 예약할 수 있나요?,항공편명 정보 제공,액티벤처:90616
상품예약 및 결제,호텔 예약은 어떻게 진행해야 하나요?,이메일로 정보 전송,액티벤처:90624
상품예약 및 결제,3박 예약 시 프리미어 디럭스룸으로 무료 업그레이드가 가능한가?,아니요.,액티벤처:90625
상품예약 및 결제,우붓 지역 공항 픽업 서비스는 무료인가요?,아니요.,액티벤처:90620
상품예약 및 결제,첫날에 올인클루시브를 이용할 수 있나요?,아니요.,액티벤처:90617
상품예약 및 결제,레이트 체크아웃은 어떻게 예약할 수 있나요?,1박 요금 선납,액티벤처:90620
상품예약 및 결제,호텔 3박 이상 예약 시 공항 픽업 서비스가 무료로 제공되나요?,네.,액티벤처:90619
상품예약 및 결제,체크인 한 달 전 취소 시 수수료가 발생하나요?,아니요.,액티벤처:90618
상품예약 및 결제,아야나 리조트 예약은 어떻게 진행하나요?,메일로 견적서 확인,액티벤처:90622
요금 및 견적,파드마 우붓 프리미어 클럽룸 3박 예약 금액은 얼마야?,861달러,액티벤처:90626
상품예약 및 결제,카욘 정글리조트 예약이 가능한 날짜가 있어?,응.,액티벤처:90622
상품예약 및 결제,잔금 완납 후 발리 여행 안내 자료를 받을 수 있나요?,네.,액티벤처:90635
상품예약 및 결제,림바 짐바란의 2배드룸 객실이 예약 가능한가요?,아니요.,액티벤처:90632
상품예약 및 결제,공항 픽업 서비스는 어떻게 이용할 수 있나요?,조인 서비스로 이용,액티벤처:90628
상품예약 및 결제,인디고 발리 특가상품 여행은 몇 박이야?,3박,액티벤처:90627
요금 및 견적,호텔 예약은 어떻게 진행해야 해?,선입금 후 이메일 전송,액티벤처:90636
요금 및 견적,공항 픽업 서비스를 이용할 수 있는 대상은 누구야?,호텔 3박 이상 예약자,액티벤처:90626
상품예약 및 결제,벨몬드 짐바란 호텔 예약 시 포함된 것은 무엇이야?,조식,액티벤처:90627
요금 및 견적,공항 픽업은 무료로 제공되나요?,네.,액티벤처:90621
요금 및 견적,체크아웃 후 클럽룸에서 베네핏을 받을 수 있나요?,아니요.,액티벤처:90626
요금 및 견적,모벤픽 짐바란 호텔에서 3개 룸 예약이 가능한가요?,네.,액티벤처:90631
상품예약 및 결제,호텔 3박 이상 예약 시 공항 픽업이 무료로 제공되나?,네.,액티벤처:90627
상품예약 및 결제,더블식스 1+1 프로모션 객실이 예약 가능한가요?,아니요.,액티벤처:90628
요금 및 견적,공항 픽업은 어떻게 예약할 수 있나요?,항공편 정보와 함께 신청,액티벤처:90630
상품예약 및 결제,인디고 발리 오아시스룸 예약을 위해 필요한 정보는 무엇을 보내야 하나요?,"영문 및 한글 이름, 생년월일, 대표자 이메일, 연락처",액티벤처:90629
상품예약 및 결제,오아시스룸으로 예약하면 1+1 혜택을 받을 수 있나요?,네.,액티벤처:90629
상품예약 및 결제,주니어 스윗룸 업그레이드는 어떻게 진행되나요?,디럭스 테라스룸 가격으로,액티벤처:90633
요금 및 견적,공항 픽업 서비스는 어떻게 이용할 수 있나요?,항공편 정보 제공,액티벤처:90631
상품예약 및 결제,공항 픽업 서비스는 특정 시간에만 제한되어 있나요?,아니요.,액티벤처:90634
요금 및 견적,6박 예약 시 특별한 할인이 있나요?,아니요.,액티벤처:90630
상품예약 및 결제,르네상스 울루와투 호텔 예약을 진행하시겠습니까?,네.,액티벤처:90633
요금 및 견적,트랜스와 파드마레기안에 3베드룸이 많이 있나요?,아니요.,액티벤처:90644
상품예약 및 결제,공항픽업 서비스는 어떻게 신청하나요?,항공편명 함께 제출,액티벤처:90640
요금 및 견적,더 메루 사누르 호텔의 오프닝 특가 혜택은 어떻게 되나요?,공항 픽업 1회 무료,액티벤처:90643
상품예약 및 결제,호텔 예약 시 픽업 서비스는 어떻게 제공되나?,조인 서비스로,액티벤처:90638
상품예약 및 결제,우붓 지역도 무료 공항픽업 서비스에 포함되나요?,아니요.,액티벤처:90640
상품예약 및 결제,소피텔 리조트 예약 시 필요한 기본 정보는 뭘까요?,"영문/한글 성함, 생년월일, 이메일, 연락처",액티벤처:90634
요금 및 견적,공항 픽업 서비스가 모든 호텔에서 무료로 제공되나?,아니요.,액티벤처:90636
상품예약 및 결제,발리 여행의 픽업 서비스는 어떻게 이용할 수 있나요?,예약 후 항공편명 알림,액티벤처:90635
상품예약 및 결제,호텔 3박 미만 예약 시 공항 픽업이 무료인가?,아니요.,액티벤처:90638
상품예약 및 결제,디럭스 스위트 대신 디럭스 오션 스위트로 업그레이드가 가능한가요?,네.,액티벤처:90649
상품예약 및 결제,인디고 발리 호텔 예약은 어떻게 진행하나요?,이메일로 정보 전송,액티벤처:90648
상품예약 및 결제,공항 픽업 서비스는 개인 전용 서비스인가?,아니요.,액티벤처:90650
예약변경 및 취소,성수기 호텔 예약 취소는 어떻게 해야 하나요?,21일 전 취소,액티벤처:90641
상품예약 및 결제,호텔 픽업 서비스는 어떻게 이용할 수 있나요?,공항편명 제공,액티벤처:90649
상품예약 및 결제,호텔 예약 완납 후 추가 정보를 받을 수 있나요?,네.,액티벤처:90639
예약변경 및 취소,공항이 폐쇄되면 취소 수수료 없이 취소할 수 있나요?,네.,액티벤처:90641
요금 및 견적,공항 픽업 서비스를 무료로 제공받을 수 있나요?,아니요.,액티벤처:90642
상품예약 및 결제,W 스미냑 3베드룸 풀빌라 예약은 어떻게 하나요?,이메일로 정보 전송,액티벤처:90665
상품예약 및 결제,공항 픽업 서비스는 어떻게 이용할 수 있나요?,항공편명 제공,액티벤처:90684
상품예약 및 결제,암나야 리조트의 공항 픽업 서비스는 어떻게 이용할 수 있나요?,무료 조인 서비스,액티벤처:90645
상품예약 및 결제,공항 픽업 변경은 어떻게 할 수 있나요?,항공편명 정보 제공,액티벤처:90668
상품예약 및 결제,공항 픽업 서비스를 이용하지 않으면 예약이 취소되나?,아니요.,액티벤처:90646
상품예약 및 결제,힐사이드룸 예약이 가능한가요?,아니요.,액티벤처:90647
상품예약 및 결제,호텔 예약은 어떻게 진행하나요?,이메일로,액티벤처:90673
상품예약 및 결제,공항 픽업 서비스는 공항 내에서 어떻게 찾을 수 있나요?,무료 픽업 서비스,액티벤처:90653
상품예약 및 결제,예약을 진행하려면 어떻게 해야 하나요?,이메일로 정보 전송,액티벤처:90647
상품예약 및 결제,힐사이드 룸은 현재 예약 가능한가?,아니요.,액티벤처:90655
상품예약 및 결제,공항 픽업 서비스는 모든 지역에서 무료인가?,아니요.,액티벤처:90652
상품예약 및 결제,해당 호텔의 공항 픽업 서비스는 유료로 운영돼?,아니.,액티벤처:90669
상품예약 및 결제,3박 이상 예약 시 무료 공항 픽업 서비스를 제공하나요?,네.,액티벤처:90651
상품예약 및 결제,공항 픽업 서비스는 어떻게 이용할 수 있나요?,항공편 정보 제출,액티벤처:90659
상품예약 및 결제,코마네카 비스마 숙소는 예약 가능한가?,네.,액티벤처:90656
상품예약 및 결제,예약 후 완납하면 추가 혜택을 받을 수 있나요?,"네, 받을 수 있어요.",액티벤처:90653
상품예약 및 결제,공항 픽업 서비스는 어떻게 이용할 수 있나?,무료 제공,액티벤처:90655
상품예약 및 결제,120일 전 예약 시 할인 혜택이 있나요?,네.,액티벤처:90658
상품예약 및 결제,예약 시 룸 가능 여부를 확인해주나요?,네.,액티벤처:90657
상품예약 및 결제,공항 픽업 서비스를 무료로 제공받을 수 있나요?,네.,액티벤처:90654
상품예약 및 결제,호텔 예약은 어떻게 진행해야 하나?,이메일로 정보 전송,액티벤처:90646
상품예약 및 결제,예약 시 보내야 할 정보는 어떻게 전달하나요?,이메일로 전송,액티벤처:90658
상품예약 및 결제,공항 픽업 서비스가 모든 지역에서 무료인가?,아니요.,액티벤처:90660
상품예약 및 결제,사마베 발리 허니문 패키지에 데브단쇼 관람이 포함되어 있나요?,네.,액티벤처:90664
상품예약 및 결제,공항 픽업 서비스를 이용하지 않을 경우 대신 제공받을 수 있는 서비스는 무엇인가?,남부 지역 호텔 간 이동 또는 공항 샌딩,액티벤처:90672
요금 및 견적,객실 가능 여부는 어떻게 확인하나요?,예약 시점에 체크,액티벤처:90678
상품예약 및 결제,더 체디클럽 따나 가자 원베드 풀빌라는 어떻게 예약할 수 있어?,이메일로 정보 전송,액티벤처:90661
상품예약 및 결제,호텔 예약 시 아동에게 조식이 제공되니?,응.,액티벤처:90666
요금 및 견적,3박 이상 예약 시 무료 공항 픽업 서비스를 제공받을 수 있나요?,네.,액티벤처:90662
상품예약 및 결제,예약금은 어떻게 입금해야 하나요?,현금으로 입금,액티벤처:90657
상품예약 및 결제,공항 픽업 서비스를 무료로 제공하나요?,아니요.,액티벤처:90667
요금 및 견적,더 스톤즈는 현재 예약이 가능한가요?,아니요.,액티벤처:90663
상품예약 및 결제,공항 픽업 서비스를 반드시 이용해야 하나요?,아니요.,액티벤처:90661
상품예약 및 결제,공항 픽업은 무료로 제공되나요?,아니요.,액티벤처:90665
상품예약 및 결제,공항 픽업 서비스는 어떻게 이용할 수 있어?,무료/특가로,액티벤처:90666
요금 및 견적,공항 픽업 서비스는 어떻게 이용할 수 있나요?,항공편명 제공,액티벤처:90663
요금 및 견적,우붓 지역도 공항 픽업 서비스가 가능한가요?,아니요.,액티벤처:90677
요금 및 견적,W리조트 예약 시 결제는 어떻게 해야 하나요?,익일까지 예약금 입금,액티벤처:90675
상품예약 및 결제,아동 조식은 무료로 제공되나요?,네.,액티벤처:90684
상품예약 및 결제,공항 픽업 서비스는 몇 회 무료로 제공되나?,1회 무료,액티벤처:90671
상품예약 및 결제,공항 픽업은 무료로 제공되나요?,네.,액티벤처:90674
상품예약 및 결제,공항 픽업 서비스는 무료인가요?,아니요.,액티벤처:90673
요금 및 견적,체크인 한 달 전 취소 시 전액 취소 수수료가 발생하나요?,아니요.,액티벤처:90675
상품예약 및 결제,예약 완납 후 추가로 받을 수 있는 정보가 있나요?,네.,액티벤처:90672
상품예약 및 결제,예약에 필요한 대표 연락처 정보를 제공해야 하는 사람은 누구인가요?,가족 대표 한 분,액티벤처:90684
상품예약 및 결제,허니문 예약은 어떻게 진행해야 하나요?,이메일로 정보 전송,액티벤처:90670
상품예약 및 결제,호텔 잔금은 체크인 한 달 전에 입금할 수 있나요?,"네, 가능해요.",액티벤처:90680
상품예약 및 결제,공항 트랜스퍼 서비스는 어떻게 이용할 수 있나요?,드랍 서비스로 가능,액티벤처:90688
상품예약 및 결제,공항 픽업 서비스를 모든 지역에서 무료로 제공하나요?,아니요.,액티벤처:90669
상품예약 및 결제,우붓 지역도 공항 픽업이 무료인가?,아니요.,액티벤처:90671
요금 및 견적,인디고 스미냑 오아시스룸에 아동 2명 조식이 무료로 제공되나요?,네.,액티벤처:90676
요금 및 견적,호텔 예약 시 무엇이 포함되어 있나요?,조식과 세금,액티벤처:90677
요금 및 견적,소피텔 콤비패키지에서 아동에게 추가로 지불해야 하는 비용은 무엇인가요?,식사비,액티벤처:90685
상품예약 및 결제,체크아웃 후에도 호텔 시설을 이용할 수 있나요?,네.,액티벤처:90694
요금 및 견적,공항 픽업 서비스는 어떻게 제공되나요?,무료 또는 특가,액티벤처:90676
상품예약 및 결제,공항 픽업 서비스는 누구와 함께 이용하나요?,다른 손님,액티벤처:90683
요금 및 견적,호텔 예약 시 대표자로 알려야 할 사람은 누구인가요?,가족대표,액티벤처:90681
상품예약 및 결제,공항 픽업 서비스는 어떻게 이용할 수 있나요?,항공편명 정보 제공,액티벤처:90686
요금 및 견적,우붓 지역도 공항 픽업 서비스에 포함되나요?,아니요.,액티벤처:90681
요금 및 견적,호텔 결제는 어떻게 할 수 있나요?,현금 결제,액티벤처:90681
상품예약 및 결제,객실 예약 가능 여부는 어떻게 확인할 수 있나요?,실시간 확인 가능,액티벤처:90683
상품예약 및 결제,자파스위트 호텔은 현재 예약대행이 가능한가요?,아니요.,액티벤처:90682
상품예약 및 결제,알릴라 스미냑 호텔의 특전 할인은 어떻게 받을 수 있나요?,60일 전 예약,액티벤처:90682
요금 및 견적,어린이 조식은 얼마로 계산되나?,1박당 15불,액티벤처:90696
상품예약 및 결제,공항 픽업 서비스가 우붓 지역에서도 무료로 제공되나요?,아니요.,액티벤처:90683
요금 및 견적,물리아리조트 스윗오션코트는 얼리버드 할인이 가능한가요?,네.,액티벤처:90678
상품예약 및 결제,호텔 예약금은 어떻게 결제해야 하나요?,현금으로 익일까지,액티벤처:90680
상품예약 및 결제,체크아웃 후 시간을 어떻게 보내나요?,라스트데이 투어,액티벤처:90694
상품예약 및 결제,공항 픽업 서비스를 우붓 지역에서도 제공하나요?,아니요.,액티벤처:90687
요금 및 견적,우붓 지역에서 무료 픽업 서비스가 있나요?,아니요.,액티벤처:90685
상품예약 및 결제,카드로 전체 예약 결제가 가능한가요?,네.,액티벤처:90688
요금 및 견적,아동 2명이 모두 무료로 숙박할 수 있나?,아니요.,액티벤처:90702
예약변경 및 취소,성수기 취소 시 2박 요금이 발생하는 기준은 어떻게 되나요?,14일 전 취소,액티벤처:90703
상품예약 및 결제,아동 2명이 동반 입실할 때 추가 요금 없이 가능한가요?,아니요.,액티벤처:90695
상품예약 및 결제,공항 픽업 서비스는 1회 제공되나요?,네.,액티벤처:90691
상품예약 및 결제,림바 아야나 호텔 예약 시 제공되는 추가 혜택은 어떻게 되나?,탈라소테라피 1시간,액티벤처:90692
상품예약 및 결제,엑스트라 베드가 필요한가요?,아니요.,액티벤처:90690
상품예약 및 결제,카드 결제 시 총 금액은 어떻게 계산되나요?,기본요금+수수료,액티벤처:90690
상품예약 및 결제,인디고 클래식룸 예약이 가능한가요?,네.,액티벤처:90668
상품예약 및 결제,마라리버에서 다른 지역으로 이동하는 방법은 어떻게 되나?,유료 차량,액티벤처:90693
상품예약 및 결제,마라리버 사파리 롯지의 서비스를 무료로 제공하는 주체는 누구야?,리조트,액티벤처:90693
요금 및 견적,리츠칼튼 객실에 엑스트라베드가 제공되나?,아니요.,액티벤처:90696
상품예약 및 결제,숙소 예약이 불가능한가요?,아니요.,액티벤처:90708
상품예약 및 결제,호텔 예약 시 필요한 정보는 무엇을 제출해야 하나요?,"영문 이름, 주민번호 앞 6자리, 항공 스케줄",액티벤처:90695
예약변경 및 취소,물리아 호텔 예약 시 얼리버드 할인이 적용되었나요?,네.,액티벤처:90703
예약변경 및 취소,화산 폭발 시 호텔 환불은 어떻게 처리되나요?,대부분 환불,액티벤처:90698
예약변경 및 취소,파드마 우붓 호텔은 패널티 없이 취소가 가능한가?,네.,액티벤처:90699
요금 및 견적,렌트카는 어떻게 선택해야 하나요?,16인승 추천,액티벤처:90700
"일반문의(여행준비, 인터넷, 교통, 안전 등)",성인 3명 투숙 시 추가로 무엇을 내야 하나?,엑스트라 베드 비용,액티벤처:90707
예약변경 및 취소,발리공항이 폐쇄되면 전액 환불이 가능한가?,네.,액티벤처:90697
예약변경 및 취소,공항이 폐쇄되면 모든 호텔에서 환불해주나요?,아니요.,액티벤처:90698
요금 및 견적,더물리아 리조트의 조식은 어떤 방식으로 제공되나요?,뷔페와 알라카르트,액티벤처:90701
상품예약 및 결제,1박 예약 시 조식이 포함되나요?,아니요.,액티벤처:90704
요금 및 견적,카드 결제 시 현금 결제와 가격이 다른가요?,네.,액티벤처:90705
요금 및 견적,현재 허니문 좌석이 모두 예약되어 있나?,아니요.,액티벤처:90735
요금 및 견적,루마스파 예약을 대행해줄 수 있나요?,아니요.,액티벤처:90700
"일반문의(여행준비, 인터넷, 교통, 안전 등)",더 라구나 누사두아에서 버틀러 서비스를 받을 수 있어?,아니.,액티벤처:90707
요금 및 견적,더물리아 리조트 패키지에 디너가 포함되어 있나요?,네.,액티벤처:90701
상품예약 및 결제,공항 픽업 서비스는 어떻게 받을 수 있나요?,"영문명, 주민번호 앞 6자리 제공",액티벤처:90713
예약변경 및 취소,예약금을 입금해야 하는 사람은 누구야?,고객,액티벤처:90719
요금 및 견적,예산 100만 원으로 모든 숙박 옵션이 가능한가?,아니요.,액티벤처:90706
상품예약 및 결제,호텔에서 무료 픽업 서비스를 제공하나요?,아니요.,액티벤처:90712
"일반문의(여행준비, 인터넷, 교통, 안전 등)",아야나 리조트에서 꾸따 시내까지는 어떻게 이동할 수 있나요?,택시로 이동,액티벤처:90721
"일반문의(여행준비, 인터넷, 교통, 안전 등)",발리 현지에서 추가 서비스를 어떻게 신청할 수 있나?,메일 확인 후 연락,액티벤처:90717
상품예약 및 결제,H소버린 호텔에 특전이 있나요?,아니요.,액티벤처:90710
요금 및 견적,신용카드로 해외 호텔 예약 결제가 가능한가요?,아니요.,액티벤처:90718
예약변경 및 취소,여행일자 일주일 전 취소 시 수수료 없이 환불 가능한가요?,네.,액티벤처:90719
요금 및 견적,세인트 레지스 호텔에 디럭스룸이 있나요?,아니요.,액티벤처:90716
요금 및 견적,하루 가이드 패키지는 어떻게 구성되어 있나요?,차량 렌탈과 가이드 포함,액티벤처:90716
상품예약 및 결제,보통석 좌석이 모두 마감되었나요?,네.,액티벤처:90726
상품예약 및 결제,발리 내셔널 CC에서 2인 골프 예약이 가능한가요?,네.,액티벤처:90713
요금 및 견적,아야나 리조트 객실은 모두 무료 조식이 제공되나?,아니요.,액티벤처:90722
요금 및 견적,무료 공항 픽업은 어떻게 제공되나?,3박 이상 예약 시 1회 제공,액티벤처:90711
요금 및 견적,해외에서 호텔 예약은 어떻게 진행하나요?,여권 영문명 제출,액티벤처:90718
요금 및 견적,아야나 호텔에 특별 서비스가 있나?,네.,액티벤처:90711
상품예약 및 결제,콘래드 발리의 디럭스 라군 룸은 예약 가능한가요?,네.,액티벤처:90715
예약변경 및 취소,예약금은 얼마로 걸어놓아야 하나요?,1인당 30만 원,액티벤처:90719
요금 및 견적,객실 예약은 어떻게 진행하나요?,실시간 체크 후 예약,액티벤처:90706
상품예약 및 결제,호텔 예약은 어떻게 진행되나요?,이메일이나 전화로,액티벤처:90715
"일반문의(여행준비, 인터넷, 교통, 안전 등)",물리아 풀빌라 예약 시 중식은 무료로 제공되나?,아니요.,액티벤처:90717
"일반문의(여행준비, 인터넷, 교통, 안전 등)",추가 옵션은 출발 일주일 전까지 취소가 가능한가요?,네.,액티벤처:90721
상품예약 및 결제,인터넷에서 바로 예약이 가능한 상품인가요?,아니요.,액티벤처:90720
요금 및 견적,아동 조식은 어떻게 추가할 수 있나요?,1인당 $15,액티벤처:90731
요금 및 견적,가루다 항공으로 4박 6일 여행 일정 예약이 가능한가요?,네.,액티벤처:90729
요금 및 견적,호텔 조식은 어떻게 제공되나요?,전원 포함됨,액티벤처:90723
상품예약 및 결제,발리여행에 누구와 함께 가나요?,가족과 아이,액티벤처:90728
상품예약 및 결제,발리 여행 항공권은 어떻게 예약하는 게 좋나요?,"직항 2개월, 경유 3개월 전",액티벤처:90728
"일반문의(여행준비, 인터넷, 교통, 안전 등)",모든 풀빌라 리조트에서 공항 셔틀버스를 제공하나?,아니요.,액티벤처:90725
요금 및 견적,아동 2명과 함께 호텔 투숙이 가능한가요?,네.,액티벤처:90723
요금 및 견적,호텔 예약 시 필요한 대표 정보는 누구의 것인가요?,대표자 정보,액티벤처:90723
요금 및 견적,허니문 상품의 가격 차이는 어떻게 발생하나?,체크인 날짜별로,액티벤처:90736
요금 및 견적,허니문 상품 예약 시 조기 예약 할인 혜택이 있나요?,네.,액티벤처:90736
"일반문의(여행준비, 인터넷, 교통, 안전 등)",데이크루즈 프로그램을 통해 어떻게 해양스포츠를 체험할 수 있나?,베노아로 이동,액티벤처:90725
요금 및 견적,인사이드 발리 책자의 할인권은 어떻게 적용되나요?,일반 항공권에만 적용,액티벤처:90729
요금 및 견적,허니문 비행편 예약 시 추가 요금은 얼마야?,6만 원,액티벤처:90735
요금 및 견적,호텔 객실 예약은 어떻게 진행하나요?,실시간 확인,액티벤처:90705
상품예약 및 결제,그룹항공권 예약자가 사용하려는 것은 무엇인가요?,할인쿠폰,액티벤처:90730
상품예약 및 결제,가루다 항공권에서 7일 표기는 무엇을 의미하나요?,티켓 유효기간,액티벤처:90726
상품예약 및 결제,부산에서 발리로 직항편이 있나요?,아니요.,액티벤처:90733
상품예약 및 결제,단체 우대 할인이 가능한가요?,네.,액티벤처:90724
상품예약 및 결제,허니문 성수기 예약은 어떻게 하는 게 좋나요?,미리 예약,액티벤처:90733
"일반문의(여행준비, 인터넷, 교통, 안전 등)",마사지와 체험이 포함된 상품을 준비할 수 있나요?,네.,액티벤처:90734
상품예약 및 결제,자유 일정 중에 가이드가 함께 다니나요?,아니요.,액티벤처:90741
상품예약 및 결제,항공권 예약은 어떤 방법으로 진행할 수 있나요?,전화 예약,액티벤처:90727
요금 및 견적,발리-자카르타 왕복 요금은 어떻게 확인할 수 있나요?,전화 문의,액티벤처:90745
요금 및 견적,파드마우붓에 4인 가족이 한 객실에서 묵을 수 있나요?,아니요.,액티벤처:90731
상품예약 및 결제,그룹항공권의 좌석 사전 배정이 가능한가요?,아니요.,액티벤처:90730
상품예약 및 결제,발리에서 자카르타로 가는 국내선은 어떻게 예약해?,별도 예약 필요,액티벤처:90754
요금 및 견적,엑스트라 베드 요금은 얼마인가요?,1박 5만 원,액티벤처:90738
상품예약 및 결제,발리 여행에서 풀빌라는 어떻게 선택할 수 있나요?,비치와 시내 근접 고려,액티벤처:90740
예약변경 및 취소,워터붐의 운영시간은 어떻게 되지?,오전 9시부터 오후 6시까지 이용할 수 있어.,액티벤처:90732
예약변경 및 취소,워터붐 일정을 조정할 수 있나요?,네.,액티벤처:90732
요금 및 견적,인천에서 10시 35분에 출발하나요?,아니요.,액티벤처:90745
요금 및 견적,노보텔 두사누아 리조트 가격은 어떻게 책정되나요?,"2인 170불, 3인 +85불",액티벤처:90743
상품예약 및 결제,항공권과 숙박을 패키지로 예약하면 추가 서비스를 받을 수 있나요?,네.,액티벤처:90740
예약변경 및 취소,네피데이 당일 발리 공항은 정상 운영되나요?,아니요.,액티벤처:90747
상품예약 및 결제,발리 여행 패키지는 어떻게 예약할 수 있나요?,온라인 상담으로 가능,액티벤처:90758
상품예약 및 결제,할인 항공권은 일정 변경이 가능한가?,아니요.,액티벤처:90737
요금 및 견적,다른 리조트와 노보텔 두사누아의 가격 정책이 동일한가요?,아니요.,액티벤처:90743
요금 및 견적,콘래드 리조트 예약을 진행할 수 있나요?,네.,액티벤처:90738
요금 및 견적,인천-발리-자카르타-인천 항공권 예약이 가능한가요?,네.,액티벤처:90748
요금 및 견적,단체 항공권 할인을 받을 수 있는 최소 인원은 누구를 기준으로 계산하나요?,어른,액티벤처:90751
상품예약 및 결제,아스톤 프라다 호텔은 가족 여행에 적합한가요?,네.,액티벤처:90744
예약변경 및 취소,네피데이에는 무엇이 금지되나요?,외출과 여행,액티벤처:90747
요금 및 견적,가족 여행에 적합한 리조트는 어떻게 선택하나요?,올인클루시브 상품 고려,액티벤처:90775
요금 및 견적,현재 대한항공 발리 노선에 모든 승객이 예약 가능한가요?,아니요.,액티벤처:90751
요금 및 견적,현재 5박 예약 시 할인 혜택이 확정되어 있나요?,아니요.,액티벤처:90752
요금 및 견적,좌석 상황은 어떻게 확인할 수 있나요?,전화로 문의,액티벤처:90748
상품예약 및 결제,발리 여행이 현재 안전한가?,네.,액티벤처:90762
요금 및 견적,미라지 리조트 예약은 어떻게 진행되나요?,계약금 입금,액티벤처:90756
상품예약 및 결제,"인천-발리 왕복 항공권 590,000원에 세금이 포함되어 있어?",아니.,액티벤처:90754
상품예약 및 결제,디시니 풀빌라는 가격 대비 만족도가 높나요?,네.,액티벤처:90750
상품예약 및 결제,"2,000불 미만 호텔 옵션을 쉽게 찾을 수 있나요?",아니요.,액티벤처:90749
요금 및 견적,발릭파판에서 사마린다로 가는 방법이 비행기인가?,아니요.,액티벤처:90765
요금 및 견적,4살과 유아는 조식 요금을 내야 하나요?,아니요.,액티벤처:90760
요금 및 견적,트리플 룸 3박 요금은 얼마인가요?,약 60만 원,액티벤처:90752
요금 및 견적,미라지 리조트에 한국어 가능한 직원이 있나요?,네.,액티벤처:90756
상품예약 및 결제,쿠폰 할인은 어떻게 받을 수 있나?,팩스로 전송,액티벤처:90762
요금 및 견적,아기침대는 어떻게 예약할 수 있나요?,객실 예약 시 요청,액티벤처:90760
상품예약 및 결제,요청한 날짜에 디럭스룸 2개 예약이 가능한가요?,네.,액티벤처:90771
요금 및 견적,패키지 상품을 이용하면 중석식이 포함되나요?,네.,액티벤처:90775
요금 및 견적,가루다인도네시아 항공은 오픈티켓이 가능한가?,아니요.,액티벤처:90768
예약변경 및 취소,여행 연기를 위해 최소 일주일 전에 알려야 하나요?,네.,액티벤처:90764
요금 및 견적,그랜드미라지에서 매일 저녁 특별한 이벤트가 있나요?,네.,액티벤처:90767
상품예약 및 결제,공항에서 리조트까지 리무진 서비스가 제공되나?,아니요.,액티벤처:90774
요금 및 견적,차량과 가이드를 요청할 경우 비용은 어떻게 계산되나요?,반나절 $200,액티벤처:90773
상품예약 및 결제,호텔 예약은 어떻게 진행할 수 있나요?,이메일로 요청,액티벤처:90771
요금 및 견적,어린이는 단체 항공권 인원 계산에서 어떻게 처리되나요?,2명이 1명,액티벤처:90751
요금 및 견적,계약서를 오늘 중에 메일로 받을 수 있나요?,네.,액티벤처:90773
예약변경 및 취소,여행 출발 20일 전 취소 시 취소 수수료가 있나요?,아니요.,액티벤처:90793
상품예약 및 결제,현재 조기예약 할인이 있나요?,아니요.,액티벤처:90776
상품예약 및 결제,신혼여행 예약을 위해 어떻게 준비해야 해?,"여권, 연락처 준비",액티벤처:90776
상품예약 및 결제,선택관광 리스트에 사이클링이 포함되어 있나요?,아니요.,액티벤처:90784
요금 및 견적,컨터키 발리 리조트에 원하는 날짜에 객실이 모두 예약 가능한가요?,아니요.,액티벤처:90778
상품예약 및 결제,호텔 픽업 서비스가 무료인가요?,아니요.,액티벤처:90772
상품예약 및 결제,현재 예약이 꽉 찼나요?,아니요.,액티벤처:90786
요금 및 견적,신혼여행 패키지에 신부나 신랑 반값 할인이 있나요?,아니요.,액티벤처:90782
예약변경 및 취소,레이트 체크아웃은 어떻게 진행되나요?,1박 요금 추가,액티벤처:90763
요금 및 견적,가루다 항공 요금이 현재 확정되었나요?,아니요.,액티벤처:90788
"일반문의(여행준비, 인터넷, 교통, 안전 등)",르메르디앙 호텔에 다시 머물 계획이야?,아니.,액티벤처:90780
요금 및 견적,조기예약 할인 혜택이 있나요?,아니요.,액티벤처:90792
요금 및 견적,모벤픽 호텔에 조식이 포함되어 있나요?,네.,액티벤처:90779
요금 및 견적,발리에서 골프 클럽 렌탈이 가능한가?,네.,액티벤처:90781
요금 및 견적,게스트하우스 예약에 필요한 서류가 있나요?,네.,액티벤처:90777
요금 및 견적,발리에서 리조트 밖 식사는 어떻게 해결할 수 있어?,다양한 식당 이용,액티벤처:90781
요금 및 견적,객실 예약 시 성인으로 간주되는 아동의 나이는 몇 세야?,13세,액티벤처:90797
상품예약 및 결제,"호텔 예약 가격은 120,000원인가요?",네.,액티벤처:90785
예약변경 및 취소,여행 취소 시 수수료는 어떻게 계산되나요?,10~30% 차감,액티벤처:90764
상품예약 및 결제,그랜드하얏트의 리모델링은 현재 어떻게 진행되고 있나?,반 정도 완료,액티벤처:90783
요금 및 견적,해양 스포츠 비용은 얼마나 되나요?,1인당 70달러,액티벤처:90778
상품예약 및 결제,발리 여행 숙소 예약은 어떻게 진행하나요?,상담 후 정보 접수,액티벤처:90770
"일반문의(여행준비, 인터넷, 교통, 안전 등)",가족 여행 시 아이들과 함께 즐길 수 있는 수영장은 어떻게 찾을 수 있나?,리조트 홈페이지 확인,액티벤처:90780
상품예약 및 결제,한 곳에서 4박을 모두 묵을 수 있나요?,아니요.,액티벤처:90787
상품예약 및 결제,여권 신청은 보통 얼마나 걸리나?,2주 정도,액티벤처:90786
요금 및 견적,발리 여행이 안전한가요?,네.,액티벤처:90789
요금 및 견적,가루다 항공의 요금은 어떻게 책정되나요?,약 70만원에 세금 추가,액티벤처:90788
예약변경 및 취소,여행 출발 10일 전 취소 시 취소 수수료는 얼마인가?,여행경비의 10%,액티벤처:90793
상품예약 및 결제,베스트웨스턴 호텔 예약은 어떻게 진행하나요?,잔금 입금 후 연락,액티벤처:90785
요금 및 견적,신혼여행 풀빌라 예약은 어떻게 하나요?,전화나 이메일로,액티벤처:90795
요금 및 견적,3박 이상 예약 시에는 1회에 한정해 무료로 무엇이 제공되지?,공항픽업,액티벤처:90790
요금 및 견적,3박 이상 예약 시 제공되는 서비스는 어떻게 받을 수 있어?,공항 픽업,액티벤처:90797
요금 및 견적,TWIN BEDS LAGOON ACCESS 객실에 아이들과 함께 투숙할 수 있나요?,아니요.,액티벤처:90790
요금 및 견적,리조트 예약 시 제공되는 특전은 무엇인가요?,"중식 2인 2회, 무알콜 미니바",액티벤처:90790
요금 및 견적,조류독감으로 인한 여행 일정 변경은 어떻게 대처하나요?,"새공원 제외, 다른 관광 포함",액티벤처:90789
요금 및 견적,풀빌라 가격이 1박에 30만 원 미만인가요?,아니요.,액티벤처:90795
예약변경 및 취소,발리 지역에 현재 취소된 예약이 있나요?,아니요.,액티벤처:90791
상품예약 및 결제,가루다 항공 단체 할인 항공권 요금은 어떻게 예상하나요?,64만 원부터,액티벤처:90799
요금 및 견적,Grand Deluxe Ocean Court와 Grand Deluxe Lagoon 객실은 현재 예약 가능해?,응.,액티벤처:90797
상품예약 및 결제,싱가폴 항공 마일리지 적립 항공권으로 예약할 수 있나요?,네.,액티벤처:90799
상품예약 및 결제,퀵실버 프로그램에서 스노클링을 즐길 수 있니?,응.,액티벤처:90796
요금 및 견적,TAX 금액은 환율에 따라 변동될 수 있나?,네.,액티벤처:90798
요금 및 견적,올인클루시브는 일반 패키지와 무엇이 다르지?,호텔 내에서 모든 식사가 포함되어 편안하게 휴양할 수 있는 옵션이야.,액티벤처:90794
요금 및 견적,더 저렴한 자카르타 여행 방법은 어떻게 하면 되나?,인천-발리 경유,액티벤처:90798
배송문의,삼성 케어 플러스 보험은 1년 동안 무료인가?,"예, 삼성 케어 플러스 보험은 1년 동안 무료입니다.",엘지유플러스:40001
명의/번호/유심 변경,명의변경을 하면 요금 혜택이 없어지나요?,아니요.,엘지유플러스:40002
명의/번호/유심 변경,위임장은 며칠 이내로 작성된 것이어야 합니까?,7일,엘지유플러스:40002
명의/번호/유심 해지,해지 신청을 유선으로 할 때 팩스를 사용해야 하는 이유는 무엇입니까?,개인 정보가 포함되어 이메일은 외부로 노출될 수 있어서입니다.,엘지유플러스:40006
소액 결제,다른 통신사의 경우 개통 당일부터 소액결제를 이용할 수 있습니까?,네.,엘지유플러스:40004
결합할인,휴대 전화 구매 후 파손 보험을 유선으로 신청할 수 있습니까?,"네, 구매 후 일정 기간 가능합니다.",엘지유플러스:40007
명의/번호/유심 변경,핸드폰 명의 변경 시 위약금이 발생하나요?,"예, 위약 해지 시 위약금이 발생합니다.",엘지유플러스:40008
명의/번호/유심 해지,해지 신청을 하면 통상 몇 시간 이내에 처리가 됩니까?,한 시간,엘지유플러스:40006
가입 안내,인증 방법에는 무엇이 있습니까?,U 패스 인증과 일반 SMS 인증 문자가 있습니다.,엘지유플러스:40009
복지할인 등록,차상위 계층 증명서는 어떻게 발급받을 수 있나요?,시청이나 동사무소,엘지유플러스:40010
요금제 변경,요금제 변경 시 초과 사용분은 어떻게 처리되나요?,과금되지 않음,엘지유플러스:40003
소액 결제,구글플레이 결제 건은 카드사에서 취소할 수 있습니까?,아니요.,엘지유플러스:40014
해지 안내,휴대전화 해지를 위해 무엇을 통신사에 제출해야 합니까?,신분증과 해지 신청서,엘지유플러스:40012
소액 결제,원천 차단 진행은 어떻게 진행됩니까?,담당 부서에 상담사가 접수하면 부서에서 고객에게 직접 연락하여 진행합니다.,엘지유플러스:40018
소액 결제,소액결제 차단 해제를 요청한 사람은 누구인가요?,본인,엘지유플러스:40036
요금 안내,LTE 요금제로 변경하기 위해 어떻게 해야 하나요?,전산상에 등록 후 요금제 변경,엘지유플러스:40033
소액 결제,휴대폰 소액결제 차단을 해제하려면 어떻게 해야 하나요?,전화로 바로 가능,엘지유플러스:40036
소액 결제,통신사에서 구글 결제 취소를 직접 처리할 수 있나요?,아니요.,엘지유플러스:40030
요금제 변경,라이트 요금제는 몇 GB가 제공되지?,6GB,엘지유플러스:40035
부가서비스 안내,LGU+ PASS 앱에서 본인 확인은 어떻게 하나요?,휴대폰 로그인,엘지유플러스:40037
부가서비스 안내,LGU+ 중고 보상 프로그램은 어떻게 진행되나요?,2년 동안 할부금 납부 후 새 기기 변경 시 혜택 제공,엘지유플러스:40041
명의/번호/유심 일시정지,장기 일시 정지를 위해서는 유학 관련 서류나 비행기 티켓 등의 증빙 서류가 필요한가?,"예, 장기 일시 정지를 위해서는 유학 관련 서류나 비행기 티켓 등의 증빙 서류가 필요합니다.",엘지유플러스:40042
요금 안내,5G 프리미어 레귤러 요금제는 테더링으로 50GB까지 사용할 수 있나요?,"예, 맞습니다. 50GB까지 테더링으로 이용 가능합니다.",엘지유플러스:40045
명의/번호/유심 일시정지,이 상담에서 핸드폰 일시 정지를 요청한 사람은 누구인가?,아내를 따라 해외에 간 남편,엘지유플러스:40042
선택약정 할인,선택약정 할인을 받을 경우 요금제를 어떻게 변경하면 할인율이 더 높아지나요?,자동으로 변경,엘지유플러스:40057
요금제 변경,새로운 요금제를 사용하면 데이터 1.5GB를 다 쓸 때까지 문자가 안 와?,"아니, 다 쓰기 전부터 미리 알려줘.",엘지유플러스:40061
명의/번호/유심 해지,이 상담을 통해 해지가 접수된 번호는 몇 개야?,1개,엘지유플러스:40064
요금제 변경,5G스탠다드 요금제는 데이터 기본 제공량을 사용하면 그 이후에 사용하는 데이터에 요금이 부과돼?,"아니, 오메가라는 속도로 데이터를 계속 이용할 수 있어.",엘지유플러스:40073
요금제 변경,5G슬림+요금제를 사용하면 기본으로 제공되는 데이터는 몇 GB야?,6GB,엘지유플러스:40076
결합할인,참쉬운 가족결합 서비스에 가입하면 휴대전화를 몇 회선까지 결합해서 할인받을 수 있어?,10회선,엘지유플러스:40077
선택약정 할인,선택약정할인에 가입하면 가입 날짜 전에 이용한 금액도 할인돼?,"아니, 가입 날짜 이후에만 적용이 돼.",엘지유플러스:40081
선택약정 할인,선택약정할인 가입 기간 내에 U+ 안에서 기기변경을 해도 반환금이 청구돼?,"아니, 다른 통신사로 이동했을 때 반환금이 청구돼.",엘지유플러스:40081
결합할인,투게더 결합은 두 명을 결합할 때도 적용이 돼?,"아니, 4인 이상만 돼.",엘지유플러스:40088
요금제 변경,1.5GB의 무료 데이터를 제공하는 요금제는 그 이상 사용하면 추가 요금이 부과돼?,응.,엘지유플러스:40089
선택약정 할인,선택약정을 2년 연장하는 경우 할인율은 어떻게 되지?,25%,엘지유플러스:40091
결합할인,LGU+ 투게더 결합 시 4인 기준으로 받을 수 있는 최대 할인 혜택은 무엇인가?,광고에 나오는 투게더 용량,엘지유플러스:40088
요금 납부,가상계좌로 미납 요금을 입금하면 바로 수납 처리되나요?,네.,엘지유플러스:40094
선택약정 할인,통신사를 변경하지 않고 기기만 변경하면 위약금이 부과되지 않는 것인가요?,네.,엘지유플러스:40091
부가서비스 안내,인터넷 관련 문의를 위한 전화 요금은 무료인가요?,네.,엘지유플러스:40099
요금제 변경,데이터 6GB 초과 후에도 인터넷 사용이 완전히 차단되나요?,"아니요, 속도는 느려지지만 계속 사용할 수 있습니다.",엘지유플러스:40116
요금제 변경,해당 요금제로 평균적으로 몇 GB의 데이터를 사용하나요?,4GB,엘지유플러스:40125
요금제 변경,요금제 변경 시 약정 조건이 있나요?,"아니요, 약정 없이 요금제를 변경할 수 있습니다.",엘지유플러스:40121
요금 납부,가상계좌는 어떻게 받을 수 있나요?,문자로 발송,엘지유플러스:40129
요금 안내,제휴카드 할인 내용을 카드사 청구서에서 확인할 수 있나요?,아니요.,엘지유플러스:40137
내역 조회,연체 가산율은 모두 20%로 일정하게 적용돼?,"아니, 소액결제에는 별도의 5% 비율이 적용돼.",엘지유플러스:40186
부가서비스 안내,부가서비스 취소 신청을 하려면 어떻게 해야 해?,앱에 접속하여 취소 신청하거나 고객센터에 연락하여 취소해달라고 요청하면 된다.,엘지유플러스:40151
기기변경,LGU+ 통신사에서 기기변경 시 약정기간을 유지하려면 어떻게 해야 하나요?,통신사 변경 없이 기기변경만 하면 됩니다.,엘지유플러스:40150
기기변경,통신사를 바꾸지 않고 기기를 변경하면 위약금이 부과되지 않나요?,네.,엘지유플러스:40150
부가서비스 안내,스마트 피싱 보호 서비스는 유료인가요?,"네, 유료 서비스입니다.",엘지유플러스:40151
요금 안내,요금제를 변경해도 금액은 동일한가요?,"아니요, 금액에는 약간 차이가 있습니다.",엘지유플러스:40152
선택약정 할인,선택약정 기간을 채우지 못하고 해지하면 반환금이 발생하나요?,"네, 선택약정 기간이 끝나기 전에 해지하면 반환금이 발생합니다.",엘지유플러스:40159
요금제 변경,데이터33 요금제에서 제공되는 데이터량은 얼마인가요?,데이터33 요금제는 1.5GB의 데이터를 기본으로 제공합니다.,엘지유플러스:40180
요금 안내,현재 자동이체가 등록된 카드는 무엇인가요?,국민카드,엘지유플러스:40170
납부 방법 변경,기존의 카드가 제휴카드였던 경우 할인이 중단될 수 있나요?,"네, 카드사 제휴카드였다면 할인이 중단될 수 있습니다.",엘지유플러스:40168
요금제 변경,요금제는 예약한 날 몇 시에 변경되나요?,밤 12시,엘지유플러스:40158
요금 안내,이번에 청구된 핸드폰 요금은 두 달치 금액인가요?,"아니요, 한 달치 요금입니다.",엘지유플러스:40163
요금제 변경,휴대폰 약정이 끝나기 전에 선택약정을 미리 연장할 수 있나요?,"네, 약정 만료일 이전에 미리 선택약정을 예약할 수 있습니다.",엘지유플러스:40169
요금 안내,청구서에는 왜 다른 카드로 표시되어 있었던 거죠?,"요금의 후불제 방식으로 인해, 청구서에는 특정 날짜까지 기존 결제카드로 청구된다고 표기되었기 때문입니다.",엘지유플러스:40170
선택약정 할인,"약정 기간이 12개월과 24개월일 때, 할인율이 서로 다른가요?","아니요, 할인율은 25%로 동일합니다.",엘지유플러스:40172
요금제 변경,변경한 요금제가 불편할 경우 다시 변경할 수 있나요?,"네, 한 달만에도 요금제를 변경할 수 있습니다.",엘지유플러스:40171
선택약정 할인,선택약정할인 신청 시 반환금 발생 조건은 무엇인가요?,"중도 해지, 미적용 단말기로 기기 변경, 약정 미승계, 명의 변경 시 반환금이 발생할 수 있습니다.",엘지유플러스:40167
선택약정 할인,선택약정 가입 중 반환금이 발생하는 상황으로 무엇이 있나요?,"중도해지, 미적용 단말기로 기기변경, 약정 미승계, 명의변경 등이 있습니다.",엘지유플러스:40172
납부 방법 변경,맘대로폰교체 서비스로 기기 교체 시 선택할 수 있는 기종에 제한이 있나요?,"아니요, 동일 모델이나 다른 모델 상관없이 품질 보증된 휴대폰으로 교체 가능합니다.",엘지유플러스:40173
요금제 변경,선택약정할인 중에 약정 기간을 채우지 못하고 해지하면 어떻게 되나요?,약정 기간을 채우지 못하고 중도 해지 시 반환금이 발생할 수 있습니다.,엘지유플러스:40169
요금 안내,시니어33 요금제에서 제공되는 데이터는 얼마나 되나요?,"시니어33 요금제에서는 매월 1.7GB의 데이터를 제공하며, 초과 시 추가요금이 발생할 수 있습니다.",엘지유플러스:40176
납부 방법 변경,맘대로폰교체 서비스로 기기 교체 시 추가 기기값이 발생하나요?,"아니요, 교체 시에는 별도의 기기값이 발생하지 않으며 수수료만 지불하면 됩니다.",엘지유플러스:40173
소액 결제,오프라인으로 소액결제를 이용하려면 어떻게 해야 하나요?,멤버스 어플에서 결제가 가능합니다.,엘지유플러스:40177
요금 납부,카드 할부를 몇 개월로 결제 하였나요?,4개월,엘지유플러스:40178
내역 조회,결합 할인으로 음악 관련 요금의 몇 퍼센트를 할인받았어?,2퍼센트,엘지유플러스:40186
요금 안내,완납 후 자동이체 정보까지 정상적으로 삭제되었어?,"아니, 자동이체 정보는 남아있지만 청구되지는 않는다고 했어.",엘지유플러스:40188
요금제 변경,요금제 25% 할인을 받다가 아이폰으로 바꾸면 혜택이 해지돼?,"아니, 아이폰으로 바꾸더라도 통신사를 유지하면 요금제 25% 할인 혜택은 계속 받을 수 있어.",엘지유플러스:40194
요금제 변경,데이터33 요금제의 기본 데이터를 초과해 사용할 경우 추가 요금이 발생하나요?,"네, 1.5GB를 초과하여 사용하면 초과 요금이 발생할 수 있습니다.",엘지유플러스:40180
선택약정 할인,LGU+ 선택약정 할인 연장은 어떻게 진행되나요?,ARS로 바로 계약,엘지유플러스:40193
선택약정 할인,선택약정 할인은 어떻게 연장할 수 있나요?,상담을 통해,엘지유플러스:40238
요금제 변경,요금제를 변경하고 난 다음 날 다시 요금제 변경이 가능해?,"아니, 한 달 뒤에 변경할 수 있어.",엘지유플러스:40212
요금 안내,LGU+ 통신요금 납부 방법은 어떻게 변경할 수 있나요?,카드로 변경 가능,엘지유플러스:40226
명의/번호/유심 해지,미성년자 자녀의 휴대폰 해지를 위해 부모가 함께 방문해야 하나요?,"예, 미성년자의 경우 부모 동반 방문이 필요합니다.",엘지유플러스:40237
결합할인,결합 할인 금액은 요금제 종류에 상관없이 동일하지?,"아니, 요금제 금액에 따라 달라.",엘지유플러스:40224
요금제 변경,5G 슬림+ 요금제는 기본 데이터가 몇 기가가 제공돼?,6기가,엘지유플러스:40233
요금 안내,뮤직벨링 서비스는 지니뮤직만 이용하는 서비스지?,"아니, 벨소리와 필링 서비스도 포함되어 있어.",엘지유플러스:40231
요금제 변경,변경된 요금제의 청구 금액은 얼마나 할인됐어?,25%,엘지유플러스:40241
요금제 변경,변경된 요금제의 혜택 내용 중 매일 제공되는 5GB 데이터 외에 별도로 제공되는 11GB로는 무엇을 이용할 수 있어?,데이터 테더링과 쉐어링을 이용할 수 있어.,엘지유플러스:40242
요금 안내,데이터 기본 용량을 다 사용하면 추가 요금이 발생하나요?,"아니요, 속도가 느려지면서 무료로 계속 사용할 수 있습니다.",엘지유플러스:40236
요금 안내,데이터 경고 설정은 어떻게 변경하나요?,설정에서 데이터 사용량 경고를 파란색으로 변경,엘지유플러스:40236
요금제 변경,투게더 할인 혜택은 가족 결합 시 할인을 받을 수 있나요?,"예, 두 분 이상 다섯 분까지 결합 가능하며 인원에 따라 할인 혜택을 받을 수 있습니다.",엘지유플러스:40240
요금 납부,가상계좌 정보는 무엇으로 발송되었나요?,문자,엘지유플러스:40251
요금 납부,자동이체 카드를 변경하면 결제 날짜도 변경돼?,아니.,엘지유플러스:40249
소액 결제,소액결제는 휴대전화에 따로 앱을 설치해야 이용할 수 있어?,아니.,엘지유플러스:40250
요금 안내,인터넷 전화 요금은 청구되었나요?,아니요.,엘지유플러스:40252
요금제 변경,요금제 변경은 얼마나 자주 가능한가요?,한 달에 한 번 가능합니다.,엘지유플러스:40270
요금제 변경,5G 스탠다드 요금제는 전화와 문자 사용이 무제한인가요?,네.,엘지유플러스:40256
선택약정 할인,선택약정할인의 반환금이 발생하는 경우는 무엇인가요?,"중도해지, 미적용 단말기로의 기기변경, 약정미승계, 명의변경입니다.",엘지유플러스:40266
선택약정 할인,선택약정할인 기간이 끝나면 자동으로 연장되나요?,"아니요, 고객이 직접 다시 등록해야 합니다.",엘지유플러스:40266
요금제 변경,6GB 데이터를 모두 사용한 후에도 인터넷을 계속 사용할 수 있나요?,"예, 400Kbps 속도로 무제한 이용이 가능합니다.",엘지유플러스:40270
요금 안내,동영상을 시청할 경우 데이터가 사용돼?,응.,엘지유플러스:40273
요금제 변경,요금제를 변경하면 데이터를 무제한으로 이용할 수 있나요?,"네, 6GB 사용 이후에는 속도가 제어되지만, 무제한으로 이용할 수 있습니다.",엘지유플러스:40312
요금 안내,알뜰폰은 통신사가 별도로 있어?,응.,엘지유플러스:40290
요금 안내,선택약정 할인은 어떻게 적용되나요?,월정액의 15% 할인,엘지유플러스:40283
요금제 변경,44요금제는 무제한으로 데이터를 쓸 수 있어?,응.,엘지유플러스:40281
요금제 변경,스탠다드 요금제는 사용 가능한 데이터 용량이 어떻게 되지?,20GB,엘지유플러스:40280
요금제 변경,5G 라이트 요금제는 기본적으로 제공되는 데이터 용량이 어떻게 돼?,12GB,엘지유플러스:40284
부가서비스 안내,듀얼넘버 서비스는 유료 서비스야?,응.,엘지유플러스:40294
기기변경,약정할인 위약금은 어떻게 결제할 수 있어?,카드로 즉시 결제하거나 결제일에 청구되는 요금에 합산해서 결제할 수 있어.,엘지유플러스:40301
요금제 변경,요금제 변경일을 예약할 수 있나요?,네.,엘지유플러스:40328
요금제 변경,변경한 요금제의 데이터 속도 제어가 들어가는 기준이 뭐야?,데이터를 6GB 다 쓰면 속도가 제어돼.,엘지유플러스:40293
휴대폰 정지/분실/파손,휴대폰 번호를 해외에서 정지하려면 어떻게 해야 해?,모바일 고객센터에 전화해서 처리 요청하면 돼.,엘지유플러스:40296
요금 납부,결제 후 각 번호로 결제 완료 문자를 받을 수 있나요?,"예, 결제가 완료되면 자동으로 개별 문자가 발송됩니다.",엘지유플러스:40287
요금 안내,핫스팟은 무제한으로 사용할 수 있어?,"아니, 11GB를 초과하면 자동으로 끊어져.",엘지유플러스:40298
요금 납부,왜 휴대폰 요금이 이중 출금될 수 있어?,자동이체로 출금 요청되어 있어서 잔고가 있으면 이중 결제될 수 있어.,엘지유플러스:40302
부가서비스 안내,유비키 서비스를 해지하는 데는 많은 시간이 소요돼?,"아니, 다른 서비스 해지를 진행하면서 바로 삭제 처리됐어.",엘지유플러스:40294
요금제 변경,파손보험의 한도를 다 사용하면 자동으로 해지돼?,"아니, 고객이 고객센터에 보험을 해지한다는 연락을 해야 해.",엘지유플러스:40306
요금제 변경,에센셜 요금제는 스마트 요금제와 어떻게 달라?,스마트는 나눠쓰기 데이터가 20GB 제공되고 에센셜은 테더링과 쉐어링에 15GB가 각각 제공돼.,엘지유플러스:40305
선택약정 할인,선택약정할인의 할인율이 어떻게 돼?,25%,엘지유플러스:40307
요금제 변경,69요금제에서 11GB가 제공되는 게 뭐야?,주고받기 데이터,엘지유플러스:40309
선택약정 할인,59요금제를 이용하면 데이터를 얼마나 쓸 수 있나요?,59요금제를 이용하면 6.6GB의 데이터가 제공되며 그 이후에도 인터넷이나 저화질 영상 시청을 위한 속도로 데이터 무제한 사용이 가능하다.,엘지유플러스:40311
선택약정 할인,핸드폰 보험을 해지하여도 수리비 지원을 받을 수 있나요?,"아니요, 보험 해지된 상태에서는 수리비 지원을 받을 수 없습니다.",엘지유플러스:40311
요금제 변경,5G라이트 요금제를 신규로 가입할 수 있나요?,"아니요, 5G라이트 요금제는 현재 신규 가입이 중단되어 있습니다.",엘지유플러스:40312
소액 결제,핸드폰으로 소액결제 시 한도가 있나요?,네.,엘지유플러스:40314
부가서비스 안내,컬러링을 이용하려면 비용을 지불하여야 하나요?,"네, 컬러링 서비스를 이용하려면 별도의 비용을 지불해야 합니다.",엘지유플러스:40322
요금 안내,휴대폰을 정지한 기간은 약정 기간에서 제외되나요?,"네, 휴대폰을 정지한 기간은 약정 기간에 포함되지 않습니다.",엘지유플러스:40323
소액 결제,핸드폰을 1~2년간 약정 체결하면 기본 요금에서 몇 퍼센트 할인 받을 수 있어?,25%,엘지유플러스:40314
요금제 변경,5G 요금제 중 기본 요금이 가장 저렴한 요금제는 뭐야?,5G슬림+ 요금제,엘지유플러스:40327
요금 납부,이중납부를 방지하려면 어떻게 해야 해?,통장 잔고를 비워두어야 한다.,엘지유플러스:40330
가입 안내,선택약정 할인 기간을 채우지 못하면 반환금이 발생하나요?,네.,엘지유플러스:40321
요금제 변경,5G슬림+ 요금제를 사용하면 데이터를 무제한 사용할 수 있나요?,네.,엘지유플러스:40327
선택약정 할인,휴대폰 기기를 변경하면 선택약정 할인이 해지되나요?,"아니요, 통신사만 LGU+로 계속 유지하면 휴대폰 기기를 변경하더라도 선택약정 할인이 해지되지 않습니다.",엘지유플러스:40329
요금 납부,미납 요금은 신용카드로만 납부가 가능한가요?,"아니요, 즉시 출금도 가능합니다.",엘지유플러스:40330
요금 납부,LGU+ 미납 요금은 어떻게 확인할 수 있나?,문자로,엘지유플러스:40336
명의/번호/유심 해지,이 상담의 서비스 해지 신청자는 누구인가요?,본인,엘지유플러스:40338
명의/번호/유심 해지,LGU+ 서비스 해지는 어떻게 할 수 있나요?,팩스 또는 대리점 방문,엘지유플러스:40338
요금 납부,통신비 미납 시 신용에 문제가 생기나요?,"아니요, 납부가 다 되면 신용상 문제되는 것은 아닙니다.",엘지유플러스:40331
소액 결제,우체국 계좌로 즉시 출금이 가능한가요?,"아니요, 우체국 계좌는 즉시 출금이 안 됩니다.",엘지유플러스:40346
요금제 변경,해당 날짜 중간에 요금제를 변경해도 추가 요금이 왜 발생하지 않습니까?,사용한 날짜만큼 계산되기 때문입니다.,엘지유플러스:40351
요금제 변경,5G 프리미어 플러스 요금제 사용으로 무료로 제공받는 부가서비스는 뭐야?,지니뮤직이랑 영화 월정액,엘지유플러스:40351
선택약정 할인,선택약정할인 기간을 채우지 않고 해지하면 어떻게 되나요?,할인받은 만큼 위약금이 발생합니다.,엘지유플러스:40329
선택약정 할인,선택약정할인에서 어떻게 하면 반환금이 발생합니까?,"중도해지 미적용 단말기로 기기변경, 약정미승계, 명의변경에 해당하면 반환금이 발생합니다.",엘지유플러스:40353
요금 안내,휴대폰 설정에서 데이터 측정 사용량 경고가 나오지 않도록 할 수 있어?,응.,엘지유플러스:40359
요금 안내,요금제 중간 변경 시 2개의 요금제 비용이 모두 청구되나?,"아니요, 요금제는 중간에 바꾸면 이전 요금제 날짜가 계산되어 합산됩니다.",엘지유플러스:40358
요금 납부,LGU+에서 카카오뱅크 통장은 즉시 출금 가능한 통장이 아닙니까?,예.,엘지유플러스:40365
결합할인,휴대폰을 2개 다 해지하게 되면 할인요금이 다 없어지게 되나요?,예.,엘지유플러스:40369
선택약정 할인,선택약정 가입 기간은 어떻게 되나요?,1년 또는 2년,엘지유플러스:40349
요금 납부,정지된 핸드폰 미납요금 납입 후 어떻게 하면 정상 이용이 가능합니까?,입금 확인 문자 받고 나서 전원을 한번 껐다가 켜면 됩니다.,엘지유플러스:40367
요금제 변경,슬림 요금제로 변경 시 기존 결합 할인이 완전히 사라지나?,"아니요, 할인 금액이 일부 줄어들지만 완전히 없어지지는 않습니다.",엘지유플러스:40391
가입 안내,유튜브 프리미엄을 이용하려면 먼저 무엇부터 해야 하지?,구글 계정에 로그인해야 해.,엘지유플러스:40411
선택약정 할인,선택약정은 2년 단위로 연장 신청할 수 있어?,"아니, 1년 단위로 신청할 수 있어.",엘지유플러스:40414
선택약정 할인,선택약정 기간 안에 통신사를 바꾸면 어떻게 되지?,할인받았던 금액이 위약금으로 나와.,엘지유플러스:40414
장비 안내,라우터를 사용하려면 어떻게 해야 하지?,단말기를 구매해서 요금제를 등록해야 사용할 수 있어.,엘지유플러스:40416
선택약정 할인,선택약정 기간에 기기를 변경할 수 있어?,응.,엘지유플러스:40414
장비 안내,개인이 라우터를 대여해서 사용할 수 있어?,"아니, 대여할 수 없어.",엘지유플러스:40416
장비 안내,LG에서는 무선 와이파이 기계를 뭐라고 부르지?,라우터,엘지유플러스:40416
납부 방법 변경,바꾸려는 자동이체 계좌는 누구 명의야?,고객 본인,엘지유플러스:40425
요금제 변경,데이터가 150GB 제공되는 요금제는 테더링으로 제공되는 데이터가 얼마나 되지?,10GB 정도,엘지유플러스:40422
요금제 변경,월 중에 요금제를 변경하면 핸드폰 요금은 어떻게 계산되지?,월정액 제공량이 날짜로 계산돼.,엘지유플러스:40440
요금제 변경,요금제 변경 후에도 속도가 개선되지 않으면 어떻게 해야 해?,핸드폰을 재부팅해야 해.,엘지유플러스:40440
내역 조회,납부내역서 팩스를 받으려면 왜 10분에서 30분 정도 기다려야 하지?,발송 건수가 많기 때문이야.,엘지유플러스:40442
선택약정 할인,선택 약정에 가입하면 요금을 몇 % 할인받지?,25%,엘지유플러스:40441
선택약정 할인,선택 약정 기간을 채우지 못하고 해지하면 어떻게 돼?,반환금을 내야 해.,엘지유플러스:40441
납부 방법 변경,변경 등록한 신한카드는 누구의 카드인가요?,고객의 남편,엘지유플러스:40452
납부 방법 변경,엄마의 핸드폰 요금 납부 카드를 변경하려고 한 사람은 누구인가?,자녀,엘지유플러스:40452
납부 방법 변경,기존에 사용하던 카드의 할인이 유지되나요?,"아니요, 새로운 카드로 변경 시 기존 카드의 할인은 적용되지 않습니다.",엘지유플러스:40451
요금 납부,현금영수증은 누구의 휴대폰 번호로 발행되었나요?,현금영수증은 고객의 어머니의 휴대폰 번호로 발행되었습니다.,엘지유플러스:40458
요금 납부,중고폰 가격 보장 프로그램의 잔여 할부금을 포인트로 결제할 수 있나요?,네.,엘지유플러스:40458
선택약정 할인,약정 기간에 따른 할인 금액은 12개월과 24개월 모두 동일한가요?,네.,엘지유플러스:40457
휴대폰 정지/분실/파손,휴대폰 일시정지 중에도 기본 정지 기본료는 계속 청구되나요?,"예, 정지 기본료가 계속 청구됩니다.",엘지유플러스:40477
보험 안내,휴대폰 해지 이후에도 보험 청구가 가능한가요?,아니요.,엘지유플러스:40464
요금 안내,중고폰 가격보장프로그램을 삭제할 경우 남은 휴대전화 할부금은 어떻게 납부해야 해?,"한 번에 납부해도 되고, 매달 나눠서 납부해도 돼.",엘지유플러스:40472
보험 안내,보험 만기 후에도 파손 보상을 받을 수 있나요?,"아니요, 만기 후에는 보상받을 수 없습니다.",엘지유플러스:40464
요금제 변경,44 요금제에서 제공되는 데이터는 얼마인가요?,44 요금제에서 제공되는 데이터는 한 달에 2.5GB입니다.,엘지유플러스:40466
기기변경,기기 반납은 직영 대리점에서만 가능한가요?,"아니요, 기기 반납은 직영 대리점뿐만 아니라 일반 대리점에서도 가능합니다.",엘지유플러스:40470
요금 안내,약정 만료 시 다시 문자 안내를 받을 수 있나요?,"네, 약정 만료 시 문자가 다시 발송될 예정입니다.",엘지유플러스:40468
기기변경,자기부담금 비율은 얼마인가요?,손해액의 20%,엘지유플러스:40470
요금 안내,LGU+에 어머니의 휴대전화 요금에 대한 문의를 하려면 어머니의 정보 중 무엇을 알고 있어야 해?,"어머니의 이름, 생년월일, 전화번호, 납부 방법과 납부 정보를 알고 있어야 해.",엘지유플러스:40474
요금 안내,중고폰 가격보장프로그램 부가서비스를 이용할 경우 삼성전자 휴대전화에서 아이폰으로 변경할 수 있어?,"아니, 같은 삼성전자 제품으로만 변경할 수 있어.",엘지유플러스:40472
선택약정 할인,선택약정 연장 시 할인율은 동일한가?,"예, 1년과 2년 모두 25% 할인율이 동일합니다.",엘지유플러스:40478
선택약정 할인,선택약정할인은 어떻게 연장되나요?,자동으로 1년 연장,엘지유플러스:40484
기기변경,기기 변경 후 유심을 교체하면 기존 혜택이 유지되나요?,"네, 유무선 결합 할인 등 혜택은 유지됩니다.",엘지유플러스:40470
선택약정 할인,선택약정 할인 연장 시 약정 기간은 어떻게 선택할 수 있나요?,1년 또는 2년,엘지유플러스:40478
선택약정 할인,선택약정에 가입하면 휴대전화를 바꿀 때에도 통신사는 LGU+를 유지해야 해?,응.,엘지유플러스:40488
선택약정 할인,선택약정 가입 후 약정기간을 채우지 못하고 해지하면 어떻게 돼?,반환금이 발생해.,엘지유플러스:40488
선택약정 할인,LGU+ 선택약정에 가입하면 얼마나 할인받을 수 있어?,25% 요금할인,엘지유플러스:40488
부가서비스 안내,LGU+의 MMS 등 문자 서비스는 기본 이용하는 상품이야?,"응, 별도로 가입하는 것이 아니고 기본으로 이용하는 상품이야.",엘지유플러스:40489
통화품질,선택약정할인 계약기간은 어떻게 설정되었나?,12개월,엘지유플러스:40486
선택약정 할인,LGU+ 선택약정할인 연장 시 1년과 2년의 할인율에 차이가 있나요?,"아니요, 1년과 2년 모두 25% 할인율이 동일합니다.",엘지유플러스:40491
부가서비스 안내,MMS 발송이 되지 않는 문제는 어느 부서로 확인을 요청해야 해?,통화품질 담당 부서,엘지유플러스:40489
부가서비스 안내,테더링 비밀번호는 어떻게 변경할 수 있나요?,모바일 핫스팟 설정에서 직접 변경,엘지유플러스:40498
선택약정 할인,선택약정할인 기간을 채우지 못하면 반환금이 발생하나요?,"예, 중도해지, 미적용 단말기로 기기변경, 약정미승계, 명의변경 시 반환금이 발생합니다.",엘지유플러스:40501
부가서비스 안내,핸드폰 데이터 사용은 무제한인가요?,"예, 핸드폰 데이터 사용은 무제한입니다.",엘지유플러스:40498
요금 안내,LGU+ 선택약정할인은 얼마까지 할인받을 수 있나요?,기본요금의 25%까지,엘지유플러스:40507
요금 안내,군인 전용 요금제의 데이터 소진 후 속도는 어떻게 되나?,5Mbps 속도로 무제한 사용 가능,엘지유플러스:40513
선택약정 할인,선택약정할인에서는 기본요금으로 얼마의 할인을 받을 수 있다고 해?,25%,엘지유플러스:40512
소액 결제,소액결제 한도는 어떻게 설정되어 있나요?,주민번호 기준으로 설정됨,엘지유플러스:40518
요금 납부,문의한 번호의 미납 요금은 다 납부되었나요?,네.,엘지유플러스:40522
요금제 변경,5G 슬림+ 요금제에서 데이터를 모두 사용한 후에는 어떻게 인터넷을 사용할 수 있나요?,400Kbps 속도로,엘지유플러스:40516
요금제 변경,새로 변경한 요금제에서 기본 핸드폰 전화와 문자는 무제한으로 사용 가능한가?,"예, 기존 요금제와 동일하게 마음껏 사용할 수 있습니다.",엘지유플러스:40516
요금 납부,선결제 시 자동이체 설정으로 인해 발생할 수 있는 문제는 무엇인가요?,중복 납부,엘지유플러스:40521
통화품질,이 문제는 무슨 부서로 접수되었나요?,통화품질 부서로 접수되었습니다.,엘지유플러스:40523
요금 납부,요청한 번호의 미납 정지가 풀리지 않은 이유는 무엇인가요?,요금 부서에서 정지 해제 처리가 지연되었기 때문입니다.,엘지유플러스:40522
기기변경,휴대폰 반납 후 평가는 LGU+에서 진행하나요?,"아니요, 다른 회사에서 기기의 상태를 판단합니다.",엘지유플러스:40526
요금 안내,약정 기간 중 해지하면 발생하는 비용은 무엇인가요?,반환금,엘지유플러스:40524
기기변경,중고폰 보상 포인트를 단말기 할부금 납부에 사용할 수 있나요?,네.,엘지유플러스:40526
요금 안내,선택약정할인으로 받을 수 있는 할인율은 얼마인가요?,선택약정할인으로 25% 할인을 받을 수 있습니다.,엘지유플러스:40524
선택약정 할인,선택약정 기간에 2G폰이나 알뜰폰으로 교체하면 위약금이 있나요?,네.,엘지유플러스:40529
요금 납부,어머니의 카드는 무엇인가요?,신한카드,엘지유플러스:40528
요금 안내,중고폰 포인트로 할부금을 납부할 경우 납부금을 현금영수증 처리할 수 있어?,"응, 현금영수증 처리할 수 있어.",엘지유플러스:40531
선택약정 할인,LGU+ 선택약정은 어떻게 가입할 수 있나요?,전화 또는 어플로 가입 가능,엘지유플러스:40529
납부 방법 변경,통신비 자동 이체 수단 변경 시 휴대폰 사용자에 관하여 반드시 확인되어야 하는 것은 무엇인가요?,생년월일 및 이름입니다.,엘지유플러스:40532
요금제 변경,상담을 통해 요금제의 변경은 즉시 처리되었나요?,"아니요, 변경 처리 작업 후 처리될 예정이라고 합니다.",엘지유플러스:40533
요금제 변경,지니뮤직 서비스를 기본 프리미엄 혜택으로 받는 사용자 중 이를 PC로만 이용할 수 있는 사람은 누구인가요?,5G 시그니처 요금제 가입자입니다.,엘지유플러스:40537
부가서비스 안내,타인이 번호를 도용하여 문자를 발송하는 것을 방지해 주는 서비스는 무료로 가입이 가능해?,"응, 번호 도용 문자 차단 서비스는 무료로 가입할 수 있어.",엘지유플러스:40540
요금제 변경,유튜브 프리미엄 요금제 가입 시 제휴사에 제공되는 정보는 무엇인가요?,사용자의 가입 번호입니다.,엘지유플러스:40537
선택약정 할인,선택 약정 신청 시 25%의 할인 혜택을 받을 수 있나요?,"네, 25%만큼의 할인을 받을 수 있습니다.",엘지유플러스:40534
선택약정 할인,정해진 선택 약정 기간을 채우지 못할 경우 무엇이 발생하게 돼?,반환금이 발생하게 된다.,엘지유플러스:40538
선택약정 할인,선택 약정 기간에 대한 세부적인 내용은 홈페이지에서 확인할 수 있어?,"응, 확인할 수 있어.",엘지유플러스:40538
요금제 변경,5G 스탠다드 요금제에서 기본 제공되는 데이터는 150GB야?,"응, 150GB가 기본적으로 제공돼.",엘지유플러스:40536
부가서비스 안내,파손 보상 보험 서비스는 해지하더라도 추후 재가입할 수 있어?,"아니, 해지 시 재가입이 불가능해.",엘지유플러스:40540
선택약정 할인,상담에 언급된 휴대폰은 개통된 지 24개월이 경과되었나요?,"네, 24개월이 경과되었습니다.",엘지유플러스:40548
요금제 변경,5G 라이트 플러스 요금제 이용 시 제한되는 데이터 속도는 5G 슬림+의 제한된 데이터 속도보다 얼마나 빨라?,2.5배 더 빠르다.,엘지유플러스:40546
요금제 변경,요금제를 하향할 경우 멤버십 등급도 함께 낮아지게 돼?,"응, 멤버십 등급도 함께 하향돼.",엘지유플러스:40546
요금제 변경,요금제 이용 기간은 통신비 청구 날짜에 따라 달라져?,"아니, 이용 기간은 1일부터 말일까지야.",엘지유플러스:40546
요금제 변경,슬림+ 요금제 이용 시 기본 제공 데이터를 모두 소진하더라도 데이터를 계속 이용할 수 있어?,응.,엘지유플러스:40545
요금제 변경,요금제 변경 시 재변경하지 않고 그대로 사용해야 하는 기간은 최소 얼마야?,한 달이다.,엘지유플러스:40547
요금제 변경,요금제가 변경될 시 이에 대한 안내 문자가 자동으로 발송될 예정인가요?,"네, 자동 발송될 예정입니다.",엘지유플러스:40547
선택약정 할인,선택 약정 할인 서비스에 대한 문자를 받은 것은 누구인가요?,고객의 아버지입니다.,엘지유플러스:40550
선택약정 할인,선택 약정 할인 서비스에 가입 가능한 최소 기간은 1년이야?,"응, 1년이야.",엘지유플러스:40550
선택약정 할인,선택 약정의 기간과는 관계없이 할인율은 같아?,"응, 할인율은 같아.",엘지유플러스:40558
선택약정 할인,선택 약정 동의를 진행한 사람은 누구인가?,고객의 아버지,엘지유플러스:40550
요금 안내,요금제 변경 후 재변경은 다음날에도 즉시 가능해?,"아니, 변경 이후 한 달이 지나야 재변경이 가능해.",엘지유플러스:40557
요금제 변경,데이터 청소년 69 요금제는 매일 기본 데이터를 3G씩 제공하고 있어?,"아니, 5G씩 제공하고 있어.",엘지유플러스:40566
요금 안내,69 요금제의 데이터 사용은 어떻게 진행되나요?,하루에 5G씩 사용 후 속도 저하,엘지유플러스:40572
부가서비스 안내,착신 전환 서비스는 어떻게 최종 설정할 수 있나요?,문자로 받은 안내에 따라 ARS에서 비밀번호 입력,엘지유플러스:40575
선택약정 할인,선택 약정 할인과 관련한 실질적인 내용은 홈페이지에서 확인할 수 있나요?,네.,엘지유플러스:40584
요금 납부,통신요금과 소액결제의 연체료는 각각 얼마야?,"통신 요금은 2%이고, 소액 결제는 5~8%의 연체료가 부과돼.",엘지유플러스:40582
요금제 변경,슬림+ 요금제는 기본 데이터 소진 시 속도 제한 기준이 어떻게 돼?,400Kbps,엘지유플러스:40579
요금 안내,표준 요금제의 무료 문자 건 수는 어떻게 돼?,50건,엘지유플러스:40577
요금제 변경,시니어 요금제는 만 65세 이상부터 사용 가능한가?,"예, 만 65세부터 이용 가능합니다.",엘지유플러스:40601
요금 납부,계좌에 잔액이 있으면 요금이 이중 결제될 수 있나요?,네.,엘지유플러스:40582
선택약정 할인,약정이 끝나기 전에 기기 변경을 하면 반환금이 발생하나요?,"네, 약정 종료 전 기기를 변경하면 반환금이 나올 수 있습니다.",엘지유플러스:40584
결합할인,지금도 한방에 HOME에 가입할 수 있나요?,"아니요, 한방에 HOME은 더 이상 출시하고 있지 않아 가입이 불가합니다.",엘지유플러스:40593
휴대폰 정지/분실/파손,휴대폰 정지 신청을 하면 오전 10시에서 11시 사이에 정지되나요?,"아니요, 밤 10시에서 12시 사이에 정지됩니다.",엘지유플러스:40585
결합할인,가족 결합을 신청할 때 필요한 서류는 뭐야?,가족관계증명서나 등본이다.,엘지유플러스:40593
소액 결제,구글 플레이 스토어 결제도 한도가 있나요?,네.,엘지유플러스:40598
요금제 변경,데이터 2배 쿠폰을 사용하면 데이터를 빠른 속도로 이용할 수 있나요?,네.,엘지유플러스:40586
요금 납부,문의한 주소지의 인터넷은 누구 명의로 가입되어 있어?,고객 본인 명의로 가입되어 있어.,엘지유플러스:40588
선택약정 할인,선택약정할인에 가입하면 요금의 몇 퍼센트를 할인받을 수 있어?,25%,엘지유플러스:40589
선택약정 할인,선택약정 할인 가입 시 기간이 다르더라도 할인율은 동일한가요?,네.,엘지유플러스:40589
요금 안내,지인과 요금제 결합을 원할 경우 누구에게 문의해야 하나요?,LG U+ 매장,엘지유플러스:40603
선택약정 할인,선택약정할인 가입 후 중도에 해지를 하면 반환금이 발생하나요?,네.,엘지유플러스:40597
선택약정 할인,선택약정할인 가입 시 계약기간에 따라 할인 금액에 차이가 있나요?,"아니요, 계약기간이 달라지더라도 할인 금액은 동일합니다.",엘지유플러스:40597
선택약정 할인,선택약정 할인율은 가입 기간과 무관한가요?,"네, 선택약정 할인율은 가입 기간에 따라 달라지지 않습니다.",엘지유플러스:40595
선택약정 할인,선택약정할인에 가입하면 통신 요금을 얼마나 할인받을 수 있어?,25%,엘지유플러스:40597
요금 안내,LTE폰을 사용하는 가족도 5G 요금제를 그대로 사용할 수 있나요?,"예, 요금제 사용에 문제가 없습니다.",엘지유플러스:40603
요금 안내,LG U+ 가족 결합 요금제에서 데이터 초과 시 핫스팟은 어떻게 처리되나요?,자동으로 차단됩니다.,엘지유플러스:40603
결합할인,한방에 Home 인터넷 서비스와 가족 결합 할인을 동시에 받을 수 있나요?,아니요.,엘지유플러스:40604
소액 결제,LGU+ 소액 결제 한도는 어떻게 변경되나요?,"사용 실적, 미납 금액에 따라 조정",엘지유플러스:40614
소액 결제,미납 요금이 있으면 소액 결제가 가능한가요?,아니요.,엘지유플러스:40614
요금 안내,데이터 소진 후에도 인터넷 사용이 완전히 차단되나요?,"아니요, 5Mbps 속도로 계속 사용 가능합니다.",엘지유플러스:40615
요금 안내,몇 개월 이상으로 할부를 설정하면 할부금 원금에 할부 수수료가 부과돼?,12개월,엘지유플러스:40622
요금 안내,기본 데이터로 11GB가 제공되는 요금제의 이름은 뭐야?,일반 라이트 플러스 요금제,엘지유플러스:40623
납부 방법 변경,전화를 통해 핸드폰을 해지할 때 보내야 하는 서류는 뭐야?,해지 신청서와 신분증을 보내야 해.,엘지유플러스:40630
보험 혜택,보험 가입 중에 보험 혜택 횟수는 1회로 정해져 있어?,"아니, 한도가 남아 있으면 횟수와 상관없이 신청할 수 있어.",엘지유플러스:40627
요금 안내,5G 라이트 청소년 45 요금제는 기본 데이터를 모두 사용하면 데이터 속도가 얼마로 바뀌어?,1Mbps,엘지유플러스:40631
요금제 변경,추가 요금 걱정 없는 데이터 청소년 33 요금제는 나이에 이용 제한이 없어?,"아니, 청소년 대상 요금제라서 만 20세가 되면 쓸 수 없어.",엘지유플러스:40621
요금 안내,두 번째 아이의 요금제는 5G 라이트 청소년 요금제인가요?,"아니요, 5G 라이트 청소년 45 요금제를 사용하고 있습니다.",엘지유플러스:40631
명의/번호/유심 해지,스마트 패드를 해지하기 위해 필요한 서류에는 뭐가 있지?,해지 신청서와 신분증,엘지유플러스:40632
요금제 변경,요금제를 5G 스탠다드 요금제로 바꾸면 데이터 제공량은 얼마로 바뀌어?,150GB,엘지유플러스:40637
명의/번호/유심 해지,스마트 패드 해지 결과는 무엇을 통해 알 수 있어?,핸드폰으로 안내될 거야.,엘지유플러스:40632
명의/번호/유심 해지,태블릿 PC를 해지하기 위해 대리점에 갈 때 뭘 가지고 가야 돼?,신분증,엘지유플러스:40634
요금 안내,데이터 청소년 33 요금제를 사용할 때 제공되는 데이터 기본 제공량은 얼마야?,2GB,엘지유플러스:40631
휴대폰 정지/분실/파손,핸드폰 이용 정지 기간에 청구되는 요금에 단말기 대금도 포함돼?,응.,엘지유플러스:40635
휴대폰 정지/분실/파손,핸드폰 보험에 가입하고 유지 기간이 끝나도 보상을 받을 수 있어?,"아니, 기간이 끝나면 자동 해지돼서 보상이 안 돼.",엘지유플러스:40639
휴대폰 정지/분실/파손,핸드폰 보험에 가입하면 보험이 기본적으로 유지되는 기간은 몇 개월이야?,2년 6개월,엘지유플러스:40639
선택약정 할인,선택 약정 기간에 기기 변경 시 불이익을 받을 수도 있어?,"아니, 해지나 통신사 변경이 아닌 이상 불이익은 발생하지 않아.",엘지유플러스:40650
요금 납부,요금제 변경과 통신비 납부 오류는 서로 관계있나요?,"아니요, 요금제를 변경한다고 해서 통신비 납부 시 오류가 발생하지는 않습니다.",엘지유플러스:40645
명의/번호/유심 해지,해지 신청을 위해서는 해지 신청서만 통신사 측으로 제출되면 되나요?,"아니요, 신분증도 함께 제출되어야 합니다.",엘지유플러스:40649
요금제 변경,프리미어 약정 할인 요금제의 이용자가 선택 약정에 재가입하려 할 경우 기간을 1년으로 설정할 수 있어?,"아니, 2년으로만 설정할 수 있어.",엘지유플러스:40646
휴대폰 정지/분실/파손,통신사 측에서는 분실된 단말기의 내부 정보를 보호 조치할 수 있어?,"아니, 단말기 내에 저장된 정보에 대해서는 별도의 제어 조치를 할 수 없어.",엘지유플러스:40651
선택약정 할인,선택 약정 할인 기간의 연장은 1번으로 제한되어 있어?,"아니, 제한 없이 계속 연장할 수 있어.",엘지유플러스:40650
휴대폰 정지/분실/파손,휴대폰 정지 시 일정 기간 이후 멤버십 등급이 일반 등급으로 변경돼?,"응, 일반 등급으로 변경돼.",엘지유플러스:40660
선택약정 할인,선택 약정 할인 연장 시 위약금 없이 진행할 수 있는 조건은 무엇인가?,통신사 변경 및 해지하지 않기,엘지유플러스:40650
소액 결제,통신사에서 제공하는 위치 찾기 서비스는 무료인가요?,"네, 무료입니다.",엘지유플러스:40654
휴대폰 정지/분실/파손,휴대폰을 정지 처리하더라도 해당 휴대폰을 이용한 소액결제는 여전히 가능해?,"아니, 소액결제는 이용할 수 없게 돼.",엘지유플러스:40660
요금제 변경,알뜰폰 요금제를 변경하려면 어떻게 해야 하나요?,월요일 아침 9시 이후에 알뜰폰 고객센터로 전화,엘지유플러스:40657
휴대폰 정지/분실/파손,"휴대폰을 정지할 수 있는 연 최대 기한을 넘어설 경우, 자동으로 정지 상태는 해제되나요?","네, 자동 해제됩니다.",엘지유플러스:40659
휴대폰 정지/분실/파손,휴대폰 정지 상태에서는 멤버십 등급이 변동되지 않나요?,"아니요, 한 달 미이용 시 일반 등급으로 변경됩니다.",엘지유플러스:40661
휴대폰 정지/분실/파손,분실 파손 담당팀은 평일에만 운영되나요?,"네, 평일에만 운영됩니다.",엘지유플러스:40663
휴대폰 정지/분실/파손,휴대폰 분실로 인한 정지 시 통신비는 청구되지 않아?,"아니, 기본료가 일할 계산되어 청구돼.",엘지유플러스:40662
휴대폰 정지/분실/파손,공기계 상태의 단말기를 습득한 사람은 해당 기기로 결제를 할 수도 있어?,"아니요, 유심이 정지된 상태이므로 결제는 불가능합니다.",엘지유플러스:40665
휴대폰 정지/분실/파손,휴대폰의 정지를 해지할 수 있는 유일한 사람은 누구인가요?,명의자 본인입니다.,엘지유플러스:40666
휴대폰 정지/분실/파손,왜 분실 정지 처리된 휴대폰으로도 와이파이는 이용할 수 있나요?,와이파이는 단말기 자체 기능이기 때문입니다.,엘지유플러스:40667
휴대폰 정지/분실/파손,핸드폰 분실 정지 신청을 한 사람의 관계는 누구인가?,자녀,엘지유플러스:40667
휴대폰 정지/분실/파손,분실 정지 상태의 유지가 가능한 최대 기간은 정해져 있나요?,"네, 180일로 정해져 있습니다.",엘지유플러스:40669
휴대폰 정지/분실/파손,휴대폰이 꺼져 있는 상태에서는 실시간 위치 추적이 불가능해?,"응, 꺼지기 전의 위치만 확인이 가능해.",엘지유플러스:40672
휴대폰 정지/분실/파손,휴대폰 정지 시 데이터를 사용할 수 없게 돼?,"응, 데이터를 사용할 수 없게 돼.",엘지유플러스:40674
휴대폰 정지/분실/파손,분실된 휴대폰의 위치를 확인하기 위해서는 어떻게 해야 하나요?,명의자의 신분증 인증 및 동의 통화 후 고객센터에 신청,엘지유플러스:40669
휴대폰 정지/분실/파손,정지된 휴대폰으로는 전화를 받는 것조차 불가능해져?,"아니, 전화를 받는 것은 가능하고 거는 것은 불가능해.",엘지유플러스:40674
부가서비스 안내,수신을 차단해 놓은 번호로의 발신은 가능한가요?,"네, 가능합니다.",엘지유플러스:40675
선택약정 할인,월중 요금제 변경 시 기본 제공량이 일할 계산되어 제공되나요?,"네, 일할 계산되어 제공됩니다.",엘지유플러스:40681
요금 안내,69 요금제보다 낮은 단계의 요금제는 존재하지 않나요?,"아니요, 아래 단계의 요금제도 있습니다.",엘지유플러스:40689
요금 안내,가족 무한 사랑 클럽 할인의 경우 무엇을 결합하면 적용받을 수 있어?,가족 간 휴대폰을 결합하면 적용받을 수 있다.,엘지유플러스:40689
요금 안내,단말기에 표시된 데이터 사용량 경고는 통신사 측에서 제공한 데이터가 부족하여 발생한 것인가요?,"아니요, 단말기 자체에서 사용량에 따라 표시되는 것이므로 통신사가 제공하는 데이터와는 관계없습니다.",엘지유플러스:40687
군입대 일시정지,군 정지 기간 동안 약정 기간에 변화가 있나요?,"네, 정지 기간만큼 약정 기간이 연장됩니다.",엘지유플러스:40694
군입대 일시정지,군 정지 제도 신청 시 필요한 서류는 무엇인가요?,입영통지서,엘지유플러스:40694
군입대 일시정지,군 정지 중에 요금이 부과되나요?,"아니요, 군 정지 중에는 요금이 부과되지 않습니다.",엘지유플러스:40694
군입대 일시정지,휴대폰의 군 정지 해제는 부모가 대신 요청 가능한가요?,"네, 부모가 대신 요청할 수 있습니다.",엘지유플러스:40714
요금 납부,소액결제 한도 변경은 어떻게 안내되나요?,알림 문자로 안내됩니다.,엘지유플러스:40701
납부 방법 변경,알뜰폰은 통신사에서 관리하고 있지?,아니.,엘지유플러스:40699
선택약정 할인,선택약정할인은 할인이 얼마나 적용되나요?,기본료의 25%가 할인됩니다.,엘지유플러스:40708
요금 납부,입금자명이 달라도 입금이 가능한 이유는 무엇인가요?,전용 계좌이기 때문입니다.,엘지유플러스:40696
휴대폰 정지/분실/파손,핸드폰 요금을 납부하는 방법은 뭐가 있지?,"은행, 카드, 지로",엘지유플러스:40704
장비 안내,쉐어링 유심을 대리점에서 발급받아 노트북에서 사용할 수 있나요?,"아니요, 쉐어링 유심은 태블릿 전용이므로 노트북에서는 사용할 수 없습니다.",엘지유플러스:40703
요금 안내,모바일과 인터넷 요금의 전용 계좌가 다른 이유는 무엇인가요?,개통 날짜 등 여러 이유로 청구서가 각각 발행되기 때문에 계좌도 따로 관리됩니다.,엘지유플러스:40700
요금 안내,스팸 차단 설정을 확인해야 하는 이유는 무엇인가요?,약정 할인 종료 안내 문자의 수신 차단 가능성 때문입니다.,엘지유플러스:40709
요금제 변경,요금제 변경 시 데이터 초과 후 인터넷 속도는 어떻게 유지되나요?,1Mbps,엘지유플러스:40723
요금 납부,직영몰에서만 휴대폰을 구매해야 하나요?,아니요.,엘지유플러스:40727
명의/번호/유심 해지,약정 요금제를 전화로 해지할 수 있나요?,"아니요, 전화로는 해지할 수 없습니다.",엘지유플러스:40718
군입대 일시정지,군 정지 해제를 요청한 사람의 관계는 누구인가?,아들의 어머니,엘지유플러스:40714
군입대 일시정지,휴대폰 정지 해제 후 바로 사용할 수 있나요?,"네, 바로 사용할 수 있습니다.",엘지유플러스:40714
부가서비스 안내,보험 서비스를 해지하면 다시 가입할 수 있나요?,"아니요, 보험 서비스는 삭제하면 재가입이 불가능합니다.",엘지유플러스:40721
명의/번호/유심 해지,대리점을 방문해서 약정 해지를 할 수 있나요?,네.,엘지유플러스:40718
부가서비스 안내,월정액 서비스는 삭제 후에도 요금을 내야 하나요?,"네, 월정액 서비스는 삭제하여도 한 달치 요금을 다 지불해야 합니다.",엘지유플러스:40721
명의/번호/유심 해지,약정 요금제를 해지하려면 무슨 서류가 필요하나요?,신분증과 신청서,엘지유플러스:40718
요금제 변경,요금제 변경 시 추가 요금이 발생할 수 있나요?,"예, 월 중간에 요금제를 변경하면 추가 요금이 발생할 수 있습니다.",엘지유플러스:40723
부가서비스 안내,보이스피싱 전화에서 특정 멘트를 들을 수 있는 서비스가 있나요?,"아니요, 통신사에서 보이스피싱 관련 멘트를 제공하는 서비스는 없습니다.",엘지유플러스:40732
선택약정 할인,선택약정 기간을 1년이나 2년을 해도 할인율은 동일합니까?,예.,엘지유플러스:40744
인터넷 속도/품질,왜 와이파이를 껐다가 다시 켜야 하는 가요?,와이파이 신호가 약하면 연결이 끊기면서 데이터로 전환될 때 지연이 발생할 수 있기 때문입니다.,엘지유플러스:40739
부가서비스 안내,핸드폰 보험을 해지한 후 재가입이 가능한가요?,"아니요, 보험 해지 시 재가입이 불가능합니다.",엘지유플러스:40740
요금 안내,요금 확인을 위한 본인 확인 절차가 어떻게 되나요?,"고객의 성함, 생년월일, 납부 방법 등을 확인합니다.",엘지유플러스:40738
인터넷 속도/품질,라이트 시니어 요금제는 8GB 초과 시 추가 요금이 발생하나요?,"아니요, 속도는 제어되지만 추가 요금 없이 무제한으로 사용할 수 있습니다.",엘지유플러스:40739
요금제 변경,33 요금제로 변경된 후에 재변경도 가능합니까?,예.,엘지유플러스:40745
휴대폰 정지/분실/파손,휴대폰을 일시 정지하면 요금은 어떻게 부과됩니까?,정지 기본료로 부과됩니다.,엘지유플러스:40742
기기변경,기기변경 시 무엇을 유지하면 위약금이 발생하지 않습니까?,통신사,엘지유플러스:40750
소액 결제,휴대폰 소액결제도 한도가 있어?,응.,엘지유플러스:40748
선택약정 할인,선택 약정 가입 후 어떻게 하면 반환금이 발생합니까?,"중도 해지, 미적용 단말기로 기기 변경, 미승계 명의 변경을 하게 되면 반환금이 발생합니다.",엘지유플러스:40744
소액 결제,라이프콕으로 결제하려면 등급이 어떻게 돼야 됩니까?,VIP등급,엘지유플러스:40749
부가서비스 안내,핸드폰 보험 해지 후 요금은 어떻게 청구되나요?,보험 해지 후 남은 사용 일수에 따라 마지막 청구 금액이 계산되어 결제됩니다.,엘지유플러스:40740
기기변경,기기 변경을 먼저하고 다음에 반납이 가능합니까?,예.,엘지유플러스:40759
카드 배송,스마트피싱보호 서비스를 해지했는데 왜 이용 요금이 부과되지 않습니까?,가입한 날 바로 해지했기 때문입니다.,엘지유플러스:40760
명의/번호/유심 해지,번호 해지를 위해 팩스나 이메일로 발송해야 하는 게 뭐야?,해지 신청서와 신분증,엘지유플러스:40763
부가서비스 안내,듀얼 번호는 변경하고 나서 3개월이 지나면 또 변경할 수 있어?,응.,엘지유플러스:40780
요금 할인,프리미어 약정할인은 중도 해지 시 프리미어 요금제 약정할인에 대한 반환금 외에 별도로 무엇이 부과될 수 있어?,단말 지원금 또는 선택약정 반환금,엘지유플러스:40769
요금 할인,프리미어 약정할인은 요금제를 마음대로 변경해도 돼?,"아니, 요금제를 아래 단계로 내리면 안 돼.",엘지유플러스:40769
기기변경,유심만 변경해서 다른 아이폰에 끼워 사용하면 LTE 요금제로 변경할 수 있어?,"아니, 변경할 수 없어.",엘지유플러스:40771
명의/번호/유심 해지,해지신청을 하려면 필요한 서류가 뭐지?,해지신청서와 신분증,엘지유플러스:40770
환불 안내,구글 대리점이나 직영점을 방문할 때 무엇을 가지고 가야 하지?,신분증,엘지유플러스:40777
소액 결제,구글 프리미엄 서비스의 결제 수단을 연결한 주체는 누구야?,고객,엘지유플러스:40793
납부 방법 변경,폰 파손보험을 해지할 경우 나중에 다시 가입할 수 있어?,"아니, 재가입할 수 없어.",엘지유플러스:40783
소액 결제,구글 프리미엄 서비스 해지 여부를 어떻게 즉시 확인할 수 있어?,구글 어플 계정에서 서비스 항목 확인,엘지유플러스:40793
요금 안내,장애인 요금 할인은 어떻게 등록되었나요?,상담사가 즉시 등록,엘지유플러스:40792
정보변경,듀얼 번호는 며칠 이내에 요금제 변경이 어려운가요?,90일,엘지유플러스:40806
소액 결제,U+ 통신사에서 직접 구글 프리미엄 서비스를 해지할 수 있나요?,"아니요, 구글 쪽에서 가입과 해지 권한이 있어 U+ 통신사에서는 직접 해지할 수 없습니다.",엘지유플러스:40793
소액 결제,구글 쪽에서 결제된 것을 취소하려면 어떻게 해야 하지?,구글 쪽에 직접 취소 요청을 해야 해.,엘지유플러스:40786
소액 결제,스미싱 문자의 링크를 클릭해도 괜찮나요?,아니요.,엘지유플러스:40795
요금제 변경,5G프리미어레귤러 요금제의 무료 혜택은 어떻게 선택할 수 있나요?,"영화 월정액, 지니뮤직 300곡, 아이들 생생도서관 중 하나 선택",엘지유플러스:40811
소액 결제,소액결제 등급은 어떻게 산정되나요?,"요금제 납부방법, 가입기간, 미납 여부, 연체 및 정지 여부 등 종합적 고려",엘지유플러스:40795
요금 안내,넷플릭스 요금제 변경 시 위약금이 발생하나?,"아니요, 위약금은 발생하지 않습니다.",엘지유플러스:40813
요금 안내,넷플릭스 요금제 변경 시 위약금은 어떻게 처리되나요?,없습니다.,엘지유플러스:40813
요금제 변경,LTE 요금제에서 데이터를 다 사용한 후에는 어떻게 이용할 수 있나요?,고화질 동영상 볼 수 있는 속도로 계속 이용 가능,엘지유플러스:40818
소액 결제,휴대폰 소액결제 한도 변경을 요청한 사람은 누구인가요?,본인,엘지유플러스:40828
명의/번호/유심 해지,단말기 할부금은 어떻게 결제할 수 있어?,카드결제,엘지유플러스:40821
요금제 변경,요금제는 매월 자유롭게 변경할 수 있나요?,아니요.,엘지유플러스:40817
요금 안내,LGU+에서 라이트 할부 금액을 직접 확인할 수 있나요?,"아니요, LGU+에서는 라이트 할부 금액을 직접 확인할 수 없습니다.",엘지유플러스:40827
명의/번호/유심 해지,태블릿 해지 후에도 와이파이로 기기 사용이 가능한가?,"예, 와이파이로만 사용 가능합니다.",엘지유플러스:40825
선택약정 할인,선택 약정 할인 위약금은 어떻게 청구되나?,한꺼번에 청구,엘지유플러스:40829
요금 안내,현재 요금제에서 데이터를 모두 사용한 후에는 어떻게 인터넷을 사용할 수 있나?,400Kbps 속도로,엘지유플러스:40819
소액 결제,LGU+ 영화 월 정액 서비스는 어떻게 이용할 수 있나요?,앱스토어에서 '영화 월 정액' 앱 다운로드,엘지유플러스:40828
휴대폰 정지/분실/파손,휴대폰 정지 기간 동안 할부금은 계속 청구되나요?,"예, 정지 기간 동안 할부금이 계속 청구됩니다.",엘지유플러스:40840
휴대폰 정지/분실/파손,요금제 정지 시 약정 기간은 그대로 유지되나요?,"아니요, 정지 기간 동안 약정 할인 기간이 연장됩니다.",엘지유플러스:40839
휴대폰 정지/분실/파손,분실된 휴대폰의 번호 정지 처리는 어떻게 하나요?,전화상으로 즉시 등록,엘지유플러스:40838
복지할인 등록,차상위계층 복지할인은 어떻게 신청할 수 있나요?,U+ 매장 방문 또는 고객센터로 신분증 사진 전송,엘지유플러스:40843
요금제 변경,데이터를 모두 사용한 후에는 추가 요금 없이 느린 속도로 계속 인터넷을 사용할 수 있나요?,"예, 최대 400kbps 속도로 무제한 인터넷을 사용할 수 있습니다.",엘지유플러스:40837
요금제 변경,데이터 44 요금제는 어떻게 데이터를 제공하나요?,1.5GB,엘지유플러스:40856
부가서비스 안내,LGU+ 부가서비스는 어떻게 해지할 수 있나요?,어플상에서 해지하거나 상담을 통해 해지,엘지유플러스:40858
부가서비스 안내,부가서비스 해지를 위해 확인해야 하는 사람은 누구인가요?,본인,엘지유플러스:40858
소액 결제,소액결제 차단을 요청한 사람은 누구인가?,고객,엘지유플러스:40853
부가서비스 안내,부가서비스 가입 시 어떻게 실수로 가입되는 경우가 많은가?,전체 동의,엘지유플러스:40871
기기변경,LGU+ 번호변경 서비스를 이용하면 기존 번호는 어떻게 되나요?,30일간 사용 불가,엘지유플러스:40863
요금제 변경,요금제 변경 시 기존의 선택약정 할인을 계속 받을 수 있나요?,"예, 선택약정 할인을 계속 받으실 수 있습니다.",엘지유플러스:40856
요금 안내,요금제를 낮추면 할인 혜택을 그대로 유지할 수 있나?,아니요.,엘지유플러스:40875
요금 안내,유튜브 프리미엄 서비스를 취소하면 광고가 다시 나오게 되나요?,"예, 유튜브 프리미엄 서비스를 취소하면 광고가 다시 나오게 됩니다.",엘지유플러스:40867
부가서비스 안내,부가서비스 취소 시 그동안 납부한 요금에 대해 환불이 가능한가?,"예, 고객센터에 문의하여 환불 가능 여부를 확인할 수 있습니다.",엘지유플러스:40871
명의/번호/유심 해지,LGU+ 휴대폰 해지 신청은 어떻게 할 수 있나?,대리점 방문 또는 이메일/팩스 신청서 발송,엘지유플러스:40881
청구서,정보 이용료를 제외한 명세서를 어떻게 받을 수 있나?,이메일로,엘지유플러스:40879
요금 안내,약정 연장 시 요금할인 외 추가 혜택이 있나요?,"아니요, 정해진 할인금액 외에는 추가적인 혜택이 없습니다.",엘지유플러스:40877
장기고객 혜택,가족무한사랑유무선 결합 할인을 받을 수 있는 사람은 누구인가요?,가족 구성원,엘지유플러스:40878
기기변경,LG U+ 내에서 새 폰으로 교체할 때 위약금이 발생하나요?,"아니요, LG U+ 내에서 새 폰으로 교체할 때는 위약금이 발생하지 않습니다.",엘지유플러스:40865
부가서비스 안내,요금제를 중간에 낮추면 멤버십 등급에 영향을 미치나요?,"예, 요금제를 낮추면 멤버십 등급이 즉시 변경됩니다.",엘지유플러스:40886
소액 결제,성인의 경우 서비스 차단을 위해 본인이 직접 전화해야 하나요?,"예, 맞습니다. 성인의 경우 본인이 직접 전화해야 합니다.",엘지유플러스:40892
가입 안내,듀얼넘버서비스 이용을 위해 어떻게 해야 하나요?,휴대폰 전원을 껐다가 다시 켜기,엘지유플러스:40906
결합할인,가족 결합 서류는 어떻게 제출해야 하나요?,출력된 등본이나 가족관계증명서로 제출,엘지유플러스:40903
요금 안내,중고폰 판매 후 남은 단말기 가격은 어떻게 처리했나요?,요금에서 차감,엘지유플러스:40901
요금 납부,카드사에서 환불 입금 처리는 3-4일 정도 소요될 예정인가?,"예, 영업일 기준으로 3-4일 정도 소요될 예정입니다.",엘지유플러스:40900
청구서,청구서 우편 발송 변경 신청 시 추가 비용이 발생하나요?,"아니요, 무료로 서비스를 제공합니다.",엘지유플러스:40895
요금 안내,65세 이후 통신요금 할인을 받으려면 차상위 대상자여야 하나요?,"아니요, 차상위 기준에 해당하면 주민센터에서 통신요금 할인 등록이 가능합니다.",엘지유플러스:40896
소액 결제,소액결제 차단 해제를 요청한 사람은 누구인가요?,고객 본인,엘지유플러스:40908
요금 납부,미납 상태에서 서비스 사용을 일시적으로 어떻게 할 수 있나요?,당일 하루 연장 가능,엘지유플러스:40923
휴대폰 정지/분실/파손,분실 정지된 휴대폰에서 와이파이는 어떻게 이용할 수 있나요?,주변 와이파이 신호 잡아 이용,엘지유플러스:40936
복지할인 등록,차상위계층 할인은 가구 단위로 적용되나요?,"예, 차상위계층 할인은 가구 단위로 적용됩니다.",엘지유플러스:40902
휴대폰 정지/분실/파손,핸드폰 데이터 복원을 도와줄 수 있는 사람은 누구야?,삼성전자 서비스센터 엔지니어,엘지유플러스:40924
휴대폰 정지/분실/파손,핸드폰 데이터를 복원하는 방법은 어떻게 해?,삼성계정이나 구글계정의 백업 설정 확인,엘지유플러스:40924
요금제 변경,해당 요금제에서 무료로 제공되는 데이터 용량은 얼마인가?,6GB,엘지유플러스:40945
휴대폰 정지/분실/파손,분실 정지 상태에서 와이파이 이용이 가능한가?,"예, 와이파이 이용이 가능합니다.",엘지유플러스:40936
요금제 변경,데이터 12GB 초과 시 추가 요금이 발생하나요?,"아니요, 데이터 초과 시 추가 요금 없이 1Mbps 속도로 계속 사용 가능합니다.",엘지유플러스:40914
부가서비스 안내,LG 자판의 기본 입력 방식은 어떻게 선택할 수 있나요?,키보드 설정에서 입력언어 관리,엘지유플러스:40941
결합할인,LGU+ 결합 서비스에서 핸드폰 결합 할인은 어떻게 받을 수 있나요?,가족 구성원 수와 요금제에 따라 최대 할인,엘지유플러스:40943
명의/번호/유심 해지,전화 상담만으로 바로 팩스 서비스 해지가 가능한가?,"아니요, 서류를 먼저 제출해야 해지 처리가 가능합니다.",엘지유플러스:40947
요금 안내,현재 요금제에서 유무선 전화와 문자는 무제한으로 제공되나요?,"예, 요금제들은 유무선 전화와 문자가 기본 무제한으로 제공됩니다.",엘지유플러스:40946
요금 납부,은행에서 요금 납부 내역이 LGU+에 반영되는 데 얼마나 걸리나요?,하루나 이틀,엘지유플러스:40921
요금 안내,통신 서비스 해지 시 단말지원금 반환금을 어떻게 계산하나요?,신규단말지원 기간에 따라 다름,엘지유플러스:40911
휴대폰 정지/분실/파손,분실된 휴대폰의 요금 납부 방법은 어떤 카드로 하고 있나요?,현대카드,엘지유플러스:40938
휴대폰 정지/분실/파손,분실된 휴대폰의 정지 해제를 요청할 수 있는 사람은 누구입니까?,휴대폰 명의자,엘지유플러스:40933
휴대폰 정지/분실/파손,분실된 휴대폰의 정지 처리는 어떻게 진행되었나?,수신 전화만 가능하도록 정지,엘지유플러스:40939
정보변경,홈페이지에서 번호 변경 시 필요한 서류는 무엇을 준비해야 하나요?,법정대리인 입증 서류(등본 또는 가족관계증명서),엘지유플러스:40954
정보변경,자녀의 휴대폰을 직접 가지고 홈페이지에서 번호 변경 작업을 할 수 있나요?,"예, 자녀 휴대폰과 함께 홈페이지에서 번호 변경 작업을 할 수 있습니다.",엘지유플러스:40954
정보변경,자녀의 휴대폰 번호를 변경하는 방법은 어떻게 되나요?,홈페이지 또는 대리점 방문을 통해 변경 가능,엘지유플러스:40954
납부 방법 변경,카드 분실 후 새 카드 발급 과정에서 대리로 상담을 진행한 사람은 누구인가?,아내,엘지유플러스:40959
납부 방법 변경,결제 방법을 변경하려면 어떻게 해야 하나요?,카드주와 동의 통화 필요,엘지유플러스:40966
요금제 변경,기기 변경은 어떻게 할 수 있나?,온라인 샵 부서를 통해,엘지유플러스:40964
선택약정 할인,선택약정 할인은 어떻게 신청할 수 있나요?,명의자 동의 통화를 통해 신청,엘지유플러스:40978
요금 안내,데이터 추가 요금을 방지하기 위한 부가서비스의 월 요금은 얼마인가?,부가세 포함 월 요금,엘지유플러스:40968
요금제 변경,LGU+ 요금제를 월 중간에 변경하면 제공량은 어떻게 계산되나요?,날짜 계산에 따라 제한적으로 제공됨,엘지유플러스:40973
선택약정 할인,선택약정 할인이 자동으로 연장되나요?,아니요.,엘지유플러스:40978
선택약정 할인,선택약정 할인을 신청할 수 있는 사람은 누구인가요?,명의자,엘지유플러스:40978
부가서비스 안내,가족사랑 데이터는 먼저 공유된 데이터를 사용한 후 개인 데이터를 사용하는 방식인가?,"예, 맞습니다. 가족사랑 데이터는 공유된 데이터를 먼저 사용하고 그 다음 개인 데이터를 사용하는 방식입니다.",엘지유플러스:40986
선택약정 할인,약정 연장 상담을 진행한 자녀의 성별은 무엇인가?,여자,엘지유플러스:40982
요금제 변경,데이터 사용량을 초과하면 추가 요금 없이 자동으로 차단되나요?,"예, 통신사에서 미리 자동으로 차단되어 추가 요금 발생을 막아줍니다.",엘지유플러스:40987
부가서비스 안내,가족사랑 데이터는 어떻게 사용되나요?,500MB씩 두 번에 나눠서,엘지유플러스:40986
요금 안내,통신사 결합 할인을 받고 있는 가족 구성원은 누구인가?,어머니,엘지유플러스:40989
요금 안내,통신사 변경 시 위약금 없이 이동할 수 있는 방법은 어떻게 되나?,약정 종료 후,엘지유플러스:40989
부가서비스 안내,LGU+ 파손보험 수리 후 보상 신청 시 필요한 서류는 무엇인가요?,"영수증, 견적서",엘지유플러스:40995
장비 안내,요금제 변경 시 기존에 사용하던 유심칩을 그대로 사용할 수 있나요?,"네, 기존에 사용하던 유심칩을 그대로 사용할 수 있습니다.",엘지유플러스:40990
부가서비스 안내,LGU+ 모바일TV에서 실시간 TV를 볼 수 있는 방법은 무엇인가?,월정액 결제,엘지유플러스:40994
요금 안내,해당 요금제의 데이터는 어떻게 제공되나요?,3.5GB 후 1Mbps 속도로 무제한,엘지유플러스:41001
요금 안내,LG U+ 결합 할인 혜택을 유지하려면 어떻게 해야 하나요?,기기값 지원을 받지 않기,엘지유플러스:40998
부가서비스 안내,LGU+ 파손보험은 수리 횟수에 제한이 있나요?,"아니요, 보상 한도 내에서 횟수 제한 없이 보상받을 수 있습니다.",엘지유플러스:40995
요금제 변경,요금제 변경 시 기존 단말 할인에 영향을 미치나요?,아니요.,엘지유플러스:41006
요금제 변경,단말기 할부금은 어떻게 확인할 수 있나요?,고객센터 문의,엘지유플러스:41006
요금 납부,LGU+ 할부금은 어떻게 결제할 수 있나?,대리점이나 직영점 방문 결제,엘지유플러스:41003
요금제 변경,LGU+ 무제한 요금제는 어떻게 데이터를 제공하나요?,"6GB까지 빠른 속도, 초과 시 속도 제어",엘지유플러스:41011
요금제 변경,청소년 요금제 변경 시 데이터는 어떻게 제공되나요?,한 달 2GB 제공 후 400Kbps 속도로 무제한 사용,엘지유플러스:41013
기기변경,중고폰 반납 시 기기 초기화는 어떻게 하나요?,매장에서 초기화,엘지유플러스:41008
휴대폰 정지/분실/파손,알뜰폰으로 번호이동 시 기존 LGU+ 통신사 계약은 자동으로 해지되나요?,"네, 번호이동과 함께 기존 통신사 계약이 자동으로 해지됩니다.",엘지유플러스:41017
명의/번호/유심 해지,명의변경 시 유심카드를 반드시 새로 바꿔야 하나요?,"아니요, 기존 유심을 그대로 재활용할 수 있습니다.",엘지유플러스:41019
명의/번호/유심 해지,명의변경을 위해 방문할 수 있는 사람은 누구인가?,고객 본인,엘지유플러스:41019
소액 결제,유튜브 프리미엄 결제 취소 시 환불은 당월 내에 가능한가?,"예, 당월 내 취소 건은 지정된 날짜에 환불이 반영됩니다.",엘지유플러스:41035
선택약정 할인,LGU+ 선택약정할인은 몇 년으로 가입할 수 있나요?,"1년, 2년",엘지유플러스:41028
부가서비스 안내,상담 중 부가서비스 해지를 요청한 사람은 누구야?,고객,엘지유플러스:41033
요금제 변경,미성년자의 소액결제는 기본적으로 차단되어 있나요?,"예, 미성년자분들은 기본적으로 소액결제가 차단되어 있습니다.",엘지유플러스:41025
부가서비스 안내,부가서비스에 대부분 모르는 사이에 가입하게 되는 방법은 어떻게야?,전체 동의 버튼 클릭,엘지유플러스:41033
요금 할인,약정 기간 12개월이 지나면 할인 혜택을 더 이상 받을 수 없나?,"아니요, 할인 연장을 요청하면 계속 할인 혜택을 받을 수 있습니다.",엘지유플러스:41034
요금제 변경,LGU+ 요금제를 올리면 넷플릭스를 무료로 제공받을 수 있나요?,"예, LGU+의 특정 요금제부터 베이직 상품 넷플릭스를 무료로 제공합니다.",엘지유플러스:41037
기기변경,기기 변경 시 LG U+ 매장에서 어떻게 등록해야 하나?,기기를 들고 기기 등록하러 왔다고 말하기,엘지유플러스:41038
가입 안내,프리미어 약정할인 서비스는 어떻게 신청할 수 있나요?,상담사를 통해 동의 후 신청,엘지유플러스:41043
요금제 변경,LGU+ 요금제 변경은 무엇을 통해 상담받을 수 있나요?,전화 상담,엘지유플러스:41051
기기변경,유심만 바꾸면 통신사 기기 등록이 자동으로 완료되나요?,"아니요, 유심만 바꾸면 자동으로 완료되지 않고 이상이 있을 경우 매장 방문이 필요합니다.",엘지유플러스:41038
요금제 변경,데이터 무제한 요금제에서 하루에 데이터를 얼마나 제공하나요?,5GB,엘지유플러스:41051
부가서비스 안내,듀얼넘버 서비스를 신청한 사람은 누구인가?,본인,엘지유플러스:41054
부가서비스 안내,듀얼넘버 서비스에서 전화나 문자를 받을 때 어떻게 해야 하나?,샵 버튼 누르기,엘지유플러스:41054
납부 방법 변경,LGU+ 요금 납부 방법은 어떻게 변경할 수 있나요?,은행 계좌 자동이체로 변경,엘지유플러스:41078
가입 안내,태블릿PC 개통 시 신분증을 지참해야 하나요?,"예, 개통 작업을 위해 신분증을 반드시 지참해야 합니다.",엘지유플러스:41057
요금제 변경,요금제 변경은 한 달에 재변경이 가능한가?,"예, 요금제 변경은 한 달 내에 재변경이 가능합니다.",엘지유플러스:41065
납부 방법 변경,납부 계좌 변경 시 누구의 계좌로 등록해야 하나요?,본인 명의 계좌,엘지유플러스:41078
부가서비스 안내,중고폰 가격보장프로그램의 반납 기간은 어떻게 정해져 있나요?,정해진 개월수로 유예 없음,엘지유플러스:41068
납부 방법 변경,알뜰폰 요금제는 LGU+ 통신망을 직접 사용하나요?,아니요.,엘지유플러스:41078
납부 방법 변경,통신요금 자동이체 변경을 요청한 사람은 누구야?,고객 본인,엘지유플러스:41083
요금 안내,할부금액을 요금과 별도로 결제할 수 있나요?,"예, 고객이 요청하면 할부금액을 따로 결제할 수 있습니다.",엘지유플러스:41084
결합할인,이 상담에서 인터넷 서비스를 새로 설치한 사람은 누구야?,인터넷 기사,엘지유플러스:41099
선택약정 할인,LGU+ 선택약정할인 가입 시 약정 기간은 어떻게 선택할 수 있나요?,12개월 또는 24개월,엘지유플러스:41088
선택약정 할인,LG 핸드폰이 고장 나면 어떻게 해결할 수 있나요?,AS센터에서 수리,엘지유플러스:41098
요금제 변경,데이터33 요금제의 데이터 초과 시 어떻게 처리되나요?,과금,엘지유플러스:41111
요금 안내,현재 사용 중인 요금제가 데이터33요금제인가?,"예, 현재 데이터33요금제를 사용하고 있습니다.",엘지유플러스:41105
내역 조회,미납 요금 확인을 위해 누구의 정보가 필요한가요?,명의자,엘지유플러스:41108
결합할인,LGU+ 가족 결합 서비스는 어떻게 동의 절차를 진행하는가?,ARS 동의,엘지유플러스:41119
소액 결제,소액결제한 금액을 현금으로 선결제하려면 어떻게 해야 하나요?,가상계좌로 입금,엘지유플러스:41118
복지할인 등록,복지할인 등록이 가능한 대상은 누구인가요?,기초생활수급자,엘지유플러스:41123
요금 안내,휴대폰 기기에서 제공되는 데이터는 무제한인가?,"예, 휴대폰 기기에서 제공되는 데이터는 무제한입니다.",엘지유플러스:41126
요금 안내,단말기 할부금이 자동으로 다음 달 요금 고지서에 반영되나?,"아니요, 고객이 직접 결제하고 차감 신청을 해야 합니다.",엘지유플러스:41128
요금 안내,LGU+ 요금제에서 핫스팟 데이터는 어떻게 제공되나요?,한 달에 15GB,엘지유플러스:41126
요금 안내,5G 요금제 할인을 받으려면 어떻게 해야 하는가?,24개월 약정,엘지유플러스:41131
소액 결제,LGU+ 소액결제는 얼마 단위로 선결제가 가능한가?,소액결제 단위,엘지유플러스:41136
결합할인,가족 간 결합 서비스 가입이 가능한가?,"예, 가족관계증명서로 확인되면 결합 서비스 가입이 가능합니다.",엘지유플러스:41129
선택약정 할인,선택약정할인은 몇 개월로 등록되었는가?,12개월,엘지유플러스:41134
소액 결제,사업자 명의의 핸드폰도 소액결제 이용동의가 필요한가요?,"예, 명의변경 후에는 소액결제 이용동의가 필요합니다.",엘지유플러스:41154
요금제 변경,5G 라이트 플러스 요금제로 변경하면 데이터는 어떻게 제공되나요?,11GB,엘지유플러스:41146
요금 안내,데이터 2배쿠폰은 어떻게 적용되나요?,사용 시점부터 자동 반영,엘지유플러스:41143
요금 납부,카드 결제에 대해 동의한 사람은 누구인가요?,언니,엘지유플러스:41158
부가서비스 안내,LGU+ 멤버십에서 CGV 영화를 볼 수 있는 방법은?,매달 한 편 무료,엘지유플러스:41169
휴대폰 정지/분실/파손,해외에서 휴대폰 정지를 해제하는 방법은 어떻게 하나?,전화로 예약 요청,엘지유플러스:41166
부가서비스 안내,CGV 영화콕 서비스는 매달 무료로 영화를 볼 수 있는 서비스인가?,"예, 매달 한 편의 영화를 무료로 볼 수 있는 서비스입니다.",엘지유플러스:41169
소액 결제,소액결제 비밀번호는 어떻게 삭제할 수 있나요?,전문부서에 접수,엘지유플러스:41163
요금 안내,LGU+ 요금은 어떻게 납부할 수 있나요?,가상계좌로 납부,엘지유플러스:41173
요금 안내,데이터를 다 사용한 후에는 어떻게 인터넷을 사용할 수 있나?,속도 제어되면서 검색 가능 속도로 무제한 사용,엘지유플러스:41194
부가서비스 안내,현재 태블릿 데이터 명의는 누구인가요?,고객 본인,엘지유플러스:41193
요금 안내,핫스팟 이용에 문제가 있을 경우 어떻게 해결할 수 있나요?,전원 껐다가 켜기,엘지유플러스:41196
요금 안내,하루에 5GB 사용 후 데이터 속도는 어떻게 변경되나요?,5Mbps로 감소,엘지유플러스:41191
요금 안내,데이터를 초과해서 사용하면 추가 요금이 발생하나요?,"아니요, 데이터를 다 사용하면 속도만 느려지고 추가 요금은 발생하지 않습니다.",엘지유플러스:41194
요금제 변경,요금제 변경 시 위약금이 발생하나요?,"아니요, 위약금 없이 요금제를 변경할 수 있습니다.",엘지유플러스:41189
선택약정 할인,선택약정할인 가입 과정은 어떻게 진행되나요?,녹취 방식으로 진행,엘지유플러스:41188
요금 납부,LGU+ 요금은 어떻게 결제할 수 있나요?,카드나 가상계좌로 즉시 납부 가능,엘지유플러스:41203
요금 납부,카카오뱅크 카드로 요금 결제가 가능한가요?,아니요.,엘지유플러스:41203
요금 납부,상품권 관련 문의는 누구에게 해야 하나요?,유선 부서,엘지유플러스:41203
기기변경,유심 교체를 위해 U+ 매장에 방문할 때 필요한 신분증 소지자는 누구인가?,명의자,엘지유플러스:41199
결합할인,LGU+ 인터넷 결합할인을 어떻게 변경할 수 있나요?,가족관계증명서를 준비하고 기존 결합을 해지한 후 새로운 참쉬운 가족결합으로 전환,엘지유플러스:41208
결합할인,현재 결합 대표자는 누구인가요?,고객의 어머니,엘지유플러스:41208
요금 안내,약정할인 종료 후 요금제를 새로 신규 가입할 수 있나요?,"예, 새로 신규 가입할 수 있습니다.",엘지유플러스:41213
요금 안내,다른 사람의 카드로 결제하려면 카드 주인의 동의가 필요한가?,"예, 카드 주인의 동의 통화가 필요합니다.",엘지유플러스:41212
보험 안내,분실 시 보험 처리는 새 기기로 보상받을 수 있나요?,"예, 에이급 조건이면 새 기기로 보상받을 수 있습니다.",엘지유플러스:41226
보험 안내,분실 시 보상받은 기기는 어떻게 제공되나요?,에이급 조건에 따라 새 기계 또는 중고 기계,엘지유플러스:41226
선택약정 할인,LGU+ 선택약정할인은 어떻게 갱신할 수 있나요?,1년 또는 2년 단위로 재가입,엘지유플러스:41233
요금제 변경,데이터33요금제는 전화와 문자를 기본 제공하나요?,"예, 전화와 문자를 기본으로 제공합니다.",엘지유플러스:41230
가입 안내,폰케어플러스 보험 가입은 어떻게 진행되나요?,단말기와 신분증 지참 후 매장 방문,엘지유플러스:41231
요금제 변경,요금제 변경 시 발생하는 위약금은 얼마나 나오나요?,한 달,엘지유플러스:41241
요금제 변경,U+ 1년 유지 조건으로 요금 할인을 받을 수 있나요?,"예, 매달 기본요금에 25%씩 요금할인을 받을 수 있습니다.",엘지유플러스:41227
선택약정 할인,선택약정할인은 몇 년까지 신청 가능한가요?,최대 2년,엘지유플러스:41266
납부 방법 변경,LGU+ 통신사의 카드 결제는 몇 차까지 가능한가?,4차,엘지유플러스:41254
요금제 변경,데이터 초과 후에도 추가 요금 없이 인터넷을 계속 사용할 수 있나요?,"예, 속도는 느려지지만 무제한으로 이용할 수 있습니다.",엘지유플러스:41257
장비 안내,새로 구매한 핸드폰의 배터리 소모와 발열 현상이 정상적인 현상일 수 있나요?,"예, 일주일에서 열흘 정도는 배터리가 빨리 닳거나 발열 현상이 있을 수 있습니다.",엘지유플러스:41275
요금 안내,와이파이와 휴대폰 데이터를 동시에 사용할 때 어떻게 신호를 잡나요?,더 신호가 좋은 쪽으로 잡힘,엘지유플러스:41273
요금제 변경,시니어 요금제의 데이터 속도는 어떻게 제어되나?,"8GB까지 빠르고, 초과 시 1Mbps로 느려짐",엘지유플러스:41279
요금제 변경,요금제는 얼마나 자주 변경할 수 있나요?,30일마다 한 번씩,엘지유플러스:41274
납부 방법 변경,LGU+ 요금 자동이체는 어떻게 변경되었어?,국민카드로 변경,엘지유플러스:41269
요금 안내,AI스피커 설치비는 어떻게 부과되나요?,한 번만 납부,엘지유플러스:41293
납부 방법 변경,자동이체 변경에 동의한 배우자의 이름은 누구야?,고객의 배우자,엘지유플러스:41269
명의/번호/유심 해지,휴대폰 해지를 위해 대리점에 방문할 때 필요한 신분증 소유자는 누구인가?,본인,엘지유플러스:41303
요금제 변경,5G슬림+ 요금제의 데이터 속도제한은 어떻게 되나요?,400Kbps,엘지유플러스:41296
요금제 변경,요금제 변경 시 약정이 필요한가요?,아니요.,엘지유플러스:41298
요금제 변경,LGU+ 멤버십 혜택 중 GS25에서 받을 수 있는 할인율은 얼마인가?,5%,엘지유플러스:41326
요금제 변경,LGU+ 요금제 변경 시 월중 변경에 따른 요금 계산은 어떻게 이루어지나요?,일할 계산,엘지유플러스:41308
요금제 변경,요금제 변경 후 초과요금이 발생할 수 있나요?,"아니요, 이 경우 초과요금은 발생하지 않습니다.",엘지유플러스:41325
요금 납부,미납 요금은 어떻게 결제할 수 있나요?,카드번호와 유효기간으로 결제,엘지유플러스:41318
선택약정 할인,선택약정 할인 관련 자세한 내용은 어떻게 확인할 수 있나요?,홈페이지,엘지유플러스:41316
납부 방법 변경,이 상담에서 자동이체를 카드로 변경하려는 사람은 누구인가?,본인,엘지유플러스:41334
요금제 변경,요금제 변경 시 한 달에 한 번 변경이 가능한가?,"예, 한 달에 한 번 요금제 변경이 가능합니다.",엘지유플러스:41315
선택약정 할인,선택약정할인의 할인율은 어떻게 되나요?,25%,엘지유플러스:41328
요금제 변경,해당 요금제에서 한 달에 기본으로 제공되는 데이터는 무엇인가?,8GB,엘지유플러스:41325
납부 방법 변경,LGU+ 요금 납부 방법을 변경하기 위해 필요한 인증 방법은 무엇인가?,공인인증서,엘지유플러스:41334
요금 안내,요금제 변경 시 한 달에 한 번 재변경이 가능한가?,"예, 요금제는 한 달에 한 번씩 원할 때 언제든지 재변경이 가능합니다.",엘지유플러스:41324
선택약정 할인,선택약정할인은 어떻게 받을 수 있나요?,1년 약정,엘지유플러스:41346
결합할인,가족결합에 필요한 서류는 뭐야?,가족관계증명서,엘지유플러스:41339
기기변경,요금제 변경 시 가족 결합 할인 금액이 달라질 수 있나요?,"예, 요금제에 따라 할인 금액이 변경될 수 있습니다.",엘지유플러스:41351
요금 납부,아들의 휴대폰 정지 상태는 어떻게 된 상태야?,해외 나갈 때 직접 정지시킨 상태,엘지유플러스:41353
해외로밍,해외에서 구매한 핸드폰을 국내에서 사용하기 위해 확인해야 할 방법은 어떻게 되나요?,구매처 문의,엘지유플러스:41368
요금 납부,아들이 해외에 나가기 전에 직접 휴대폰 정지를 시켰나요?,"예, 아들이 해외 나갈 때 직접 휴대폰 정지를 시켰습니다.",엘지유플러스:41353
선택약정 할인,선택약정할인 가입은 어떤 방식으로 진행되었나?,ARS 연결 후 음성 동의,엘지유플러스:41364
명의/번호/유심 해지,LGU+ 해지 신청은 어떻게 할 수 있나요?,해지신청서 작성 후 신분증 사본과 함께 팩스나 이메일로 제출 또는 대리점 방문,엘지유플러스:41373
선택약정 할인,할부 기간과 상관없이 동일한 할인률을 적용받을 수 있나요?,"예, 할인률은 할부 기간과 상관없이 동일하게 적용됩니다.",엘지유플러스:41364
납부 방법 변경,요금 납부 계좌 변경을 요청한 사람은 누구야?,자녀,엘지유플러스:41383
선택약정 할인,선택약정할인 등록을 위해 어떻게 진행했는가?,명의자와 동의 통화,엘지유플러스:41379
납부 방법 변경,LGU+ 요금 납부 계좌를 어떻게 변경할 수 있나?,고객센터 통화를 통해,엘지유플러스:41383
부가서비스 안내,보험 만기 해지 처리는 어떻게 진행되었나요?,자동,엘지유플러스:41386
납부 방법 변경,기존 납부 은행은 LGU+ 은행이었나?,아니요.,엘지유플러스:41383
명의/번호/유심 해지,휴대폰 해지 신청을 할 수 있는 사람은 누구인가요?,본인,엘지유플러스:41388
명의/번호/유심 해지,LGU+ 휴대폰 해지 서류는 어떻게 받을 수 있나요?,이메일 또는 LGU+ 매장 방문,엘지유플러스:41388
요금 안내,청소년 데이터 요금제에서 데이터를 모두 사용한 후 어떤 속도로 무제한 인터넷을 사용할 수 있나요?,400Kbps,엘지유플러스:41410
요금 납부,요금 결제에 사용된 카드의 소유주는 누구인가요?,부모님,엘지유플러스:41393
선택약정 할인,선택약정할인 가입은 어떻게 진행되나요?,ARS 동의,엘지유플러스:41436
요금 안내,TV 월정액이 누구 명의로 되어 있었나요?,남편,엘지유플러스:41408
소액 결제,배달의민족과 같은 서비스는 소액결제에 해당하나요?,"예, 배달의민족과 같은 서비스는 소액결제에 해당합니다.",엘지유플러스:41425
소액 결제,선결제한 금액은 취소나 환불이 가능한가?,"아니요, 선결제로 납부한 금액은 취소 및 환불이 불가능합니다.",엘지유플러스:41418
요금 안내,5G 모델의 요금제는 어떻게 변경할 수 있나요?,5G 요금제로만 변경 가능,엘지유플러스:41423
요금 안내,24개월 약정 시 요금이 더 저렴해질 수 있나요?,"아니요, 24개월 약정해도 요금은 동일합니다.",엘지유플러스:41450
요금 납부,인터넷 TV 상담을 위해 연결될 부서는 누구인가요?,담당부서,엘지유플러스:41428
요금 안내,프리미어에센셜 요금제는 핸드폰에서 사용하는 데이터가 완전 무제한인가?,"네, 아무리 많이 사용해도 데이터 속도 제한 없이 무제한으로 사용할 수 있습니다.",엘지유플러스:41444
선택약정 할인,가족 결합 서비스가 선택약정 신청에 영향을 미치나요?,"아니요, 가족 결합과는 무관하게 성인과 청소년의 선택약정 신청 방식이 다릅니다.",엘지유플러스:41434
번호 변경,번호 변경 후 휴대폰은 어떻게 해야 하나요?,전원 완전히 껐다 켜기,엘지유플러스:41431
선택약정 할인,선택약정할인을 신청할 수 있는 방법은 무엇인가?,홈페이지나 고객센터 앱에서 신청 가능,엘지유플러스:41434
선택약정 할인,LGU+ 선택약정할인 가입 기간은 몇 개월로 선택했나요?,12개월,엘지유플러스:41435
선택약정 할인,같은 통신사로 기기변경 시 위약금이 발생하나요?,아니요.,엘지유플러스:41436
선택약정 할인,선택약정할인은 어떻게 가입할 수 있나요?,녹취 통화로 동의 후 가입,엘지유플러스:41448
요금 안내,시니어요금제 약정할인프로그램은 몇 개월 약정으로 진행되었나?,24개월,엘지유플러스:41444
소액 결제,어플을 통해 소액결제 사용 경로를 확인할 수 있나?,아니요.,엘지유플러스:41451
요금 납부,통신 요금 납부 변경을 요청한 사람은 누구인가요?,고객 본인,엘지유플러스:41468
장비 안내,LTE 프리미어플러스 요금제에서 유튜브 프리미엄을 무료로 이용할 수 있나요?,"예, LTE 프리미어플러스 요금제에서 유튜브 프리미엄을 무료로 이용할 수 있습니다.",엘지유플러스:41481
납부 방법 변경,자동이체 카드 변경을 요청한 사람은 누구인가요?,고객의 배우자,엘지유플러스:41463
납부 방법 변경,자동이체 변경 시 이중 납부의 위험이 없나요?,아니요.,엘지유플러스:41471
요금 납부,이중 납부된 요금은 어떻게 처리되나요?,카드사에서 자동 취소,엘지유플러스:41468
선택약정 할인,선택약정할인 가입 시 반환금이 발생하는 경우는 어떻게 되나요?,"중도해지, 미적용 단말기로 기기변경, 약정미승계, 명의변경",엘지유플러스:41476
납부 방법 변경,부모님 카드로 요금 결제를 어떻게 할 수 있나요?,부모님 동의 통화 후 가능,엘지유플러스:41471
선택약정 할인,선택약정할인 가입 시 위약금이 발생하는 방식은 어떻게 되나요?,"중도해지, 미적용 단말기 기기변경, 약정 미승계, 명의변경 시",엘지유플러스:41488
선택약정 할인,중고폰으로 기기변경 시 위약금이 발생하나요?,"예, 약정이 걸린 중고폰의 경우 위약금이 발생할 수 있습니다.",엘지유플러스:41488
장비 안내,LTE 요금제에서 유튜브 프리미엄을 무료로 이용하는 방법은?,프리미어플러스 요금제로 변경,엘지유플러스:41481
가입 안내,폰 보험 보상 신청은 어떻게 진행되나요?,문의처로 연락,엘지유플러스:41501
소액 결제,LGU+ 통신사에서 직접 결제 취소와 환불을 진행할 수 있나요?,"아니요, 결제 대행만 하기 때문에 직접 취소와 환불을 진행할 수 없습니다.",엘지유플러스:41500
선택약정 할인,선택약정 신청 시 요금 할인을 받을 수 있나요?,"네, 25% 할인을 받을 수 있습니다.",엘지유플러스:41496
선택약정 할인,선택약정 시 요금은 어떻게 변경되나요?,25% 할인,엘지유플러스:41496
납부 방법 변경,LGU+ 자동이체 카드는 어떻게 변경할 수 있나요?,고객센터 전화,엘지유플러스:41521
선택약정 할인,기기변경 시 선택약정 유지가 가능한가?,"네, 통신사를 그대로 유지하면 기기변경 한 번까지 가능합니다.",엘지유플러스:41513
납부 방법 변경,요금 납부 변경에 동의한 사람은 누구야?,배우자,엘지유플러스:41498
내역 조회,대리점 자체 중고폰 프로그램에서 반납 처리 즉시 확인이 가능한가?,"아니요, 검수센터 처리 후에 확인이 가능합니다.",엘지유플러스:41533
휴대폰 정지/분실/파손,파손 보험 신청은 어떻게 해야 하나요?,개통 직후 고객센터로 문의,엘지유플러스:41518
선택약정 할인,LGU+ 선택약정 할인은 얼마나 적용되나요?,25%,엘지유플러스:41513
선택약정 할인,선택약정 할인을 연장하는 방법은 어떻게 되나?,고객센터 어플 또는 전화,엘지유플러스:41524
요금 납부,LGU+ 가상계좌 입금으로 납부한 요금도 현금영수증 발급이 가능한가요?,"네, 자동이체나 무통장입금 모두 자동으로 현금영수증이 발급됩니다.",엘지유플러스:41522
납부 방법 변경,알뜰폰 통신사 자동이체도 LGU+에서 변경할 수 있나요?,아니요.,엘지유플러스:41521
요금 납부,LGU+ 요금 납부 시 현금영수증은 어떤 방식으로 처리되나요?,휴대폰 번호로 자동 처리,엘지유플러스:41522
선택약정 할인,통신사 변경 없이 기기변경을 할 경우 위약금은 어떻게 되나요?,없음,엘지유플러스:41536
기기변경,중고폰 가격 보장 프로그램의 대상 기기는 누구의 기기인가요?,갤럭시S10,엘지유플러스:41538
기기변경,중고폰 가격 보장 프로그램으로 반납 시 추가 할인을 받을 수 있나요?,아니요.,엘지유플러스:41538
선택약정 할인,기기변경 시 위약금 없이 진행할 수 있나요?,"예, 통신사가 같다면 기기변경 시 위약금 없이 진행할 수 있습니다.",엘지유플러스:41536
기기변경,중고폰 가격 보장 프로그램에서 기기를 교체하는 방법은 어떻게 되나요?,U+ 통신사에서 S10 이후 출시된 삼성 프리미엄 단말기로 교체,엘지유플러스:41538
요금제 변경,통신사를 그대로 유지하면서 기기만 변경해도 위약금이 없나요?,"예, 통신사를 LG U+로 유지하고 기기만 변경하시면 위약금이 없습니다.",엘지유플러스:41546
요금 납부,카드 결제 시 본인 명의 카드만 사용할 수 있나요?,"예, 고객 본인 명의 카드로만 결제가 가능합니다.",엘지유플러스:41550
부가서비스 안내,LTE 단말기의 데이터 쉐어링 시 월간 데이터 사용 한도는 얼마인가?,11GB,엘지유플러스:41548
결합할인,참쉬운가족결합 시 가족 구성원 확인은 어떻게 하나요?,가족관계증명서,엘지유플러스:41556
세금계산서,세금계산서 팩스 전송에 소요되는 예상 시간은 얼마나 되나요?,30분에서 40분,엘지유플러스:41570
요금 안내,자동이체 변경을 신청한 사람은 누구인가?,고객 본인,엘지유플러스:41578
요금제 변경,선택약정 할인 기간은 어떻게 선택할 수 있나?,1년 또는 2년,엘지유플러스:41581
요금 안내,기기변경 후 선택 약정할인은 어떻게 가입할 수 있나요?,6개월 후부터 가능,엘지유플러스:41583
부가서비스 안내,중고폰 반납 즉시 포인트가 적립되었나?,아니요.,엘지유플러스:41575
장비 안내,중고폰 보장 프로그램 보상금은 어떻게 받을 수 있나요?,단말기 상태에 따라,엘지유플러스:41586
명의/번호/유심 일시정지,LGU+ 태블릿 일시정지 해제 처리는 얼마나 소요되나요?,10분에서 20분,엘지유플러스:41593
명의/번호/유심 일시정지,태블릿 일시정지 해제를 요청한 사람은 누구인가요?,명의자 본인,엘지유플러스:41593
소액 결제,소액결제를 한 사람은 누구인가?,고객의 동생,엘지유플러스:41599
요금 안내,선택약정 할인은 얼마나 적용되고 있나?,25%,엘지유플러스:41611
요금 납부,이중 결제된 요금을 환불받으려면 어떻게 해야 하나?,결제 후 자동 환불,엘지유플러스:41606
요금 납부,요금 결제에 동의한 카드 소유주는 누구인가?,엄마,엘지유플러스:41614
선택약정 할인,선택 약정 할인 가입 시 핸드폰 번호를 해지해도 되나요?,"아니요, 핸드폰 번호는 해지하면 안 됩니다. 기기만 바꾸는 것은 가능합니다.",엘지유플러스:41613
요금 안내,해지한 휴대폰 번호를 다른 통신사로 이동할 수 있나요?,"예, 알뜰폰을 포함한 다른 통신사로 번호 이동이 가능합니다.",엘지유플러스:41622
요금 안내,데이터 속도제한 시 문자 로딩 속도는 얼마나 걸리나요?,"400Kbps는 20초 이상, 1Mbps는 10초 정도",엘지유플러스:41643
요금 안내,LGU+ 선택약정할인 연장 기간은 어떻게 선택할 수 있나요?,1년 또는 2년,엘지유플러스:41623
요금 안내,KT 핸드폰 해지 시 대리점에서 필요한 서류는 무엇인가?,신분증,엘지유플러스:41622
선택약정 할인,LGU+ 선택 약정 할인은 어떻게 가입할 수 있나요?,전화나 앱을 통해 가능,엘지유플러스:41613
요금 납부,LGU+ 단말기 할부금은 어떻게 결제할 수 있나요?,카드결제(체크카드 또는 신용카드),엘지유플러스:41633
요금 납부,가상계좌로 할부금 납부가 가능한가요?,아니요.,엘지유플러스:41633
요금 안내,앞으로 다른 통신사의 요금이 다시 청구되나?,아니요.,엘지유플러스:41647
요금 안내,데이터 초과 후 속도 제한 상태에서 카카오톡 메시지 송신이 가능한가?,"예, 카카오톡 메시지를 보낼 수 있습니다.",엘지유플러스:41643
보험 해지,보험 해지 후 해당 단말기에 다시 보험을 가입할 수 있나요?,"아니요, 해당 단말기에는 보험 재가입이 불가능합니다.",엘지유플러스:41634
내역 조회,납부자 번호는 어떻게 시작되나요?,5로 시작,엘지유플러스:41626
요금제 변경,와이파이 없는 곳에서 TV 시청이 가능한가요?,아니요.,엘지유플러스:41653
기기변경,중고폰 가격보장프로그램 반납 시 정확한 시기를 지키는 것이 중요한가?,"예, 반납 시기에 따라 할부금액에 차이가 발생할 수 있기 때문에 중요합니다.",엘지유플러스:41645
요금제 변경,5G 라이트 시니어 요금제를 가입할 수 있는 대상은 누구인가요?,만 65세 이상 어르신,엘지유플러스:41653
요금제 변경,파손보험은 어떻게 다시 가입할 수 있나요?,기기변경 시,엘지유플러스:41646
요금제 변경,2GB 데이터 초과 후에도 인터넷 사용이 완전히 차단되나요?,"아니요, 네이버 검색이나 카카오톡을 사용할 수 있는 저속 데이터를 무제한으로 제공합니다.",엘지유플러스:41662
요금 안내,기기변경 시 현재 기기값이 남아있나요?,"아니요, 현재 남아 있는 기기값은 없습니다.",엘지유플러스:41658
요금제 변경,데이터 6GB를 모두 사용한 후에는 어떻게 인터넷을 사용할 수 있나요?,간단한 인터넷과 카카오톡 가능 속도로 제한,엘지유플러스:41653
장비 안내,중고폰 반납 후 추가 요금이 발생하나요?,"아니요, 반납 상태라서 추가 요금은 없습니다.",엘지유플러스:41657
부가서비스 안내,지니뮤직 이용권 재발행은 어떻게 인증하나요?,휴대폰 번호 인증,엘지유플러스:41681
요금 안내,상담을 요청한 사람의 관계는 누구인가요?,지인,엘지유플러스:41658
요금 납부,LGU+ 전화요금은 어떻게 납부할 수 있나요?,가상계좌로 납부,엘지유플러스:41673
멤버십 혜택,멤버십 카드는 어떻게 받을 수 있나요?,우편으로,엘지유플러스:41668
멤버십 혜택,멤버십 카드를 신청한 사람은 누구인가요?,본인,엘지유플러스:41668
부가서비스 안내,매너콜 서비스를 이용할 때 상대방이 서비스를 어떻게 등록해야 하나?,직접 등록,엘지유플러스:41683
선택약정 할인,프리미어 요금제 약정 할인은 어떻게 등록되나요?,상담사를 통해 동의 과정 진행 후 등록,엘지유플러스:41706
요금 안내,슬림 요금제로 변경 후 데이터 초과 시 추가 요금이 발생하나요?,"아니요, 데이터로 인한 초과요금은 발생하지 않습니다.",엘지유플러스:41688
부가서비스 안내,U+ 보관함 서비스는 어떻게 확인할 수 있나요?,카메라 어플 설정에서,엘지유플러스:41701
선택약정 할인,LGU+ 선택약정할인 연장은 어떻게 진행되나요?,자동으로 연장됩니다.,엘지유플러스:41693
해지 안내,LG U+ 통신 서비스 개통취소는 어떻게 처리되나요?,위약금 없이 취소,엘지유플러스:41696
요금 안내,인터넷 TV 기기 교체를 누구의 권유로 진행했나요?,기사,엘지유플러스:41698
요금제 변경,요금제 변경 시 기존 할인이 그대로 적용되나요?,"네, 기존 할인이 그대로 적용됩니다.",엘지유플러스:41700
요금 안내,44 요금제에서 데이터 초과 시 어떻게 인터넷을 사용할 수 있나요?,느린 속도로 무제한,엘지유플러스:41726
복지할인 등록,장애 증명서로 복지 할인 신청이 가능한가?,"예, 신분증과 함께 장애 증명서로 자격 확인이 가능합니다.",엘지유플러스:41712
요금제 변경,LG U+에서 가장 저렴한 5G 요금제의 요금은 얼마인가?,5G 슬림 요금제,엘지유플러스:41720
요금제 변경,청소년 요금제는 초과 사용 시 추가 요금이 발생하나요?,"아니요, 초과 사용 시 추가 요금이 발생하지 않습니다.",엘지유플러스:41715
요금 납부,LGU+ 요금을 납부할 때 연체를 피하려면 어떻게 해야 하나?,두 달 이내에 부분 납부,엘지유플러스:41713
요금제 변경,요금제 변경 시 월 청구 예상 금액은 어떻게 계산되나요?,"선택약정 할인, 휴대폰 보험, 할부금 등을 모두 합산하여 계산",엘지유플러스:41718
요금 납부,이 상담에서 자동이체를 등록한 사람의 성함은 무엇인가?,고객의 배우자,엘지유플러스:41714
요금 납부,중고폰 보상 금액은 어떻게 변동되나요?,기간이 지날수록 감소,엘지유플러스:41711
요금제 변경,LTE 청소년 요금제 19의 한 달 데이터 용량은 얼마인가?,350MB,엘지유플러스:41715
소액 결제,소액결제 원천 차단은 어떻게 신청할 수 있나요?,전화로,엘지유플러스:41724
가입 안내,핸드폰 보험 가입 가능 기간은 어떻게 되나요?,개통 60일 이내,엘지유플러스:41741
휴대폰 정지/분실/파손,휴대폰 일시정지 기간은 최대 얼마까지 가능한가?,1년에 180일,엘지유플러스:41753
휴대폰 정지/분실/파손,데이터쉐어링 상태의 유심칩도 함께 정지할 수 있나요?,"예, 함께 정지할 수 있습니다.",엘지유플러스:41753
요금제 변경,5G스탠다드 요금제의 데이터 소진 후 속도는 얼마나 유지되나?,5bps,엘지유플러스:41743
소액 결제,소액결제 차단은 어떻게 할 수 있나요?,고객센터 어플에서,엘지유플러스:41778
결합할인,가족 결합 서비스는 어떻게 가입할 수 있나요?,녹취 동의,엘지유플러스:41731
요금 안내,5G 요금제에서 2배 쿠폰을 사용할 수 있나요?,아니요.,엘지유플러스:41779
요금 안내,단말기 할부금은 어떻게 처리되었나?,마이너스 처리,엘지유플러스:41761
요금 안내,통신요금 결제를 위해 확인한 사람은 누구인가요?,본인,엘지유플러스:41763
요금 안내,휴대폰 요금제 변경이 인터넷 할인에 영향을 미치나요?,"아니요, 휴대폰 요금제 변경은 인터넷 할인에 영향을 미치지 않습니다.",엘지유플러스:41780
요금제 변경,요금제 변경 시 추가 요금이 발생하나요?,"아니요, 추가 요금이 발생하지 않습니다.",엘지유플러스:41799
선택약정 할인,선택약정할인은 얼마의 할인율로 적용되었는가?,25%,엘지유플러스:41801
가입 안내,아이폰에서 듀얼넘버 가입 시 주의해야 할 점은 어떻게 되나?,"문자메시지 발송, 휴대폰 결제 시 오류 가능성",엘지유플러스:41821
군입대 일시정지,입영 서류는 어떻게 제출해야 하나?,문자로 받은 링크에서 사진 첨부,엘지유플러스:41814
선택약정 할인,LGU+ 선택약정할인 연장은 어떻게 진행되나요?,녹취 동의 후 등록,엘지유플러스:41818
요금 안내,신용카드 결제 시 결제 승인 날짜와 실제 대금 인출 날짜가 다른가?,"예, 신용카드는 승인 날짜와 대금 인출 날짜가 다릅니다.",엘지유플러스:41820
가입 안내,아이폰에서도 듀얼넘버 서비스를 이용할 수 있나요?,"예, 아이폰에서도 듀얼넘버 서비스를 이용할 수 있습니다.",엘지유플러스:41821
요금제 변경,선택약정할인 가입 시 기간을 채우지 못하면 어떻게 되나요?,반환금,엘지유플러스:41826
선택약정 할인,약정 기간 중에 요금제 변경이 불가능한가요?,아니요.,엘지유플러스:41831
요금 납부,요금 납부 카드의 소유주는 누구인가요?,고객 본인,엘지유플러스:41828
요금제 변경,LTE 요금제로 변경할 때 어떻게 진행해야 하나요?,신분증 지참 후 지점 방문,엘지유플러스:41833
선택약정 할인,LGU+ 선택약정 기간은 어떻게 선택할 수 있나요?,12개월 또는 24개월,엘지유플러스:41831
요금 납부,남은 포인트는 어떻게 처리되나요?,다음 요금에서 자동 납부,엘지유플러스:41846
납부 방법 변경,자동이체 신청을 하러 온 사람은 누구인가?,아들,엘지유플러스:41834
기기변경,LGU+ 내에서 기기 변경 시 위약금이 발생하나요?,아니요.,엘지유플러스:41840
내역 조회,통신사 상담을 통해 할부금을 조회할 수 있는 사람은 누구인가요?,명의자,엘지유플러스:41848
가입 안내,선택약정 연장 시 기기 변경은 어떻게 진행되나요?,통신사 유지하며 자유롭게 변경 가능,엘지유플러스:41841
요금 납부,단말기 할부금 결제 후 취소가 가능한가요?,아니요.,엘지유플러스:41846
기기변경,삼성전자 프리미엄 모델로 기기 변경 시 보상을 받을 수 있나요?,"예, 현재 기기 이후에 나온 노트시리즈, S시리즈, Z플립, Z폴드 등으로 변경 시 보상받을 수 있습니다.",엘지유플러스:41847
기기변경,중고폰 가격보장 프로그램에서 반납 시 어떤 삼성전자 모델로 기기 변경이 가능한가?,"노트시리즈, S시리즈(S20, S21), Z플립, Z폴드",엘지유플러스:41847
기기변경,중고폰 반납 후 새 휴대폰으로 교체하는 방법은 어떻게 되나요?,대리점에서 반납 및 검수 후 새 기기 구매,엘지유플러스:41856
선택약정 할인,선택약정 할인 가입은 어떻게 진행되었나?,녹취 후 고객 동의,엘지유플러스:41866
요금 안내,10GB의 데이터는 유튜브 고화질 동영상으로 몇 시간까지 시청할 수 있나요?,10시간 이상,엘지유플러스:41868
요금 안내,전화한 사람은 누구인가요?,엄마,엘지유플러스:41859
요금 안내,요금은 어떻게 납부하고 있나요?,국민은행,엘지유플러스:41859
요금제 변경,LGU+ 선택약정 할인 연장 기간은 어떻게 선택할 수 있나요?,1년 또는 2년,엘지유플러스:41863
요금제 변경,데이터를 모두 사용한 후 최소한으로 어떤 서비스를 이용할 수 있나요?,카카오톡,엘지유플러스:41876
선택약정 할인,LGU+ 선택약정 할인은 몇 개월로 가입할 수 있나요?,"12개월, 24개월",엘지유플러스:41874
요금제 변경,현재 요금제의 데이터 사용량이 2GB를 초과하면 인터넷 사용이 완전히 차단되나?,"아니요, 데이터 사용량을 초과해도 속도가 느려지면서 무제한으로 사용할 수 있습니다.",엘지유플러스:41877
요금제 변경,LTE 기지국 근처에서는 최대 몇 Mbps 속도로 인터넷을 사용할 수 있나요?,100Mbps,엘지유플러스:41876
납부 방법 변경,현대카드 변경을 요청한 사람은 누구인가요?,본인,엘지유플러스:41873
선택약정 할인,선택약정 할인을 중도에 해지하면 어떻게 되나요?,할인받은 휴대폰 전체 금액을 반환금으로 납부해야 함,엘지유플러스:41888
선택약정 할인,선택약정 할인 가입 시 중도해지하면 반환금이 발생하나요?,"예, 중도해지 시 반환금이 발생합니다.",엘지유플러스:41888
요금제 변경,데이터 700MB 사용 후에도 인터넷을 계속 사용할 수 있나요?,"예, 속도는 제한되지만 무제한으로 계속 사용할 수 있습니다.",엘지유플러스:41881
요금제 변경,데이터 700MB 초과 후 인터넷은 어떻게 이용할 수 있나요?,속도 제한된 무제한,엘지유플러스:41881
선택약정 할인,LTE 키즈 요금제를 사용할 수 있는 대상은 누구인가요?,만 12세 이하 고객,엘지유플러스:41888
요금 안내,데이터 안심옵션은 어떻게 해지되나요?,자동 해지,엘지유플러스:41891
선택약정 할인,기기 변경 시 통신사를 유지하면 반환금이 발생하나요?,"아니요, 같은 통신사로 기기를 변경하면 반환금 없이 변경할 수 있습니다.",엘지유플러스:41887
결합할인,인터넷 TV를 해지하면 기존 가족무한사랑 할인 혜택을 계속 받을 수 있나요?,"아니요, 인터넷 TV를 해지하면 가족무한사랑 할인 혜택을 받을 수 없습니다.",엘지유플러스:41889
요금 안내,소액결제 요금은 휴대폰 요금에 포함되어 청구되나요?,"예, 소액결제 요금은 휴대폰 요금에 포함되어 청구됩니다.",엘지유플러스:41891
요금 안내,하루에 데이터를 얼마나 사용할 수 있나요?,5GB,엘지유플러스:41896
요금 안내,하루에 5GB 데이터를 모두 사용하면 인터넷 속도가 느려지나요?,"예, 5GB 사용 후에는 5Mbps로 속도가 느려집니다.",엘지유플러스:41896
요금제 변경,가족결합 서비스 등록 시 필요한 서류는 어떻게 준비해야 하나요?,본인 신분증과 가족관계증명서 또는 등본,엘지유플러스:41901
요금제 변경,요금제 변경 후 데이터 12GB 이후에도 계속 데이터를 사용할 수 있나요?,"예, 데이터를 계속 사용할 수 있지만 속도는 느려집니다.",엘지유플러스:41901
요금제 변경,요금제 변경을 요청한 사람은 누구인가요?,고객의 딸,엘지유플러스:41903
소액 결제,소액결제 승인을 어떻게 완료할 수 있나요?,U+ 비밀번호 세 자리와 승인 비밀번호 세 자리를 함께 입력,엘지유플러스:41911
결합할인,인터넷 약정 할인과 가족결합 할인은 중복 적용될 수 있나요?,"아니요, 중복으로 적용되지 않습니다.",엘지유플러스:41930
요금제 변경,요금제 변경 시 위약금이 발생하나요?,"아니요, 위약금 없이 요금제 변경이 가능합니다.",엘지유플러스:41915
요금제 변경,핸드폰 요금제는 어떻게 변경할 수 있나요?,해당 월에 고객센터로 연락하여 예약 처리,엘지유플러스:41923
선택약정 할인,U+ 투게더 결합 서비스는 어떻게 가입할 수 있나요?,요금제 통합 후 신청,엘지유플러스:41916
결합할인,약정기간 종료 후에도 가족 결합 할인은 그대로 유지될까?,"예, 가족 결합 할인은 그대로 유지됩니다.",엘지유플러스:41927
정보변경,LGU+ 자동이체 변경은 어떻게 진행되었어?,삼성카드로 변경,엘지유플러스:41908
부가서비스 안내,간편결제매니저 부가서비스는 어떻게 사용할 수 있나?,휴대폰으로 결제,엘지유플러스:41936
소액 결제,상담을 요청한 사람은 누구인가요?,배우자,엘지유플러스:41933
요금 안내,어머니의 납부 방법은 어떻게 되어 있나?,국민카드,엘지유플러스:41944
요금제 변경,요금제 변경 시 초과요금이 발생하나요?,"아니요, 초과요금이 더 나오지 않습니다.",엘지유플러스:41942
요금 안내,태블릿PC 사용 시 동영상을 볼 경우 데이터는 얼마나 사용할 수 있나요?,1시간 조금 안 되게,엘지유플러스:41943
요금 안내,이 상담에서 요금제를 변경한 사람은 누구인가?,고객의 어머니,엘지유플러스:41944
요금제 변경,요금제 변경 시 요금은 어떻게 계산되나요?,날짜 비례 계산,엘지유플러스:41951
요금제 변경,LGU+ 요금제 변경은 어떻게 할 수 있나요?,전화 상담,엘지유플러스:41951
납부 방법 변경,핸드폰 요금 납부 명의를 어떻게 변경할 수 있나?,고객 본인 명의의 은행 계좌로 변경,엘지유플러스:41958
선택약정 할인,선택약정 할인은 몇 년으로 가입할 수 있나요?,"1년, 2년",엘지유플러스:41961
납부 방법 변경,핸드폰 요금 납부 명의를 변경한 사람은 누구야?,고객 본인,엘지유플러스:41958
소액 결제,통신사는 소액결제 취소에 대한 직접적인 권한이 있나요?,아니요.,엘지유플러스:41965
요금 안내,LGU+ 요금제 변경 시 데이터 무제한 사용은 어떻게 가능한가?,5G 무제한 요금제로 변경,엘지유플러스:41968
요금제 변경,골드등급에서 GS 슈퍼마켓 라이프 콕 혜택을 받을 수 있나요?,"아니요, VIP 이상 등급에서만 해당 혜택을 받을 수 있습니다.",엘지유플러스:41972
요금 안내,5G 스탠다드 요금제 이용 시 데이터 속도는 어떻게 변경되나요?,150GB 이후 5Mbps로 변경,엘지유플러스:41983
소액 결제,보이스피싱 대비를 위해 소액결제를 사용하려면 어떻게 해야 하나요?,세 자리 비밀번호 입력,엘지유플러스:41978
요금 안내,요금제 변경 시 6개월간 유지해야 하는 대상은 누구인가요?,개통 후 고객,엘지유플러스:41983
요금제 변경,듀얼넘버서비스 해지 후 다시 사용하려면 어떻게 해야 하나?,재가입,엘지유플러스:41981
요금 안내,24개월 약정 시 추가 할인 혜택을 받을 수 있나요?,"네, 약정 시 추가로 할인 혜택을 받을 수 있습니다.",엘지유플러스:41983
명의/번호/유심 해지,해지신청서를 문자로 받을 수 있나요?,아니요.,엘지유플러스:41989
요금제 변경,요금제는 어떻게 변경되었어?,5G 라이트 플러스로,엘지유플러스:41999
요금제 변경,요금제 변경을 신청한 사람은 누구야?,본인,엘지유플러스:41999
선택약정 할인,상담을 처음 받은 사람은 누구인가요?,고객의 남편,엘지유플러스:42003
선택약정 할인,선택약정 할인은 몇 개월로 가입할 수 있나요?,12개월과 24개월,엘지유플러스:42018
납부 방법 변경,LGU+ 요금 납부 방법은 어떻게 변경되었나요?,BC카드로 변경,엘지유플러스:42013
선택약정 할인,LGU+ 선택 약정 할인은 카드 청구 할인과 중복 가능한가?,"예, 선택 약정 할인과 카드 청구 할인은 중복 가능합니다.",엘지유플러스:42004
선택약정 할인,요금제 할인 프로그램을 변경하려는 사람은 누구인가요?,본인,엘지유플러스:42018
요금제 변경,LGU+ 요금제 변경은 어떻게 할 수 있나?,어플이나 고객센터 통해 가능,엘지유플러스:42023
요금 납부,LGU+ 미납 요금은 어떻게 결제할 수 있나요?,카드로,엘지유플러스:42028
요금제 변경,어플에서 바로 요금제 변경이 가능한가?,아니요.,엘지유플러스:42023
요금 안내,데이터 33 요금제에서 월별 무료로 제공되는 것은 무엇인가요?,110분 영상통화,엘지유플러스:42030
요금제 변경,데이터를 모두 소진하면 테더링 사용이 완전히 중단되나요?,"아니요, 휴대폰으로 느린 속도의 데이터 사용은 가능합니다.",엘지유플러스:42037
요금 납부,중고폰 반납 후 남은 할부금은 어떻게 정리되었나?,중고폰포인트로 정리,엘지유플러스:42046
소액 결제,할부금이 포함된 총 요금을 정확히 알 수 있나요?,아니요.,엘지유플러스:42043
소액 결제,소액결제 선결제는 어떻게 진행할 수 있나요?,체크카드로 결제,엘지유플러스:42043
요금 납부,이 상담에서 카드 결제를 진행한 카드의 소유주는 누구인가?,고객 본인,엘지유플러스:42049
요금 납부,단말기 할부금은 어떻게 결제할 수 있나?,카드로만,엘지유플러스:42051
선택약정 할인,선택약정 할인 서비스는 12개월과 24개월 중 선택할 수 있나요?,"네, 고객이 원하는 기간을 선택할 수 있습니다.",엘지유플러스:42052
납부 방법 변경,LGU+ 요금 자동이체 결제 방식은 어떻게 변경하나요?,현대카드로,엘지유플러스:42058
선택약정 할인,LG U+ 멤버십 혜택은 어떻게 확인할 수 있나요?,어플 통해 간편하게 확인,엘지유플러스:42063
선택약정 할인,LGU+ 선택약정 할인은 어떻게 연장할 수 있나?,상담을 통해 음성 메시지 동의,엘지유플러스:42066
요금제 변경,유심 재발급은 어떤 방법으로 할 수 있나요?,LGU+ 직영점이나 대리점에서 신분증과 휴대폰 지참,엘지유플러스:42084
부가서비스 안내,선택약정할인을 받기 위해서는 단말기가 특정 조건을 충족해야 하나요?,"예, 단말기가 2년이 지나고 공시지원금을 받지 않은 깨끗한 공단말기여야 합니다.",엘지유플러스:42085
요금 납부,태블릿 단말기의 위약금은 즉시 결제되나요?,아니요.,엘지유플러스:42095
요금 납부,소액결제 한도는 어떻게 변경할 수 있어?,고객센터 어플에서,엘지유플러스:42099
요금 납부,소액결제 금액은 어떻게 납부할 수 있나요?,가상계좌로 입금,엘지유플러스:42093
명의/번호/유심 해지,휴대폰 해지를 위해 U+ 매장에 방문해야 하는 사람은 누구인가요?,명의자 본인,엘지유플러스:42103
납부 방법 변경,LGU+ 통신요금 자동이체 결제일은 몇 차로 변경되었는가?,2차,엘지유플러스:42119
요금 안내,LGU+ 결합 서비스에서 인터넷 회선은 최대 몇 회선까지 할인이 가능한가요?,3회선,엘지유플러스:42105
요금 안내,LGU+ 자동이체 첫 결제일에 결제가 안 되었을 경우 어떻게 처리되나요?,요금 미납 없이 다시 자동이체 출금,엘지유플러스:42105
명의/번호/유심 해지,LGU+ 통신 서비스 해지 시 위약금이 발생하나요?,"아니요, 이 경우 위약금은 발생하지 않습니다.",엘지유플러스:42117
선택약정 할인,LGU+ 내에서 기기변경 시 추가 비용이 발생하나요?,"아니요, LGU+ 내에서 기기변경 시 추가 비용은 발생하지 않습니다.",엘지유플러스:42127
부가서비스 안내,매장 방문 시 착신전환 신청이 가능한가요?,"예, 명의자 신분증과 방문한 가족의 신분증만 있으면 가능합니다.",엘지유플러스:42129
납부 방법 변경,LGU+ 통신요금 자동이체 카드 변경을 신청한 사람은 누구인가?,본인,엘지유플러스:42119
부가서비스 안내,LGU+ 착신 전환 서비스는 어떻게 신청할 수 있나?,"통화 도우미 앱, 홈페이지, 고객센터 전화",엘지유플러스:42129
요금 납부,미납요금을 모두 납부하면 휴대폰 사용이 가능한가?,"예, 미납요금 전체를 납부하면 정지가 해제되어 휴대폰을 바로 이용할 수 있습니다.",엘지유플러스:42130
선택약정 할인,선택약정할인은 어떻게 가입할 수 있나?,ARS 연결,엘지유플러스:42139
요금 안내,데이터를 모두 사용한 후에는 어떻게 인터넷을 사용할 수 있나요?,1Mbps 속도로 제어,엘지유플러스:42143
요금 안내,5G 요금제를 사용하려면 현재 휴대폰을 변경해야 하나?,"예, 5G 휴대폰으로 바꿔야 합니다.",엘지유플러스:42143
요금 납부,중고폰 포인트는 어떻게 사용할 수 있나요?,청구요금에 자동납부 처리,엘지유플러스:42153
결합할인,가족 데이터는 어떻게 확인할 수 있나요?,고객센터 앱에서 '가족사랑'으로 확인,엘지유플러스:42158
선택약정 할인,기기 변경 시 통신사가 동일하면 위약금이 발생하나요?,"아니요, 통신사가 동일하면 위약금이 발생하지 않습니다.",엘지유플러스:42151
선택약정 할인,선택약정 할인은 1년 또는 2년 후 재등록이 가능한가?,"예, 기간이 만료되어도 나중에 재등록이 가능합니다.",엘지유플러스:42154
기기변경,선택약정할인은 요금제 월정액에서 얼마나 할인받을 수 있나?,25%,엘지유플러스:42161
결합할인,데이터 마스터는 누구인가요?,고객 본인,엘지유플러스:42158
결합할인,가족결합 서비스에서 데이터를 한 사람에게 몰아줄 수 있나요?,"예, 가능합니다.",엘지유플러스:42158
가입 안내,LGU+ 핸드폰 보험은 어떻게 보상받을 수 있나요?,20% 자기부담금 제외하고 최대 보상한도 내에서 수리,엘지유플러스:42166
부가서비스 안내,데이터 선물은 매달 자동으로 진행되나요?,"아니요, 한 달에 한 번씩 고객이 직접 주기를 해주어야 합니다.",엘지유플러스:42167
가입 안내,LGU+ 핸드폰 보험은 파손에 대해 횟수 제한이 있나요?,아니요.,엘지유플러스:42166
요금 안내,한 명만 결합했을 때도 인터넷 요금 할인을 받을 수 있나?,"예, 그렇습니다.",엘지유플러스:42175
부가서비스 안내,모든 애니메이션 콘텐츠를 U+TV로 볼 수 있나요?,"아니요, U+TV로 보기가 가능한 특정 상품만 볼 수 있습니다.",엘지유플러스:42183
부가서비스 안내,핸드폰 화면을 TV로 전환하는 방법은 어떻게 하나요?,U+TV로 보기 버튼 클릭,엘지유플러스:42183
결합할인,이 상담에서 가족결합을 하려는 주체는 누구인가요?,고객과 부모님,엘지유플러스:42198
내역 조회,납부내역서를 문자로 받을 수 있나요?,"아니요, 납부내역서는 문자로 받을 수 없습니다.",엘지유플러스:42204
선택약정 할인,선택약정 기간 중 중도해지 시 할인반환금이 발생하나요?,"예, 중도해지 시 할인받은 금액을 반환해야 합니다.",엘지유플러스:42202
선택약정 할인,선택약정할인은 기본요금에서 얼마나 할인되나요?,25%,엘지유플러스:42201
내역 조회,요금 내역서는 어떤 방식으로 받을 수 있나요?,"이메일, 팩스",엘지유플러스:42204
부가서비스 안내,로그인플러스 서비스는 어떻게 가입되었나?,전체 동의로 자동 가입,엘지유플러스:42214
부가서비스 안내,데이터 2배 쿠폰을 사용하면 추가로 데이터를 받을 수 있나요?,"예, 11GB를 추가로 받을 수 있습니다.",엘지유플러스:42205
요금제 변경,5G 스마트요금제를 다시 변경할 수 있나요?,"아니요, 재변경이 불가능합니다.",엘지유플러스:42208
요금제 변경,기존 5G 스마트요금제가 대체된 새로운 요금제는 무엇인가?,5G 프리미어에센셜 요금제,엘지유플러스:42208
요금제 변경,데이터를 모두 사용한 후에도 추가 요금 없이 인터넷을 계속 사용할 수 있나요?,"예, 카카오톡이나 인터넷 검색이 가능한 속도로 무제한 데이터를 사용할 수 있습니다.",엘지유플러스:42222
요금제 변경,데이터 공유 서비스는 몇 GB까지 이용 가능한가?,15GB 내에서 이용 가능,엘지유플러스:42208
선택약정 할인,선택약정 가입은 어떻게 진행되나요?,ARS로 동의,엘지유플러스:42221
선택약정 할인,선택약정할인 기간은 어떻게 선택할 수 있나요?,12개월 또는 24개월,엘지유플러스:42231
선택약정 할인,가족사랑 데이터 혜택은 요금제 변경 후에도 계속 유지될 수 있나요?,"네, 참쉬운 가족결합 혜택은 그대로 유지됩니다.",엘지유플러스:42221
통화품질,LTE 우선 모드를 설정하는 방법은 어떻게 하나요?,모델 설정 변경,엘지유플러스:42228
요금 납부,단말기 할부금을 중도 상환하면 휴대폰 사용에 문제가 생기나요?,"아니요, 휴대폰 사용에는 아무런 문제가 없습니다.",엘지유플러스:42225
부가서비스 안내,U+ 멤버십 어플은 어떻게 설치할 수 있나?,플레이스토어에서 U+ 멤버스 검색,엘지유플러스:42234
부가서비스 안내,LG U+ 요금 상담을 하고 있는 사람은 누구인가?,고객의 아들,엘지유플러스:42234
요금 안내,LGU+ 요금제를 현재 그대로 유지하려면 어떻게 해야 하나요?,지금 이대로 사용,엘지유플러스:42238
소액 결제,구글 결제 취소를 어떻게 진행할 수 있나요?,전화 문의,엘지유플러스:42261
선택약정 할인,기기변경 시 통신사를 유지하면 위약금 없이 가능한가?,"예, 통신사를 유지하면 위약금 없이 기기변경이 가능합니다.",엘지유플러스:42247
요금 안내,데이터를 모두 소진하면 추가 요금이 발생하나?,아니요.,엘지유플러스:42252
선택약정 할인,선택약정 할인 기간은 몇 개월이야?,12개월,엘지유플러스:42257
요금 안내,데이터 59 요금제는 한 달에 6.6GB의 데이터를 제공하나요?,"예, 데이터 59 요금제는 한 달에 6.6GB의 데이터를 제공합니다.",엘지유플러스:42267
선택약정 할인,69요금제 이상인 가족결합 할인 시 총 할인되는 금액은 얼마인가요?,해당 통신사의 고객 할인 금액,엘지유플러스:42257
소액 결제,다른 요금에도 이런 자동 결제가 있나요?,아니요.,엘지유플러스:42261
소액 결제,소액 결제 미납 상태를 어떻게 확인할 수 있나?,해당 업체에 직접 문의,엘지유플러스:42258
소액 결제,소액 결제 한도는 어떻게 변경할 수 있나요?,한 달에 한 번씩 변경 가능,엘지유플러스:42263
휴대폰 정지/분실/파손,해외 거주 중 180일 이상 장기 정지를 위해서는 증명 서류를 보내야 하나요?,"예, 해외 거주를 증명하는 서류를 보내야 합니다.",엘지유플러스:42272
요금 안내,휴대폰 해지 신청서는 어떻게 제출할 수 있나요?,고객센터 팩스 또는 대리점 방문,엘지유플러스:42271
선택약정 할인,LGU+ 선택 약정 할인은 어떻게 가입할 수 있나요?,전화 상담을 통해 ARS 동의 후 가입,엘지유플러스:42268
요금 안내,해지 신청 시 반드시 개통한 곳의 대리점에만 방문해야 하나요?,"아니요, 근처 대리점이나 직영점 어디든 방문 가능합니다.",엘지유플러스:42271
복지할인 등록,장애인 복지 할인을 신청할 때 본인 확인은 어떻게 하나?,ARS 또는 신분증 확인,엘지유플러스:42276
복지할인 등록,인터넷 서비스에 복지 할인을 중복 적용할 수 있나요?,아니요.,엘지유플러스:42276
부가서비스 안내,LGU+ 선택 약정 할인은 어떻게 재신청할 수 있나요?,상담을 통해 재신청,엘지유플러스:42283
선택약정 할인,선택 약정 할인 시 반환금이 발생하는 경우는 어떻게 되나요?,"중도 해지, 미적용 단말기 기기 변경, 약정 미승계, 명의 변경",엘지유플러스:42286
선택약정 할인,선택 약정 할인 재약정은 어떻게 할 수 있나요?,전화로 연장 가능,엘지유플러스:42298
요금 할인,LGU+ 프리미엄 요금 약정 할인은 어떻게 받을 수 있나요?,2년 약정 후 요금제에서 일정 금액 할인,엘지유플러스:42293
선택약정 할인,선택 약정 종료 후 추가 요금 없이 통신사를 유지하는 방법은 어떻게 하나?,LGU+ 통신선 유지,엘지유플러스:42301
요금제 변경,5G TV 요금제의 데이터 나눠 쓰기는 매월 몇 GB가 제공되나요?,10GB,엘지유플러스:42308
요금 안내,LGU+는 주말에도 사용량 알림 문자를 발송하나?,"예, 주말이나 평일에 상관없이 사용량에 따라 문자를 발송합니다.",엘지유플러스:42300
선택약정 할인,공시 지원금을 받은 경우 선택 약정과 중복 적용이 가능한가?,아니요.,엘지유플러스:42314
요금 안내,LGU+ 어린이 요금제의 데이터 사용은 어떻게 되나요?,"700MB 이후 속도 제어, 추가 요금 없이 계속 사용 가능",엘지유플러스:42303
선택약정 할인,이 상담에서 가입 신청서 대신 어떤 방식으로 진행했나요?,녹취,엘지유플러스:42311
선택약정 할인,선택 약정 최초 신청은 어떤 방법으로 가능한가?,고객센터,엘지유플러스:42314
선택약정 할인,선택 약정 할인을 받으려면 통신사를 유지해야 하나요?,"예, 통신사를 유지해야 합니다.",엘지유플러스:42319
요금 안내,롯데카드로 자동 이체 시 할인을 받을 수 있나요?,"아니요, 제휴 카드이더라도 할부 결제 이력이 없으면 할인을 받을 수 없습니다.",엘지유플러스:42320
선택약정 할인,선택 약정 할인은 기본 요금에서 얼마나 할인되나?,25%,엘지유플러스:42319
선택약정 할인,선택 약정 할인은 어떻게 적용되나요?,요금제 기준으로 25% 할인,엘지유플러스:42333
요금 납부,통신사 요금 출금은 어떻게 진행되나요?,은행사에서 순차적으로 출금,엘지유플러스:42338
기기변경,현재 기기 변경 시 위약금이 발생하나요?,아니요.,엘지유플러스:42340
해외로밍,인증 문자를 받는 것은 요금이 부과되나요?,"아니요, 인증 문자를 받는 것은 무료입니다.",엘지유플러스:42389
요금 안내,현재 LGU+ 5G 요금제에 무제한 테더링 옵션이 있나요?,아니요.,엘지유플러스:42348
부가서비스 안내,로그인플러스 서비스는 어떻게 작동하나요?,다른 사람의 계정 로그인 차단,엘지유플러스:42346
명의/번호/유심 해지,여권만으로 본인 인증이 가능한가요?,아니요.,엘지유플러스:42351
명의/번호/유심 해지,휴대폰 해지 시 필요한 서류는 어떻게 제출해야 하나요?,서류 우편 발송,엘지유플러스:42351
선택약정 할인,선택 약정 할인은 어떻게 연장할 수 있나요?,12개월 또는 24개월 중 선택,엘지유플러스:42378
자동 이체,자동 이체 해지 시 전산 확인은 어떻게 이루어지나요?,바로,엘지유플러스:42368
요금 안내,LGU+ 5G 프리미엄 에센셜 요금제에서 핫스팟으로 사용할 수 있는 월간 데이터 용량은 얼마인가?,15GB,엘지유플러스:42367
요금제 변경,5G 라이트 시니어 요금제는 데이터를 8GB 제공하나요?,"예, 5G 라이트 시니어 요금제는 한 달에 8GB의 데이터를 제공합니다.",엘지유플러스:42369
휴대폰 정지/분실/파손,분실 폰 위치를 어떻게 확인할 수 있나요?,분실 폰 위치 찾기 서비스 등록,엘지유플러스:42376
선택약정 할인,통신사 변경 없이 기기 변경 시 반환금이 발생하는 경우는 누구에게 해당되나요?,"중도 해지 미적용 단말기, 약정 미승계, 명의 변경자",엘지유플러스:42378
선택약정 할인,선택 약정 할인은 어떻게 받을 수 있나요?,1년 또는 2년 약정,엘지유플러스:42381
선택약정 할인,선택 약정 할인은 어떻게 할인받을 수 있나?,25% 할인,엘지유플러스:42384
요금 안내,와이파이를 사용하면 데이터 사용량에 영향을 주지 않나요?,"예, 와이파이를 사용하면 데이터가 소모되지 않습니다.",엘지유플러스:42422
소액 결제,소액 결제 한도는 어떻게 설정되어 있어?,일반 소액 결제 한도와 콘텐츠 결제 한도로 구분,엘지유플러스:42393
요금 안내,5G 요금제는 LTE 요금제보다 데이터 제공량이 더 많은가?,"예, 5G 요금제는 LTE 요금제보다 데이터 제공량이 더 많습니다.",엘지유플러스:42413
휴대폰 정지/분실/파손,와이파이 환경에서 데이터 사용이 가능한가요?,"예, 와이파이가 되는 공간에서는 데이터 사용이 가능합니다.",엘지유플러스:42388
해외로밍,해외에서 ARS 인증 문자는 어떻게 받을 수 있어?,무료,엘지유플러스:42389
요금 안내,가상계좌 입금은 어떻게 할 수 있나요?,24시간 납부 가능,엘지유플러스:42396
요금 안내,앞으로 추가 출금이 발생할 것인가?,아니요.,엘지유플러스:42397
요금 안내,단말기 할부 기간은 총 몇 개월인가요?,48개월,엘지유플러스:42415
요금제 변경,1년 약정 시 할인 혜택이 제공되나요?,"예, 요금제 사용료의 25% 할인이 제공됩니다.",엘지유플러스:42401
요금제 변경,LGU+ 요금제 중 가장 저렴한 요금제의 특징은 무엇인가?,"전화와 데이터 제공량 없음, 문자 50건 제공",엘지유플러스:42401
요금 납부,미납된 요금은 어떻게 처리하기로 했나요?,롯데카드로 2개월 할부,엘지유플러스:42411
선택약정 할인,선택 약정 할인은 어떻게 적용되나요?,월 기준 요금제에 할인 적용,엘지유플러스:42403
요금 안내,5G 요금제에서 데이터를 얼마나 제공하나요?,11GB,엘지유플러스:42413
요금 납부,LGU+ 소액 결제 서비스는 어떻게 선결제할 수 있나요?,카드 결제로,엘지유플러스:42408
제휴카드로 할인,통신 요금 자동이체 할인은 어떻게 받을 수 있나요?,카드사를 통해 신청,엘지유플러스:42416
휴대폰 정지/분실/파손,분실된 단말기는 어떻게 처리될 예정인가?,공기계로 이용,엘지유플러스:42431
요금제 변경,요금제 변경 후 데이터를 모두 사용하면 인터넷 속도가 느려지는 것이 가능한가?,"예, 데이터를 모두 사용한 후에는 느린 속도로 계속 인터넷을 이용할 수 있습니다.",엘지유플러스:42430
휴대폰 정지/분실/파손,이전 단말기를 다른 용도로 사용할 수 있나요?,"예, 공기계로 유심칩을 끼워 사용하거나 판매할 수 있습니다.",엘지유플러스:42431
데이터 옵션 안내,LGU+ 멤버십 VIP 등급 이상인 경우 추가로 데이터를 선물받을 수 있나요?,"예, 멤버십 포인트로 1GB의 데이터를 추가로 선물받을 수 있습니다.",엘지유플러스:42444
요금 안내,LGU+ 무제한 요금제에서 초과 요금이 발생하는 기준은 어떻게 되나요?,"하루 10시간 이상, 한 달 3번 이상",엘지유플러스:42436
데이터 옵션 안내,데이터를 나눠받는 방법은 어떻게 하나?,고객센터 앱의 데이터주고받기 기능,엘지유플러스:42444
휴대폰 정지/분실/파손,분실된 휴대폰의 위치는 어떻게 확인할 수 있나요?,중계기 신호로 마지막 위치 확인,엘지유플러스:42428
명의/번호/유심 변경,명의 변경 시 필요한 가족관계증명서의 발급 기간은 얼마야?,90일 이내,엘지유플러스:42450
청구서,번호 이동 후 요금 확인은 어떻게 할 수 있나요?,청구서 발급,엘지유플러스:42453
선택약정 할인,선택약정 할인 기간은 몇 개월로 등록되었나요?,12개월,엘지유플러스:42465
요금 납부,미납금이 있으면 소액결제가 불가능한가?,"예, 미납금이 있으면 소액결제가 불가능합니다.",엘지유플러스:42454
요금 납부,정지 해지 후 핸드폰을 사용하려면 어떻게 해야 하나요?,껐다가 켜기,엘지유플러스:42456
납부 방법 변경,LGU+ 요금 결제 방식을 어떻게 변경하고 있었나요?,아빠 국민카드로,엘지유플러스:42478
요금 안내,요금제 변경 시 위약금을 내야 하나요?,"예, 위약금을 한 번 내야 합니다.",엘지유플러스:42464
명의/번호/유심 해지,핸드폰 해지는 어떻게 처리할 수 있어?,내방,엘지유플러스:42474
명의/번호/유심 해지,핸드폰 해지를 대신 문의하는 사람은 누구야?,아들,엘지유플러스:42474
데이터 옵션 안내,와이파이 사용 시 휴대폰 데이터가 소모되나요?,"아니요, 와이파이 사용 시 휴대폰 데이터와 전혀 상관없습니다.",엘지유플러스:42468
명의/번호/유심 해지,대리인이 핸드폰 해지를 할 때 전화로 처리가 가능한가?,"아니요, 대리인의 경우 내방해야 해지가 가능합니다.",엘지유플러스:42474
데이터 옵션 안내,데이터 안심 옵션을 사용할 경우 데이터 초과 후 어떻게 이용할 수 있나요?,속도는 느려지지만 무제한 서비스 이용 가능,엘지유플러스:42468
선택약정 할인,선택약정할인 가입 시 통신사를 변경하면 불이익이 있나요?,"예, 통신사를 변경하면 반환금이 발생할 수 있습니다.",엘지유플러스:42439
납부 방법 변경,요금 납부 변경에 대해 동의를 받아야 하는 사람은 누구인가요?,명의자,엘지유플러스:42478
기기변경,기기 변경 시 위약금이 발생하나요?,아니요.,엘지유플러스:42490
요금제 변경,해외 여행 시 LTE 표준 요금제는 어떻게 사용할 수 있나요?,데이터와 통화 제공량 없음,엘지유플러스:42483
선택약정 할인,LGU+ 선택 약정 할인은 얼마나 할인되나요?,25%,엘지유플러스:42493
선택약정 할인,선택 약정 할인 가입에 동의하는 방법은 어떻게 하나요?,네라고 말하기,엘지유플러스:42491
납부 방법 변경,자동이체 납부자는 어떻게 변경되었습니까?,엄마 명의로,엘지유플러스:42496
요금 납부,휴대폰 요금을 납부하려는 사람은 누구인가요?,어머니,엘지유플러스:42488
요금 안내,요금제 변경 시 요금은 어떻게 계산되나요?,날짜별로 나눠서 계산 후 합산,엘지유플러스:42503
요금제 변경,변경하려는 새 요금제는 데이터를 무제한으로 사용할 수 있나요?,"아니요, 월 150GB까지 무제한이고 초과 시 5Mbps 속도로 제한됩니다.",엘지유플러스:42504
요금 안내,LTE 할인과 선택 약정 할인은 어떻게 적용되고 있나요?,25% 할인,엘지유플러스:42506
요금 안내,약정 기간 24개월이 종료되면 요금 할인 혜택이 유지되나요?,아니요.,엘지유플러스:42506
소액 결제,소액결제 한도 차단 해제를 위해 인증번호 발송이 필요한가요?,"예, 고객 명의로 인증번호를 문자로 발송합니다.",엘지유플러스:42516
휴대폰 정지/분실/파손,핸드폰 수리 보상 접수는 어떻게 할 수 있나요?,전화 또는 인터넷 접수,엘지유플러스:42508
요금 할인,공기계에 유심을 꽂아 사용하면 현재 가입된 보험의 보상 효력이 유지되나?,"아니요, 보험의 보상 효력이 없어집니다.",엘지유플러스:42495
선택약정 할인,LGU+ 약정 할인은 어떻게 적용되나요?,25% 할인,엘지유플러스:42511
요금 안내,데이터가 사용되는 예기치 않은 방법은 어떻게 발생하나요?,"자동 앱 업데이트, 카카오톡 수신",엘지유플러스:42518
소액 결제,LGU+ 요금 자동이체 시 할인을 받을 수 있는 방법은 어떻게 되나요?,신용카드 자동이체,엘지유플러스:42516
휴대폰 정지/분실/파손,발신 정지 중에는 와이파이로 인터넷 사용이 가능한가?,"예, 와이파이로 인터넷 사용이 가능합니다.",엘지유플러스:42519
요금제 변경,슬림 요금제는 데이터 6GB 소진 후에도 인터넷 검색이 가능한가?,"예, 인터넷 검색 가능한 속도로 무제한 사용이 가능합니다.",엘지유플러스:42525
소액 결제,선결제는 어떻게 진행되나요?,카드 결제로,엘지유플러스:42536
선택약정 할인,선택 약정 할인은 얼마 동안 받을 수 있나요?,1년간,엘지유플러스:42526
선택약정 할인,선택 약정 할인은 1년 약정으로 가능한가?,"예, 1년간 25% 요금 할인을 받을 수 있습니다.",엘지유플러스:42526
휴대폰 정지/분실/파손,일시 정지 중에도 기본 이용 요금이 발생하나요?,"예, 일시 정지 중에도 매달 기본 이용 요금이 발생합니다.",엘지유플러스:42530
납부 방법 변경,LGU+ 요금 납부 카드를 어떻게 변경할 수 있나요?,상담을 통해 변경,엘지유플러스:42534
기기할부 약정,할부금 변경이 완전히 불가능한가?,"예, 할부금은 결제 당일 외에는 변경이 불가능합니다.",엘지유플러스:42542
명의/번호/유심 일시정지,장기 해외 출국으로 인한 휴대폰 일시 정지는 어떻게 진행할 수 있나?,비행기 티켓 사진을 문자로 받은 URL을 통해 제출,엘지유플러스:42538
부가서비스 안내,유튜브 프리미엄 부가서비스는 어떻게 해지할 수 있나요?,유튜브 측에 직접 문의,엘지유플러스:42548
휴대폰 정지/분실/파손,핸드폰 정지 중에 짧은 문자 수신이 가능한가?,"예, 정말 짧은 문자는 수신이 가능합니다.",엘지유플러스:42546
기기변경,기기 변경 시 단말기 보상금액에 영향을 미치는 요인은 무엇인가?,단말기 상태,엘지유플러스:42554
보험 안내,중고 폰 보상 프로그램 가입 시 위약금이 발생하나요?,"아니요, 위약금이 발생하지 않습니다.",엘지유플러스:42572
선택약정 할인,선택 약정 가입 시 반환금이 발생하는 경우가 있나요?,"예, 중도해지, 미적용 단말기로 기기 변경, 약정 미승계, 명의 변경 시 반환금이 발생합니다.",엘지유플러스:42574
기기변경,LGU+ 선택약정 할인율은 얼마인가?,25%,엘지유플러스:42568
부가서비스 안내,중고 가격 보장프로그램에서 기기 변경은 어떻게 할 수 있나요?,현재 사용 중인 단말기 이후에 나온 신규 프리미엄 시리즈로 변경 가능,엘지유플러스:42563
보험 안내,LGU+ 중고 폰 보상 프로그램의 핵심 조건은 무엇인가?,24개월 사용 후 삼성전자 프리미엄급 단말기로 기기 변경 시 기존 단말기 반납하면 출고 가격 최대 50% 선지급,엘지유플러스:42572
선택약정 할인,선택 약정 할인 가입 시 약정 기간은 어떻게 선택할 수 있나요?,1년 또는 2년 중 선택,엘지유플러스:42578
선택약정 할인,선택 약정 할인 가입 시 반환금이 발생하는 경우가 있나요?,"예, 중도 해지, 미적용 단말기로 기기 변경, 약정 미승계, 명의 변경 시 반환금이 발생합니다.",엘지유플러스:42582
소액 결제,소액 결제 차단 상태에서 비밀번호를 입력하면 바로 결제가 가능한가요?,"아니요, 차단 해제 요청을 먼저 해야 결제가 가능합니다.",엘지유플러스:42588
요금제 변경,월 중간 요금제 변경 시 기본료와 제공량이 일할 계산되나요?,"예, 월 중간 요금제 변경 시 기본료와 제공량이 날짜에 비례하여 계산됩니다.",엘지유플러스:42592
요금제 변경,선택 약정 시 요금제 변경이 가능한가?,"예, 요금제는 언제든지 변경할 수 있습니다.",엘지유플러스:42577
요금 안내,정부에서 25% 할인을 지원하고 있나요?,아니요.,엘지유플러스:42575
요금 안내,단말기 요금은 앞으로 얼마 동안 납부해야 하나요?,13개월,엘지유플러스:42571
요금제 변경,청소년 요금제는 만 19세까지 사용 가능한가?,"예, 만 19세가 되는 날까지 사용 가능합니다.",엘지유플러스:42569
소액 결제,소액 결제 차단을 해제하는 방법은 어떻게 하나요?,고객센터 어플로 해제 가능,엘지유플러스:42588
선택약정 할인,LGU+ 내에서 단말기를 변경하면 선택 약정 할인에 불이익이 있나요?,"아니요, LGU+ 내에서 단말기를 변경하면 위약금 없이 가능합니다.",엘지유플러스:42584
요금제 변경,데이터 초과 시 추가 요금이 발생하나요?,아니요.,엘지유플러스:42600
부가서비스 안내,투게더 결합 할인 상품권은 어떻게 받을 수 있나요?,신청,엘지유플러스:42601
선택약정 할인,선택 약정 할인은 요금제에 얼마나 할인되나요?,25%,엘지유플러스:42611
선택약정 할인,선택 약정 할인은 어떻게 연장되나요?,자동으로 예약 연장,엘지유플러스:42603
선택약정 할인,선택 약정 할인은 어떻게 적용되나?,가족 할인 포함 25% 할인,엘지유플러스:42594
요금제 변경,요금제 변경 후 데이터 속도가 400Kbps로 느려져도 계속 사용할 수 있나요?,"예, 메신저 텍스트 정도는 주고받을 수 있는 속도로 무제한 사용 가능합니다.",엘지유플러스:42599
부가서비스 안내,오늘 바로 기기 반납이 가능한가?,"예, 기기 반납이 가능합니다.",엘지유플러스:42617
요금제 변경,요금제 변경을 요청한 사람은 누구의 자녀인가?,어머니의 자녀,엘지유플러스:42604
부가서비스 안내,중고 폰 가격 보장 프로그램에 가입된 핸드폰은 어떻게 처리해야 하나요?,대리점에 반납,엘지유플러스:42608
선택약정 할인,LGU+ 선택 약정 25% 할인은 어떻게 신청하나요?,신규 단말 지원금 수령 후 해당 날짜 이후에 가입 가능,엘지유플러스:42623
요금 안내,데이터 안심 옵션 가입 시 선택 약정 할인 혜택을 받을 수 있나요?,"아니요, 선택 약정 할인 혜택을 받을 수 없습니다.",엘지유플러스:42607
선택약정 할인,선택 약정을 연장하지 않으면 할인 혜택을 받을 수 없나?,"예, 선택 약정을 연장하지 않으면 할인 혜택을 받을 수 없습니다.",엘지유플러스:42611
선택약정 할인,선택 약정 할인과 기기 할인을 동시에 받을 수 있나요?,"아니요, 둘 중 하나만 선택할 수 있습니다.",엘지유플러스:42612
부가서비스 안내,해당 휴대폰 분실 보험 서비스는 LGU+ 직접 서비스인가?,"아니요, LGU+와 직접적인 관련이 없는 서비스입니다.",엘지유플러스:42615
선택약정 할인,선택 약정 할인은 얼마 동안 가입할 수 있나요?,1년 또는 2년,엘지유플러스:42606
선택약정 할인,LG에서 LG로 기기 변경 시 반환금이 발생하나요?,"아니요, LG에서 LG로 기기 변경 시 반환금이 발생하지 않습니다.",엘지유플러스:42622
선택약정 할인,U+ 내에서 기기변경 시 위약금이 발생하나요?,"아니요, U+ 내에서 기기변경 시 위약금이 발생하지 않습니다.",엘지유플러스:42649
요금제 변경,65 시니어 요금제를 사용할 수 있는 대상은 누구인가?,만 65세 이상,엘지유플러스:42628
요금 안내,데이터 제공량을 높이려면 어떻게 해야 하나요?,요금제 업그레이드,엘지유플러스:42643
요금 납부,카드 결제 취소 시 입금까지 얼마나 걸리나요?,1~2일,엘지유플러스:42633
소액 결제,새로 변경한 5G 스탠다드 요금제의 월정액은 얼마인가?,상담 내용에 구체적 금액 미기재,엘지유플러스:42650
요금 안내,데이터를 사용하면 요금이 어떻게 청구되나요?,데이터 250MB 초과 시 초과요금 발생,엘지유플러스:42653
선택약정 할인,선택약정할인은 몇 개월로 가입하기로 결정했나?,12개월,엘지유플러스:42669
요금 안내,무료 와이파이를 사용할 수 있나요?,"예, 무료 와이파이는 사용 가능합니다.",엘지유플러스:42653
요금 안내,데이터 사용량이 25GB를 초과하면 휴대폰 데이터 사용이 자동으로 차단되나요?,"예, 데이터 사용이 자동으로 차단됩니다.",엘지유플러스:42661
소액 결제,소액결제 차단 해제 시 어떻게 본인 확인을 하나요?,"성명, 생년월일, 납부 방법 확인",엘지유플러스:42683
부가서비스 안내,기업 컬러링(비즈링)을 해지하는 방법은 어떻게 해야 하나요?,고객센터에 전화,엘지유플러스:42663
요금제 변경,요금제 변경 후 데이터 사용을 차단하려면 어떻게 해야 하나요?,1시간 안에 휴대폰 전원 껐다 켜기,엘지유플러스:42671
선택약정 할인,선택약정 할인을 어떻게 신청할 수 있나요?,해당 날짜에 통신사에 직접 연락하여 신청,엘지유플러스:42688
요금제 변경,69요금제의 데이터 사용은 어떻게 제공되나요?,매일 5GB,엘지유플러스:42681
선택약정 할인,LGU+ 선택약정할인은 얼마나 할인되나?,기본료 25%,엘지유플러스:42689
요금 안내,5G시그니처 요금제를 사용하면 태블릿 2대에 대한 월정액이 무료로 적용되나요?,"예, 5G시그니처 요금제를 사용하면 태블릿 2대의 월정액이 무료로 적용됩니다.",엘지유플러스:42694
기기변경,LGU+ 통신사를 그대로 유지하면서 기기변경 시 위약금이 발생하나?,"아니요, 위약금 없이 기기변경이 가능합니다.",엘지유플러스:42697
요금 안내,자녀의 요금제는 추가요금 없이 인터넷 검색이 가능한가?,"예, 추가요금 없이 인터넷 검색이 가능합니다.",엘지유플러스:42701
휴대폰 정지/분실/파손,신분증은 어떻게 보내야 하나요?,앞면만,엘지유플러스:42691
납부 방법 변경,자동이체 변경을 요청한 사람은 누구인가요?,본인,엘지유플러스:42713
요금 안내,데이터쉐어링은 최대 몇 개의 회선까지 가능한가?,2개,엘지유플러스:42694
요금제 변경,5G 요금제에서 2배 쿠폰은 어떻게 사용할 수 있나요?,현재 이용 불가,엘지유플러스:42699
부가서비스 안내,U+영화월정액의 모든 콘텐츠를 무료로 볼 수 있나요?,"아니요, 일부 무료 채널만 볼 수 있고 나머지는 유료입니다.",엘지유플러스:42714
소액 결제,LG U+ 소액결제는 오프라인에서도 사용할 수 있나요?,"아니요, 소액결제는 오프라인에서 사용할 수 없고 온라인에서만 가능합니다.",엘지유플러스:42712
부가서비스 안내,U+영화월정액 서비스에서 콘텐츠를 볼 수 있는 방법은?,무료 채널,엘지유플러스:42714
결합할인,가족결합 서비스 동의를 받아야 하는 사람은 누구인가요?,배우자,엘지유플러스:42718
요금 납부,자동이체 변경을 위해 필요한 주요 서류는 무엇인가요?,사업자등록증 사본,엘지유플러스:42715
선택약정 할인,선택약정 할인 가입 과정은 어떻게 진행되나요?,녹취,엘지유플러스:42706
납부 방법 변경,LGU+ 요금 자동이체를 어떻게 변경할 수 있나요?,본인 명의 계좌로 변경 신청,엘지유플러스:42713
결합할인,LGU+ 가족결합 서비스의 서류 제출 방법은 어떻게 하나요?,휴대폰으로 링크 접속 후 가족관계증명서나 등본 사진 촬영 제출,엘지유플러스:42718
결합할인,LGU+ 가족결합 서비스 해지 시 위약금이 발생하나요?,아니요.,엘지유플러스:42718
부가서비스 안내,2배쿠폰은 30일에 1장만 사용할 수 있나요?,"예, 맞습니다. 2배쿠폰은 30일에 1장만 사용할 수 있습니다.",엘지유플러스:42744
부가서비스 안내,데이터 서비스는 매달 자동으로 제공되나?,아니요.,엘지유플러스:42732
부가서비스 안내,가입제한 서비스는 어떻게 신청할 수 있어?,U+ 직영점 방문,엘지유플러스:42734
선택약정 할인,선택약정 할인 가입은 어떻게 진행되나요?,녹취 후 고객 동의를 받아 서비스 등록,엘지유플러스:42733
개통점 안내,데이터를 초과요금 없이 이용할 수 있는 방법은 어떻게 하나요?,부가서비스 등록,엘지유플러스:42738
소액 결제,소액결제 한도는 어떻게 변경할 수 있나요?,상담을 통해 변경,엘지유플러스:42741
기기할부 약정,중고폰 반납 시 기스가 있는 경우 어떻게 처리되나?,반납 가능하나 차단 금액 발생,엘지유플러스:42753
가입 안내,신분증 사진으로 휴대폰 개통이 가능한가요?,"아니요, 실물 신분증이 필요합니다.",엘지유플러스:42757
요금 안내,데이터를 모두 소진한 후에도 추가 요금 없이 인터넷 사용이 가능한가?,"예, 저화질 동영상을 볼 수 있는 속도로 무제한 데이터를 제공받을 수 있습니다.",엘지유플러스:42767
기기할부 약정,단말기 반납 시 기기 상태에 따라 보상금액이 달라질 수 있나요?,"예, 기기 상태에 따라 보상금액이 달라질 수 있습니다.",엘지유플러스:42752
기기할부 약정,정지 기간 동안 중고폰 가격 보장 프로그램 비용이 발생했나?,"예, 시스템적으로 비용이 발생했습니다.",엘지유플러스:42753
기기변경,현재 사용 중인 핸드폰으로 기기변경이 가능한가?,아니요.,엘지유플러스:42760
선택약정 할인,LGU+ 선택약정할인은 자동으로 연장되나요?,"아니요, 고객 동의 없이 자동으로 연장되지 않습니다.",엘지유플러스:42766
내역 조회,LTE 요금제에 모바일 핫스팟 무제한 요금제가 있나요?,아니요.,엘지유플러스:42775
요금제 변경,요금제 재변경은 어떻게 가능한가?,한 달 이후,엘지유플러스:42789
소액 결제,보이스피싱 의심 문자를 받았을 때 어떻게 대처해야 하나요?,클릭하지 않고 바로 삭제,엘지유플러스:42783
요금 안내,와이파이 신호가 약하면 스마트폰이 데이터를 자동으로 사용하게 되나?,"예, 와이파이 신호가 약하면 스마트폰이 더 빨리 받아들일 수 있는 데이터를 자동으로 사용합니다.",엘지유플러스:42784
선택약정 할인,선택약정할인 재가입은 어떻게 할 수 있나요?,상담을 통해,엘지유플러스:42766
부가서비스 안내,U+모바일tv에서 실시간 채널을 볼 수 있나요?,"예, U+모바일tv에서 실시간 채널을 볼 수 있습니다.",엘지유플러스:42777
기기변경,통신사를 그대로 유지하고 기기변경을 하면 위약금이 발생하나?,아니요.,엘지유플러스:42780
요금 안내,LGU+ 무제한 요금제에서 데이터를 많이 사용할 경우 어떻게 요금이 부과되나요?,추가 요금 없음,엘지유플러스:42788
요금 납부,미납된 요금은 어떻게 납부할 수 있는가?,카드 또는 입금 전용 계좌,엘지유플러스:42794
요금제 변경,LTE 72 요금제에서 전화 사용량은 어떻게 제한되나요?,월 60분,엘지유플러스:42791
선택약정 할인,선택약정할인 서비스는 소급 적용이 가능한가요?,"아니요, 소급 적용은 어렵습니다.",엘지유플러스:42826
요금 납부,원래 핸드폰 명의를 소유하고 있던 사람은 누구인가?,신랑,엘지유플러스:42794
데이터 옵션 안내,나눠쓰기 테더링이나 쉐어링으로 사용할 수 있는 데이터는 기본 10GB인가?,"예, 기본적으로 10GB입니다.",엘지유플러스:42801
요금제 변경,5G플러스 요금제는 데이터 12GB 이후 속도 제한이 있나요?,"예, 1Mbps로 속도가 제한됩니다.",엘지유플러스:42839
군입대 일시정지,군 입대 휴대폰 정지 시 정지기본료는 청구되나?,"아니요, 정지기본료는 무료입니다.",엘지유플러스:42828
요금제 변경,5G 라이트 청소년 요금제에서 기본 제공되는 데이터 용량은 얼마야?,8GB,엘지유플러스:42815
선택약정 할인,선택약정할인은 어떻게 받을 수 있나요?,1년 또는 2년 약정,엘지유플러스:42826
요금 안내,청소년 33 요금제는 어떻게 구성되어 있나요?,"음성·문자 무제한, 영상전화 110분, 데이터 2GB",엘지유플러스:42811
요금 안내,데이터 69 요금제에서 하루에 5GB를 초과하면 데이터는 어떻게 사용할 수 있나요?,속도가 느려진 상태로 무제한 사용 가능,엘지유플러스:42808
군입대 일시정지,군 입대로 인한 휴대폰 정지는 어떻게 처리할 수 있나요?,발신만 정지 또는 수신·발신 모두 정지,엘지유플러스:42828
요금 안내,카카오톡 사용은 데이터 요금제에 포함되나요?,"예, 카카오톡은 데이터로 사용되어 데이터 요금제에 포함됩니다.",엘지유플러스:42852
요금제 변경,데이터를 모두 사용한 후에는 카카오톡 텍스트만 보낼 수 있나요?,"네, 카카오톡 텍스트만 보낼 수 있습니다.",엘지유플러스:42820
선택약정 할인,LGU+ 선택약정할인의 약정 기간은 몇 개월인가?,24개월,엘지유플러스:42840
요금 납부,요금 납부를 위해 상담을 진행한 사람은 누구인가요?,아들,엘지유플러스:42843
내역 조회,요금은 어떤 방법으로 결제하고 있나요?,우리카드,엘지유플러스:42859
납부 방법 변경,자동이체 카드 변경을 요청한 사람의 관계는 누구인가요?,배우자,엘지유플러스:42853
납부 방법 변경,요금제 변경 시 추가로 나오는 비용이 있나요?,아니요.,엘지유플러스:42853
납부 방법 변경,LGU+ 요금제 변경 시 추가 요금은 어떻게 부과되나요?,11GB 초과 시 추가 요금 발생,엘지유플러스:42853
선택약정 할인,선택 약정 할인 재약정은 어떻게 진행되었나?,녹취 동의,엘지유플러스:42854
선택약정 할인,선택 약정 할인을 어떻게 연장할 수 있나요?,12개월 후 재신청,엘지유플러스:42856
가입 안내,LGU+ 선택약정할인은 어떻게 가입할 수 있나요?,상담을 통해 녹취 후 동의,엘지유플러스:42883
명의/번호/유심 변경,명의변경 시 기존 요금제와 약정 기간은 그대로 유지되나요?,"예, 요금제와 약정 기간은 그대로 이어집니다.",엘지유플러스:42878
명의/번호/유심 변경,명의변경 시 함께 방문해야 하는 사람은 누구인가요?,부모와 자녀,엘지유플러스:42878
명의/번호/유심 변경,LGU+ 대리점에서 명의변경을 할 때 필요한 서류는 어떻게 준비해야 하나요?,각자의 신분증과 가족관계증명서 지참,엘지유플러스:42878
제휴카드로 할인,KB국민카드에는 LGU+ 제휴카드가 여러 종류 있나요?,"예, KB국민체크카드, KB LGU+ 하이라이트 카드 등 여러 종류의 제휴카드가 있습니다.",엘지유플러스:42889
제휴카드로 할인,KB 카드 자동이체는 어떻게 신청할 수 있나?,KB 카드 센터 통해서,엘지유플러스:42889
요금제 변경,변경된 요금제의 데이터 제공 속도는 얼마인가?,1Mbps,엘지유플러스:42899
납부 방법 변경,LGU+ 요금 납부 방식은 어떻게 변경하려고 했나요?,계좌이체,엘지유플러스:42903
요금 안내,데이터 초과 시 추가 요금 없이 최대 1Mbps 속도로 계속 사용할 수 있나?,"예, 데이터를 다 쓰더라도 추가 요금 없이 최대 1Mbps 속도로 계속 사용할 수 있습니다.",엘지유플러스:42902
휴대폰 정지/분실/파손,휴대폰 일시정지를 요청할 수 있는 사람은 누구인가요?,명의자 본인,엘지유플러스:42893
선택약정 할인,LGU+ 선택약정할인은 월정액에서 얼마나 할인받을 수 있나?,25%,엘지유플러스:42904
요금 안내,LGU+ 요금제에서 데이터 사용량이 12GB를 넘으면 어떻게 되나?,속도 저하,엘지유플러스:42901
요금제 변경,선택약정할인 가입은 어떻게 진행되나요?,녹취 작업,엘지유플러스:42906
요금 안내,청소년 명의의 소액결제는 어떻게 처리되나요?,자동 차단,엘지유플러스:42911
납부 방법 변경,LGU+ 요금 납부 방법을 어떻게 변경할 수 있나요?,계좌로 등록,엘지유플러스:42918
납부 방법 변경,정지 요금은 LGU+ 상담을 통해 바로 해결할 수 있나요?,아니요.,엘지유플러스:42917
선택약정 할인,선택약정할인 신청 시 추가 비용이 발생하나요?,"아니요, 추가 비용 없이 바로 연속해서 적용됩니다.",엘지유플러스:42922
휴대폰 정지/분실/파손,명의변경을 위해 대리점에 방문해야 하는 사람은 누구인가?,아버지와 자녀,엘지유플러스:42943
휴대폰 정지/분실/파손,분실된 노트9 휴대폰의 보험 가입 여부는 어떻게 확인되었나?,보험 가입 안됨,엘지유플러스:42943
요금제 변경,5G 라이트 플러스 요금제는 데이터 소진 후 속도제한이 있나요?,"예, 데이터를 다 쓰면 1Mbps로 속도제한이 됩니다.",엘지유플러스:42964
상품 안내,전원일기 방송을 보고 있는 사람은 누구인가?,집 사람,엘지유플러스:42953
요금제 변경,키즈22 요금제는 만 12세까지 사용 가능한가?,"예, 만 12세까지 사용 가능한 요금제입니다.",엘지유플러스:42960
요금 안내,현재 사용 중인 요금제에서 데이터는 무제한으로 사용 가능한가요?,"예, 데이터는 무제한으로 사용 가능합니다.",엘지유플러스:42970
요금제 변경,요금제 변경 시 추가 요금이 발생하나요?,"아니요, 동일한 가격대로 데이터만 3GB 더 제공됩니다.",엘지유플러스:42972
부가서비스 안내,군전화 번호로 착신전환 서비스를 어떻게 해결할 수 있나?,해당 번호의 통신사(SK) 고객센터에 문의,엘지유플러스:42973
요금 납부,LGU+ 요금 결제는 어떻게 진행되고 있나요?,자동이체,엘지유플러스:42971
요금 안내,데이터를 모두 사용한 후에도 추가 요금 없이 카카오톡을 사용할 수 있나요?,"예, 카카오톡 정도 가능한 속도로 무제한 이용할 수 있습니다.",엘지유플러스:42977
부가서비스 안내,군전화 번호로 번호변경안내서비스 신청이 가능한가?,아니요.,엘지유플러스:42973
요금 안내,6GB 초과 후 데이터 속도는 기본적인 인터넷 사용이 가능한가?,"예, 카톡이나 검색 정도는 가능한 400Kbps 속도입니다.",엘지유플러스:42981
소액 결제,통신사에서 무료로 번호 도용방지서비스를 제공하는 대상은 누구인가?,보이스피싱 문자를 받은 고객,엘지유플러스:42978
요금 안내,데이터스페셜B 요금제에서 데이터를 모두 사용하면 어떻게 처리되나요?,속도저하,엘지유플러스:42993
요금 안내,데이터를 모두 소진한 후에는 추가 요금이 발생하나요?,"아니요, 데이터를 모두 사용해도 추가 요금 없이 속도만 제한됩니다.",엘지유플러스:42993
선택약정 할인,선택약정할인 가입 시 약정 기간 중 기기변경이나 해지하면 위약금이 발생하나요?,"예, 약정 일자 이전에 기변 또는 해지 시 위약금이 발생합니다.",엘지유플러스:42997
결합할인,투게더 결합 시 휴대폰 번호당 할인을 받을 수 있나요?,"예, 휴대폰 번호당 할인을 받을 수 있습니다.",엘지유플러스:43002
가입 안내,PASS 앱의 본인 인증은 매월 요금이 부과되나요?,아니요.,엘지유플러스:43001
가입 안내,PASS 앱의 유료 서비스 가입을 어떻게 피할 수 있나요?,유료 가입 동의 체크 해제,엘지유플러스:43001
부가서비스 안내,LGU+ 데이터 나눠쓰기는 한 번에 몇 GB씩 보낼 수 있나요?,1GB,엘지유플러스:43003
요금제 변경,요금제 변경 후 데이터는 얼마나 제공되나?,12GB,엘지유플러스:43004
요금제 변경,청소년요금제는 명의당 한 개만 사용할 수 있나요?,"네, 청소년요금제는 명의당 한 개만 사용할 수 있습니다.",엘지유플러스:43007
부가서비스 안내,자녀폰지킴이 어플리케이션은 처음 휴대폰 개통 시 등록이 가능한가?,"예, 처음 개통할 때도 등록이 가능합니다.",엘지유플러스:43012
요금 납부,통신요금 자동이체 변경을 요청한 사람은 누구인가?,고객,엘지유플러스:43008
기기변경,LGU+ 서비스센터에서 배터리 문제를 어떻게 해결할 수 있나요?,제조사를 통해 해결,엘지유플러스:43013
부가서비스 안내,U+모바일TV 기본 월정액은 현재 어떻게 적용되고 있나요?,무료로 들어가 있음,엘지유플러스:43023
선택약정 할인,선택약정할인은 몇 년 기간으로 신청할 수 있나요?,"1년, 2년",엘지유플러스:43018
요금 안내,미납 시 연체 가산금이 추가될 수 있나요?,"예, 미납 시 연체 가산금이 추가될 수 있습니다.",엘지유플러스:43033
선택약정 할인,LGU+ 선택약정 할인은 매달 요금에서 몇 퍼센트 할인되나요?,25%,엘지유플러스:43028
가입 안내,파손보험을 전화상으로 즉시 가입할 수 있나요?,아니요.,엘지유플러스:43029
요금 안내,미납 요금이 연체될 경우 통신사의 조치 방법은 어떻게 되나요?,발신정지,엘지유플러스:43033
선택약정 할인,선택약정할인 가입은 어떻게 진행되었나요?,ARS 통화,엘지유플러스:43041
선택약정 할인,LGU+ 선택약정할인은 어떻게 신청할 수 있나요?,전화 상담을 통해 신청,엘지유플러스:43043
선택약정 할인,선택약정할인 가입은 어떻게 진행되나요?,녹취로 진행,엘지유플러스:43038
선택약정 할인,선택약정할인은 몇 년 기간으로 진행할 수 있나요?,1년 또는 2년,엘지유플러스:43046
선택약정 할인,통신사 할인 약정을 신청할 수 있는 사람은 누구인가요?,본인,엘지유플러스:43043
소액 결제,소액결제 대행사에서 미납요금 상태를 인식하지 못하는 주체는 누구인가?,대행사,엘지유플러스:43053
인터넷 속도/품질,5G 단말기에서 LTE 요금제를 사용하려면 어떻게 해야 하나?,대리점 방문하여 확정 기변으로 LTE 단말기 전산 등록,엘지유플러스:43058
요금제 변경,변경된 요금제에서 데이터 초과 사용 시 추가 요금이 발생하나?,"아니요, 초과요금이 발생하지 않습니다.",엘지유플러스:43064
가입 안내,휴대폰 분실파손보험 가입은 어떻게 할 수 있나요?,대리점 방문,엘지유플러스:43068
가입 안내,휴대폰 분실파손보험 가입 시 누구의 신분증이 필요한가요?,본인,엘지유플러스:43068
파손보험 안내,파손보험 보상 신청은 어떻게 하나요?,문자로 신청,엘지유플러스:43074
선택약정 할인,선택약정할인 신청 시 개인정보가 유출되나요?,"아니요, 개인정보 유출과는 전혀 관련이 없습니다.",엘지유플러스:43072
선택약정 할인,현재 사용 중인 요금제의 할인 혜택은 얼마인가?,25%,엘지유플러스:43076
요금제 변경,요금제 변경 시 위약금이 발생하나요?,아니요.,엘지유플러스:43084
결합할인,지역 건강보험증으로 가족결합할인 서류를 제출할 수 있나?,"아니요, 직장 건강보험증만 가능합니다.",엘지유플러스:43081
휴대폰 정지/분실/파손,휴대폰 일시정지를 요청할 수 있는 사람은 누구인가?,법정대리인,엘지유플러스:43083
휴대폰 정지/분실/파손,일시정지 상태에서도 30일 동안은 전화 수신이 가능한가?,"예, 일시정지 후 30일 동안은 전화 수신이 가능합니다.",엘지유플러스:43083
멤버십 혜택,LGU+ 멤버십 혜택으로 무료로 예매할 수 있는 서비스는 무엇인가?,CGV 영화 예매,엘지유플러스:43085
명의/번호/유심 해지,USIM을 빼기만 하면 태블릿 서비스 해지가 완료되나요?,"아니요, USIM을 빼는 것만으로는 서비스 해지가 완료되지 않습니다.",엘지유플러스:43090
멤버십 혜택,알뜰폰도 LGU+ 요금제와 동일한 데이터 공유 혜택을 제공하나요?,아니요.,엘지유플러스:43085
휴대폰 정지/분실/파손,자녀의 휴대폰 사용을 제한할 수 있는 LGU+ 서비스는 어떻게 작동하나?,자녀폰지킴이,엘지유플러스:43083
요금 할인,LGU+ 선택약정할인은 어떻게 중복 가입이 가능한가?,"1차, 2차 약정으로",엘지유플러스:43106
부가서비스 안내,데이터 안심 옵션은 무료 서비스인가?,"아니요, 월 단위로 일정 요금이 부과되는 유료 서비스입니다.",엘지유플러스:43102
명의/번호/유심 해지,해지신청서는 어떻게 보내야 하나요?,프린트해서 사진 찍어 이메일로 전송,엘지유플러스:43098
부가서비스 안내,LGU+ 데이터 안심 옵션의 주요 특징은 무엇인가?,"속도 제어된 무제한 데이터, 초과 요금 없음",엘지유플러스:43102
명의/번호/유심 해지,해지신청서와 함께 보내야 할 서류는 누구의 것인가요?,고객 본인의 신분증,엘지유플러스:43098
기기변경,중고폰 반납 처리 후 남은 할부금 정산은 얼마나 걸리나요?,2주에서 3주,엘지유플러스:43101
부가서비스 안내,패밀리 앱은 LGU+ 자체 서비스인가?,아니요.,엘지유플러스:43103
요금제 변경,5G슬림+ 요금제는 데이터 6GB 초과 시 추가 요금 없이 느린 속도로 무제한 사용이 가능한가?,"예, 6GB를 다 쓰더라도 400Kbps로 안전하게 무제한 사용할 수 있습니다.",엘지유플러스:43100
요금 안내,통신사 해지 시 위약금을 내지 않고 기기를 바꾸는 방법은 어떻게 하나?,통신사 변경 없이 기기만 교체,엘지유플러스:43109
요금 할인,기기변경 시 지원금과 선택약정할인을 동시에 받을 수 있나요?,아니요.,엘지유플러스:43106
청구서,청구서 발송은 얼마나 소요되나요?,최대 20분,엘지유플러스:43111
요금 안내,5G 요금제에서는 데이터 초과 시 추가 요금이 발생하나요?,"아니요, 데이터 초과 시 속도만 느려지고 추가 요금은 발생하지 않습니다.",엘지유플러스:43113
요금 안내,LGU+ 5G 요금제에서 데이터를 초과하면 어떻게 되나요?,속도만 느려집니다.,엘지유플러스:43113
가입 안내,자녀의 요금제는 어떻게 확인할 수 있나요?,통화 및 데이터 사용량 확인,엘지유플러스:43126
보험 안내,LG U+에서 전화번호부 전체 내용을 출력해줄 수 있나요?,아니요.,엘지유플러스:43123
부가서비스 안내,분실파손보험은 어떻게 해지할 수 있나요?,상담을 통해 즉시 해지 가능,엘지유플러스:43128
보험 안내,휴대폰 보험 관련 상담을 누구에게 연결받을 수 있나요?,모바일 부서 전문 고객센터,엘지유플러스:43123
부가서비스 안내,전화번호 변경은 어떻게 해야 하나요?,매장 방문,엘지유플러스:43121
요금제 변경,가족결합할인을 받기 위해서는 가족 중 한 명이 69요금제 이상을 사용해야 하나?,"예, 가족 중 한 명이 69요금제 이상을 사용해야 추가 할인 혜택을 받을 수 있습니다.",엘지유플러스:43130
기기변경,중고폰 가격보장프로그램 참여 시 새 단말기 구매에 중고폰 가격보장프로그램을 필수로 해야 하나요?,"아니요, 필수로 해야 하는 것은 아닙니다.",엘지유플러스:43129
요금 안내,번호이동 시 기존 통신사 요금은 이용한 날짜에 따라 계산되나요?,"예, 이용하신 날짜 기준으로 하루치씩 요금이 계산됩니다.",엘지유플러스:43134
기기변경,중고폰 가격보장프로그램에서 핸드폰을 반납하는 방식은 어떻게 되나?,같은 제조사의 프리미엄 단말기로 기기변경하면서 반납,엘지유플러스:43129
요금 안내,LGU+ 요금제에서 기본 데이터 3.5GB를 모두 사용한 후에는 어떻게 데이터를 사용할 수 있나요?,1Mbps 속도로 데이터 무제한 제공,엘지유플러스:43133
요금제 변경,청소년 요금제는 어떻게 변경할 수 있나요?,고객센터 통화를 통해,엘지유플러스:43136
요금제 변경,데이터를 모두 사용한 후에도 추가 요금 없이 1Mbps 속도로 계속 사용할 수 있나?,"예, 초과금 없이 무제한으로 1Mbps 속도로 계속 사용할 수 있습니다.",엘지유플러스:43124
요금제 변경,LTE 추가요금걱정없는데이터59 요금제의 데이터 기본 제공량은 얼마인가?,6.6GB,엘지유플러스:43124
요금제 변경,요금제 변경 시 기본 제공량 날짜 계산과 초과 시 요금 발생 가능성이 있나요?,"예, 요금제를 중간에 변경하시는 경우 기본 제공량 날짜가 계산되고 초과 시 요금이 발생될 수 있습니다.",엘지유플러스:43136
선택약정 할인,선택약정 중도 해지 시 반환금이 발생하는 경우가 있나요?,"예, 중도해지, 미적용 단말기로 기기변경, 약정 미승계, 명의변경 시 반환금이 발생합니다.",엘지유플러스:43147
기기변경,중고폰 가격보장 프로그램 반납은 어떻게 진행해야 하나요?,LG U+ 매장에서 기기변경과 함께 진행,엘지유플러스:43153
가입 안내,로그인플러스 서비스는 어떻게 가입되는 경우가 많나요?,약관 동의를 잘못 누르거나 사이트 이용 중 부주의하게 가입,엘지유플러스:43143
요금 안내,복지할인은 기기를 변경해도 계속 유지될 수 있나요?,"예, 복지할인은 기기를 변경해도 계속 유지됩니다.",엘지유플러스:43157
명의/번호/유심 일시정지,휴대폰 일시정지 신청을 할 수 있는 사람은 누구인가요?,명의자,엘지유플러스:43148
부가서비스 안내,핸드폰이 꺼져 있을 때 문자 알림은 어떻게 발송되나?,자동으로,엘지유플러스:43159
가입 안내,중고기기로 보험 가입이 가능한가?,"아니요, 중고기기는 보험 가입이 불가합니다.",엘지유플러스:43151
휴대폰 정지/분실/파손,180일이 지나면 휴대폰 일시정지는 자동으로 해제되나요?,"예, 180일이 지나면 자동으로 해제됩니다.",엘지유플러스:43162
소액 결제,유튜브 프리미엄 멤버십은 어떻게 해지할 수 있습니까?,유튜브 앱 설정 화면에서 멤버십 취소,엘지유플러스:43171
요금 안내,현재 사용 중인 요금제를 스탠다드 요금제로 변경 시 약정 할인을 받을 수 있나요?,아니요.,엘지유플러스:43180
요금 안내,선택약정 할인은 어떻게 받을 수 있나요?,LGU+ 유지 및 1-2년 연장,엘지유플러스:43176
부가서비스 안내,후후U+ 앱에서 원하는 서비스를 이용하기 위해서는 개인정보 수집 및 이용 동의와 위치정보 업무 허용이 필요한가?,"예, 서비스 이용을 위해 필수 동의와 허용이 필요합니다.",엘지유플러스:43188
요금제 변경,요금제 변경 시 월 중간 변경에 따른 추가 요금이 발생하나요?,아니요.,엘지유플러스:43192
부가서비스 안내,후후U+ 앱을 어떻게 다운로드 받나요?,핸드폰 앱스토어에서 다운로드,엘지유플러스:43188
선택약정 할인,선택약정할인 가입은 어떻게 진행되나요?,녹취 가입,엘지유플러스:43201
선택약정 할인,약정 종료 시 위약금이 발생하나요?,"아니요, 위약금은 나오지 않습니다.",엘지유플러스:43211
기기변경,기기변경 관련 정확한 상담을 받기 위해 누구에게 연결해달라고 요청했나?,기기변경 상담 부서,엘지유플러스:43203
요금 안내,전화를 받을 수 없을 때 어떻게 상대방에게 알릴 수 있나요?,자동 팝업 문자,엘지유플러스:43216
요금 납부,중고폰 반납 후 남은 할부금은 어떻게 처리할 수 있나?,포인트로 결제,엘지유플러스:43223
명의/번호/유심 일시정지,명의도용으로 일시 정지된 휴대폰 번호를 해제하는 방법은 어떻게 해야 하나요?,본사 직영점 방문 및 신분증 지참,엘지유플러스:43228
요금 납부,요금 결제에 사용된 카드 소유주는 누구인가?,엄마,엘지유플러스:43218
기기변경,중고폰 가격보장 프로그램의 포인트는 어떻게 산정되나요?,핸드폰 기기 상태에 따라,엘지유플러스:43231
부가서비스 안내,가격보장프로그램의 조건은 휴대폰 변경 시 무조건 가장 최근에 출시된 모델로 변경하는 거야?,"아니, 꼭 그렇지 않고 현재 사용하는 단말기 이후에 나온 프리미어 단말기면 돼.",엘지유플러스:44002
휴대폰 정지/분실/파손,파손보험 가입자가 핸드폰 수리를 할 경우 자부담 비율은 얼마야?,20%,엘지유플러스:44009
휴대폰 정지/분실/파손,문의한 핸드폰은 분실파손보험에 가입되어 있었어?,응.,엘지유플러스:44009
휴대폰 정지/분실/파손,분실파손보험의 보장을 받으려면 수리를 받은 다음 무슨 서류를 제출해야 해?,견적서와 영수증,엘지유플러스:44009
부가서비스 안내,왜 문자 차단 서비스에 가입하거나 해지하는 건 시간이 걸리지?,LGU+에서 바로 처리하는 게 아니라 문자 중계 사업자에게 등록이나 해지 요청을 해야 하기 때문이야.,엘지유플러스:44013
부가서비스 안내,휴대폰의 경우 본사나 대리점이나 혜택은 같지?,응.,엘지유플러스:44017
부가서비스 안내,휴대폰 단말기를 바꿔도 이전에 휴대폰 분실 파손 보험을 들었다면 보상을 받을 수 있어?,"아니, 새로 가입해야 해.",엘지유플러스:44017
도난/분실 신청/해제,카드의 재발급 신청을 취소하려면 밤 10시 이전에 해야 해?,응.,하나카드:200007
도난/분실 신청/해제,카드 분실 신고 철회 요청은 오후 6시에도 할 수 있어?,"응, 가능해.",하나카드:200009
장기카드대출 안내,장기 카드 대출 대상자 선정과 한도 결정에서 중요한 평가 근거는 뭐지?,외부 신용 점수나 대출 이력,하나카드:200021
장기카드대출 안내,카드론 한도는 평가에 따라 변동될 수 있어?,응.,하나카드:200021
도난/분실 신청/해제,카드사의 외국인 상담은 몇 시부터 몇 시까지 가능해?,오전 9시부터 오후 6시까지 가능해.,하나카드:200015
도난/분실 신청/해제,카드를 찾은 후 자동납부는 계속 유지될 수 있나요?,"예, 카드를 찾아서 해지하면 자동납부는 그대로 진행됩니다.",하나카드:200011
이용내역 안내,오늘 오후 11시에 분실한 카드를 찾은 경우에는 이 카드를 어떻게 해야 해?,폐기,하나카드:200016
도난/분실 신청/해제,외국인이 한국에서 분실한 카드를 재발급받으려면 대리인이 신청해도 돼?,"아니, 본인이 직접 신청해야 해.",하나카드:200015
도난/분실 신청/해제,해당 렌탈 서비스는 자동 승계 가맹점인가?,"아니요, 자동 승계 가맹점이 아닙니다.",하나카드:200017
오토할부/오토캐쉬백 안내/신청/취소,가상계좌에 차량 구매 대금을 입금할 때 이체 한도가 제한되면 횟수 제한 없이 분할 입금 가능해?,아니.,하나카드:200020
이용내역 안내,스타벅스에서 오후 5시에 커피를 구매하면 혜택을 받을 수 있나요?,"아니요, 스타벅스에서 오후 3시까지 커피를 구매하신 경우에만 혜택을 받을 수 있습니다.",하나카드:200022
이용내역 안내,왜 어플에서 혜택 적용 여부가 바로 확인되지 않나요?,"혜택은 결제 순간에 바로 적용되지 않으며, 카드사에서 매입이 완료된 후 청구 할인으로 적용됩니다.",하나카드:200022
결제대금 안내,장기 카드론을 추가로 신청할 수 없는 이유는 무엇인가?,기존 대출 이용 때문,하나카드:200026
이용내역 안내,스타벅스에서 결제한 내역 중 일부가 혜택에서 제외된 이유는 무엇인가요?,일부 결제는 인터넷 결제로 처리되어 업종이 달라 혜택 적용이 되지 않았습니다.,하나카드:200022
이용내역 안내,에스케이 브로드밴드의 승인요청된 요금은 어떻게 결제됐어?,할인받아서 결제됐어.,하나카드:200042
선결제/즉시출금,카드사에서 선결제 시 출금 처리하면서 청구할 항목이 뭐야?,후불 교통 카드 이용 금액과 에스엠에스 수수료 자동 이체 이용 금액이야.,하나카드:200043
교육비,학생 신용카드 자동납부 신청을 위해 학생 식별번호가 필요해?,응.,하나카드:200037
이용내역 안내,쇼핑몰의 주문 취소 처리가 카드사에서 확인이 되었나요?,아니요.,하나카드:200064
도난/분실 신청/해제,습득한 카드의 주인이 카드를 돌려받을 생각이 없다면 어떻게 해야 해?,카드를 습득한 고객이 폐기하면 된다.,하나카드:200039
도난/분실 신청/해제,카드사는 습득한 카드 번호를 조회하여 카드 주인을 확인할 수 있어?,응.,하나카드:200039
장기카드대출 안내,장기 카드 대출 한도는 어떻게 결정되나요?,"신용 평점, 연체 이력 등의 정보를 토대로 결정",하나카드:200046
선결제/즉시출금,선결제 처리를 해줄 때 미매입 건에 대한 비용도 같이 청구돼?,아니.,하나카드:200071
선결제/즉시출금,후불 교통카드 이용금액은 즉시 결제 후에도 청구될 수 있습니까?,예.,하나카드:200084
선결제/즉시출금,지금까지 확인된 카드 이용 금액은 모두 선결제가 되었어?,응.,하나카드:200078
선결제/즉시출금,기존 연결된 계좌의 잔고를 비워 두라고 안내하는 이유가 뭐라고 해?,결제일 당일 즉시 결제 시 자동 이체 계좌에서 이중 출금될 수 있기 때문이다.,하나카드:200055
입금내역 안내,이월 약정 서비스가 가입되어 있어도 결제금액이 전부 출금 시도되는 건 청구 비율이 몇 % 일 때야?,100%,하나카드:200070
매출구분 변경,이미 진행된 결제건의 할부 개월 수를 변경하는 것은 가능한가요?,네.,하나카드:200069
이용내역 안내,왜 해당 취소 금액이 청구서에 포함되지 않았나요?,취소 날짜로 인해 청구서에서 아예 빠졌기 때문,하나카드:200059
결제대금 안내,결제금액이 다음 달로 이월 되게 하려면 어떻게 해야 해?,당일 계좌 잔고를 비워 둬야 해.,하나카드:200056
입금내역 안내,최소 결제 금액으로 납부한 후 나머지 금액은 이월처리가 되나요?,네.,하나카드:200070
장기카드대출 안내,대출 신청을 위해 신용 조회 동의가 필요한가?,"예, 신용 조회 동의가 필요합니다.",하나카드:200083
승인취소/매출취소 안내,취소된 매출 금액은 결제일에 포함되나요?,"아니요, 결제 금액에 포함되지 않습니다.",하나카드:200073
프리미엄 바우처 안내/발급,선불카드 신청 후 변경이나 취소가 가능합니까?,"아니요, 신청 후에는 취소, 변경, 환불, 매매가 불가능합니다.",하나카드:200085
프리미엄 바우처 안내/발급,어떻게 신세계 면세점 선불카드를 교환할 수 있습니까?,"교환권, 본인 명의 여권, 카드를 지참하고 신세계 면세점 고객센터를 방문하여 교환할 수 있습니다.",하나카드:200085
매출구분 변경,할부 변경 시에 할부 수수료는 얼마나 돼?,할부 수수료는 현 19.85%야.,하나카드:200082
선결제/즉시출금,전액 선결제 시 추가 청구가 전혀 없습니까?,아니요.,하나카드:200084
프리미엄 바우처 안내/발급,상품권 교환 신청 후 취소나 변경이 가능해?,아니.,하나카드:200086
일부결제대금이월약정 안내,리볼빙 카드의 최소 결제 비율은 얼마인가?,30%,하나카드:200087
가상계좌 예약/취소,왜 원래의 카드 대금 결제일이 아닌 다른 날에 결제 돼?,원래의 결제일에 주말이 겹쳐서 조정됐기 때문이야.,하나카드:200094
한도상향 접수/처리,한도 상향 심사를 위해 추가로 필요한 서류나 조건이 있나요?,"상담사는 소득 증빙이 심사에 도움이 될 수 있으며, 해당 은행 예적금이 있다면 심사에 유리하다고 안내했습니다.",하나카드:200091
선결제/즉시출금,결제는 계좌 이체로 이뤄졌나요?,"아니요, 손님이 제공한 계좌 정보를 통해 은행에서 즉시 출금으로 결제가 처리되었습니다.",하나카드:200097
승인취소/매출취소 안내,해외 결제 취소 후 전표 매입에 보통 얼마나 소요되나요?,3-4일에서 일주일까지,하나카드:200115
도난/분실 신청/해제,해당 카드가 새로 발급된 이유는 뭐야?,기존 카드의 유효기간이 다 되어서 새로운 카드가 발급됐다.,하나카드:20593
연체대금 안내,"현재 연체로 인해 카드 한도가 줄어들었는데, 납부하면 바로 한도가 복원되나요?","납부 후에 다시 연락하면 한도 복원 가능 여부를 확인할 수 있으며, 바로 복원이 되지 않고 일정 기간이 필요할 수 있습니다.",하나카드:200089
한도상향 접수/처리,만약 신청한 한도가 전액 승인되지 않으면 어떻게 되나요?,상담사는 전액 상향이 어려우면 상향할 수 있는 금액만큼만 상향될 수 있다고 설명했습니다.,하나카드:200091
한도상향 접수/처리,한도 상향 심사 결과는 바로 받을 수 있나요?,"아니요, 심사 결과는 평일 기준 1~2일 이내에 알림 톡이나 문자로 통보됩니다.",하나카드:200091
수기환급 처리,카드 결제 취소 후 어떻게 환불이 이루어지나요?,은행 계좌로 입금,하나카드:200109
일부결제대금이월약정 해지,해지하려는 카드에 자동 이체가 연결된 경우 카드사에서 연결을 변경할 수 있어?,"아니, 자동 이체 연결을 변경하려면 연결된 기관을 통해 변경 신청을 해야 한다.",하나카드:200090
수기환급 처리,네이버페이 결제 취소 시 환불 금액은 어떻게 처리되나요?,결제 계좌로 현금 입금 처리,하나카드:200109
수기환급 처리,카드 취소 후 환불 금액이 직접 은행 계좌로 입금되나요?,예.,하나카드:200109
안심클릭/▲▲페이/기타페이 안내,온라인 결제 시 실물 카드 없이 단말기 없이 결제하는 방식을 뭐라고 하나요?,일반 안심결제 서비스,하나카드:200104
승인취소/매출취소 안내,2건의 취소 영수증 전표는 모두 매입 처리되었습니까?,아니요.,하나카드:200115
가상계좌 안내,"청구 작업이 되지 않았더라도 할부, 일시불 이용 건은 선결제가 가능한가요?","네, 가능합니다.",하나카드:200126
선결제/즉시출금,가령 금요일에 이중으로 출금되었다면 환불되기까지 며칠이 걸릴까요?,환불 절차는 다음 주 월요일에 시작될 수 있으므로 환불까지 총 3일이 걸릴 수 있습니다.,하나카드:200133
선결제/즉시출금,이중 출금을 방지하려면 어떻게 해야 하나요?,결제 계좌의 잔고를 비워두어야 합니다.,하나카드:200129
결제일 안내/변경/취소,카드 등록을 위해 카드 비밀번호 네 자리와 또 필요한 건 뭐야?,카드 뒷면 오른쪽 숫자 세 자리가 필요해.,하나카드:200139
결제일 안내/변경,결제일 변경 후 다음 날 다시 결제일을 변경할 수 있어?,"아니, 60일 이내엔 변경할 수 없어.",하나카드:200117
선결제/즉시출금,청구서상에서 할부 이자가 붙은 결제 건은 몇 개야?,2개,하나카드:200134
선결제/즉시출금,결제일 당일 이중 출금이 발생하면 환불 처리가 가능한가?,"예, 평일 기준으로 출금 익일에 결제 계좌로 환불 처리됩니다.",하나카드:200133
이용내역 안내,"상품이 배송 중 분실됐는데 판매처에서 환불을 거부한다면, 카드사에 취소할 수 있는 권한이 있어?","응, 있어.",하나카드:200135
선결제/즉시출금,오늘 즉시 출금 처리한 금액은 얼마인가요?,"345,678원입니다.",하나카드:200129
결제일 안내/변경,변경한 결제일에 대한 이용 기간은 무엇으로 확인할 수 있어?,문자,하나카드:200136
선결제/즉시출금,선결제 시 앞으로 청구될 수 있는 추가 비용은 어떻게 되나요?,"카드 사용, 후불 교통카드 이용, SNS 이용료 등이 이후 청구될 수 있다.",하나카드:200132
연회비 안내,카드 해지 후 해지 관련 유의 사항이 문자로 발송되나요?,네.,하나카드:200149
결제일 안내/변경,결제일을 변경하고 얼마동안 다시 결제일을 바꾸기가 어려워?,60일 이내,하나카드:200136
선결제/즉시출금,할부 금액 중 일부 선결제를 진행하면서 무엇을 포함해 결제해?,오늘까지 발생한 이자를 포함한다.,하나카드:200138
선결제/즉시출금,대출금 입금 후 바로 출금할 수 있나요?,"아니요, 입금 후 상담원과 상담을 먼저 진행하고 출금해야 합니다.",하나카드:200119
교육비,자녀의 교육청 명을 확인할 수 있었어?,아니.,하나카드:200137
오토할부/오토캐쉬백 안내/신청/취소,캐시백 서비스 금액은 한 달이 넘어야 입금이 돼?,"아니, 한 달 안에 받을 수 있어.",하나카드:20596
결제일 안내/변경/취소,카드 결제일 변경 후 60일 이내에 또 변경할 수 있어?,아니.,하나카드:200139
한도 안내,연체 상태에서 사용 가능한 카드는 어떻게 사용할 수 있나?,체크카드로 사용 가능,하나카드:200185
연체대금 즉시출금,카드 미납 금액 출금 후 카드 사용이 가능한가요?,"예, 카드 사용이 가능합니다.",하나카드:200168
이용내역 안내,해외 결제 시 원화 결제를 하면 추가로 청구되는 수수료는 얼마인가요?,3~8%,하나카드:200161
"정부지원 바우처 (등유, 임신 등)",술집에서 교육 급여 바우처 포인트를 사용할 수 있어?,"아니, 주류 업종에서는 사용할 수 없어.",하나카드:200164
이용방법 안내,기업 카드 사용자 지정 후 개인정보 입력을 완료하면 바로 카드 사용이 가능한가?,"아니요, 총괄 관리 책임자의 최종 승인이 필요합니다.",하나카드:200166
가상계좌 안내,카카오의 경우 여러 개의 카드 결제를 통합해서 한 번에 할 수 있어?,"아니, 카드별로 따로 결제해야 해.",하나카드:200163
"정부지원 바우처 (등유, 임신 등)",교육 급여 바우처로 상품권 구매가 가능해?,아니요.,하나카드:200171
오토할부/오토캐쉬백 안내/신청/취소,자동차 결제를 하기 위해서 가상 카드번호나 실제 카드번호를 누구에게 알려줘야 해?,자동차 딜러,하나카드:200182
선결제/즉시출금,카드이용요금을 선결제하면 카드이용한도가 복원되는 거야?,응.,하나카드:200169
도난/분실 신청/해제,분실 해제된 이후 바로 사용할 수 있는 카드의 기능이 무엇인지 알려줘.,체크 카드 기능,하나카드:200152
결제대금 안내,카드 대금 미납분에 대해 즉시 인출도 가능해?,응.,하나카드:200162
긴급 배송 신청,카드를 긴급 배송 신청하게 되면 배송비가 발생해?,아니.,하나카드:200170
일부결제대금이월약정 해지,차량 구매 시 카드 결제로 마일리지 적립이 가능한가요?,"예, 기본 국내 사용 건으로 마일리지가 적립됩니다.",하나카드:200158
이벤트 안내,캐시백을 지급할 때 입금은 어떻게 해 주나요?,결제 계좌로 입금을 합니다.,하나카드:200177
선결제/즉시출금,카드론 중간에 추가 상환하면 원금이 줄어드나요?,"예, 원금이 줄어듭니다.",하나카드:200243
이용방법 안내,공용카드를 발급받을 때 개인정보가 입력되면 승인을 해줘야 하는 사람은 누구야?,총괄 관리 책임자,하나카드:200166
오토할부/오토캐쉬백 안내/신청/취소,실제 카드 번호와 가상 카드 번호 모두 자동차 결제가 가능한가?,"예, 실제 카드 번호와 가상 카드 번호 모두 자동차 결제가 가능합니다.",하나카드:200182
선결제/즉시출금,기존 카드의 유효 기간을 확인하려면 실물카드에서 할 수 있니?,응.,하나카드:200179
"정부지원 바우처 (등유, 임신 등)",바우처로 이용한 금액은 신용 카드 실적에 반영돼?,"응, 신용 카드의 실적에 포함되는 업종이라면 가능해.",하나카드:200190
연체대금 즉시출금,카드 결제 대금은 모든 은행 계좌에서 수시로 인출이 돼?,아니.,하나카드:200191
연회비 안내,체크카드 발급 수수료는 매년 청구되나요?,"아니요, 카드 발급 시 한 번만 청구됩니다.",하나카드:200228
이벤트 안내,캐시백은 결제 계좌로 입금되나요?,"예, 결제 계좌로 캐시백이 입금됩니다.",하나카드:200177
"정부지원 바우처 (등유, 임신 등)",바우처 카드는 모든 업종에서 사용 가능한가요?,"아니요, 사행 업종, 청소년 출입 불가 장소, 상품권, 성인 용품 판매점, 위생 업종 등은 제외됩니다.",하나카드:200227
"정부지원 바우처 (등유, 임신 등)",교육 급여 바우처는 모든 업종에서 사용 가능한가요?,"아니요, 유흥 업종, 사행 업종, 청소년 출입 불가 장소에서는 사용할 수 없습니다.",하나카드:200229
"정부지원 바우처 (등유, 임신 등)",바우처 카드의 사용 내역은 앱에서 조회할 수 있나요?,"예, 앱에서 이용 내역 조회가 가능합니다.",하나카드:200245
"정부지원 바우처 (등유, 임신 등)",바우처 사용이 제한되는 업종은 뭐지?,"상품권, 성인용품 판매점, 사행업종, 청소년 출입 불가 장소 등에서는 바우처 사용이 제한돼.",하나카드:200227
교육비,이 상담에서 교육비 카드 납부를 신청한 학생과의 관계는 누구인가?,어머니,하나카드:200253
교육비,학생의 가족 중 교육비를 카드로 납부하려고 전화를 건 사람은 누구야?,학생의 어머니,하나카드:200253
가상계좌 안내,가상계좌로 입금할 금액은 어제 기준 금액이니?,"아니, 오늘 기준 금액이야.",하나카드:200254
결제일 안내/변경/취소,결제일 변경 후 60일 이내에 재변경이 가능한가?,"아니요, 60일 이내에는 재변경이 어렵습니다.",하나카드:200241
이벤트 안내,요양병원을 이용하려는 사람은 이 카드의 무이자 할부 혜택 받을 수 있을까?,"아니. 일반 병원, 한방병원, 치과병원, 종합 병원에 속하지 않으므로 받을 수 없어.",하나카드:200251
교육비,교육비 카드 납부 등록을 하려면 카드 번호 전체 자리를 불러 줘야 하나요?,아니요.,하나카드:200253
"정부지원 바우처 (등유, 임신 등)",교육 복지 바우처로 충전된 포인트는 서울에서도 사용할 수 있어?,응.,하나카드:200261
도난/분실 신청/해제,"카드를 새로 발급받게 되면, 카드 번호가 달라져?",응.,하나카드:200255
"정부지원 바우처 (등유, 임신 등)",교육 급여 바우처는 어떻게 이용할 수 있어?,바우처를 지급받은 대상이 소유한 카드를 사용하면 바우처에 잔액이 차감된다.,하나카드:200271
한도상향 접수/처리,특별 한도 심사를 위해서 소득 서류를 개별적으로 전송해야 해?,아니.,하나카드:200256
이벤트 안내,가맹점이 카드사의 무이자 이벤트 혜택을 받을 수 있는 곳인지 확인하려면 뭘 알고 있어야 해?,가맹점 번호 또는 사업자 번호를 알고 있다면 카드사에서 확인할 수 있어.,하나카드:200251
프리미엄 바우처 안내/발급,해당 바우처의 변경 및 취소는 며칠 동안 가능하지?,당일에 한해서만 변경이나 취소가 가능하다.,하나카드:20599
도난/분실 신청/해제,카드를 새로 등록할 경우 모바일 카드도 같이 등록됩니까?,네.,하나카드:200249
"정부지원 바우처 (등유, 임신 등)",해당 바우처는 백화점이나 아울렛에서도 사용이 가능해?,응.,하나카드:200278
단기카드대출 안내/실행,신용 상태가 좋아지고 일정 조건을 만족하면 카드사에 뭘 요구할 수 있어?,금리 인하,하나카드:200269
교육비,교육비 자동이체를 하려면 학생 식별번호를 알려줘야 해?,응.,하나카드:200275
선결제/즉시출금,만약 이중 출금되면 그날 바로 다시 돌려받을 수 있어?,아니.,하나카드:200268
포인트/마일리지 전환등록,포인트를 자동으로 넣어주는 기능이 있나요?,"아니요, 현재 자동으로 포인트를 넣어주는 기능은 없습니다.",하나카드:200266
프리미엄 바우처 안내/발급,바우처 유효 기간이 시작된 후 얼마 안에 서비스를 바꾸는 게 가능해?,2~3일 안에 바꿀 수 있어.,하나카드:200264
포인트/마일리지 안내,가족 카드의 마일리지 적립은 어떻게 진행되나요?,본인 회원과 가족 회원 각각의 항공사 회원 번호로 적립됩니다.,하나카드:200277
연체대금 안내,가상계좌 결제 시 이중으로 출금되면 다시 환불처리가 안 돼?,"아니, 환불받을 수 있어.",하나카드:200303
"정부지원 바우처 (등유, 임신 등)",교육 바우처 사용이 불가능한 업종은 어떻게 구분되나요?,"유흥 사행 업종, 녹취 불가 장소, 상품권, 성인 용품 판매점, 위생 업종 등",하나카드:200278
포인트/마일리지 안내,배우자의 카드로 적립된 마일리지는 항공사 홈페이지와 무엇을 통해 조회가 가능해?,항공사 앱,하나카드:200277
한도 안내,전기세의 경우 할부가 안 되지?,"아니, 할부 거래가 가능해.",하나카드:200279
이용내역 안내,해당 보험료의 결제는 승인이 됐어?,"응, 보험사에서는 승인이 됐어.",하나카드:200282
결제계좌 안내/변경,해당 환급금은 당일 내로 환급처리 될 예정이야?,응.,하나카드:200281
연체대금 안내,이중 출금된 경우 환불은 평일 기준으로 가능한가요?,"예, 출금 익일 결제 계좌로 환불됩니다.",하나카드:200322
"정부지원 바우처 (등유, 임신 등)",해당 바우처 결제 시 문자 메시지로 이용금액 및 잔액 확인이 가능해?,응.,하나카드:200280
"정부지원 바우처 (등유, 임신 등)",교육비 바우처의 잔액은 문자메시지와 무엇을 통해 확인이 가능하지?,해당 카드 앱,하나카드:200280
"정부지원 바우처 (등유, 임신 등)",교육비 바우처 잔액은 어떻게 확인할 수 있나요?,문자 메시지와 카드 앱의 정부 지원 사업 메뉴에서 확인,하나카드:200280
이용내역 안내,차량 정비 관련 결제에 부분 무이자 할부가 가능한가요?,"예, 부분 무이자 할부가 가능합니다.",하나카드:200292
"정부지원 바우처 (등유, 임신 등)",교육 급여 바우처 사용 시 제한되는 업종은 어떻게 되나요?,"사행 업종, 출입 불가 장소, 상품권 판매점, 위생 업종 제외",하나카드:200293
선결제/즉시출금,결제된 해당 금액은 수수료가 포함된 금액이야?,응.,하나카드:200296
선결제/즉시출금,해당 5건의 영수증 처리가 완료돼 결제일에 추가 청구될 예정이야?,아니.,하나카드:200298
명세서 재발송,청구서 발송에 며칠 정도 소요된다고 안내했나요?,"평일 기준 3, 4일",하나카드:200318
선결제/즉시출금,미확정된 영수증 5건의 총 금액은 얼마인가?,"5,000원",하나카드:200298
"정부지원 바우처 (등유, 임신 등)",법인 카드와 후불 하이패스 카드는 교육 급여 바우처 사용이 가능한가?,"아니요, 법인 카드와 후불 하이패스 카드는 교육 급여 바우처 사용이 불가능합니다.",하나카드:200302
"정부지원 바우처 (등유, 임신 등)",교육 급여 바우처는 사행 업종을 포함한 대부분의 업종에서 사용이 가능해?,"아니, 사행 업종, 출입 불가 장소, 상품권 판매점, 위생 업종 등에서는 사용할 수 없어.",하나카드:200293
가상계좌 안내,해당 결제 금액은 대중교통 후불 요금이었어?,응.,하나카드:200295
"정부지원 바우처 (등유, 임신 등)",서울시 임산부 교통비 지원금은 어떻게 확인할 수 있나요?,모바일 앱에서 잔액 확인 가능,하나카드:200304
이용내역 안내,해당 결제는 무엇을 통해 결제가 이루어졌어?,인터넷,하나카드:200310
"정부지원 바우처 (등유, 임신 등)",임산부 교통비 지원금의 잔액은 어떻게 확인할 수 있어?,모바일 앱과 문자,하나카드:200304
"정부지원 바우처 (등유, 임신 등)",해당 지원금은 사용 기한이 있어?,응.,하나카드:200304
연회비 안내,카드 해지 시 연회비는 어떻게 처리되나요?,일할 계산되어 환급,하나카드:200349
쇼핑케어,쇼핑케어 서비스에 가입되어 있는 사람은 월 2만 원의 요금을 내야 해?,"응, 서비스 이용료로 다달이 2만 원을 내야 해.",하나카드:200319
이용내역 안내,자동이체 해지 신청을 할 수 있는 사람은 누구인가요?,본인,하나카드:200334
"정부지원 바우처 (등유, 임신 등)",교육 급여 바우처는 어떤 카드로 결제할 수 있나요?,신용카드나 체크카드로 모두 사용 가능,하나카드:200314
이벤트 안내,할인 받은 통신요금은 카드 실적에 포함되지 않아?,응.,하나카드:200312
"정부지원 바우처 (등유, 임신 등)",해당 바우처는 신용카드나 체크 카드 상관없이 사용이 가능해?,응.,하나카드:200314
이벤트 안내,카드 실적에 포함되지 않는 요금은 무엇인가?,할인받은 통신요금,하나카드:200312
승인취소/매출취소 안내,카드 사용 취소 전표가 전산에 반영되기 위해서는 취소 전표가 들어와야 하나?,"예, 업체 취소 전표가 들어와야 전산에 반영됩니다.",하나카드:200320
결제일 안내/변경,카드 대금 결제일을 변경한 후 한 달이 지나면 다시 결제일을 변경하는 게 가능한가요?,"아니요, 60일 이내에는 재변경이 안 됩니다.",하나카드:200330
한도 안내,카드를 사용한 뒤 전표가 접수되기까지의 기간은 얼마나 걸려?,"평일을 기준으로 하여 3, 4일 정도가 걸린다.",하나카드:200323
결제일 안내/변경,결제일 변경 시 다음 달 결제 적용은 어떻게 이루어지나요?,변경 달의 다음 달부터 적용,하나카드:200330
결제대금 안내,장기 카드 대출은 몇 개월 할부로 진행되고 있나요?,"예, 해당 개월 할부로 진행되고 있습니다.",하나카드:200346
포인트/마일리지 안내,카드 이용 금액에 따라 받을 수 있는 포인트는 결제할 때마다 실시간으로 적립되는 거야?,아니.,하나카드:200339
이용방법 안내,모바일 카드의 씨브이씨 번호를 확인하려면 카드사 앱을 실행해야 해?,"응, 카드사 앱의 카드정보 확인 메뉴에서 씨브이씨 번호를 확인할 수 있어.",하나카드:200347
이용내역 안내,에스케이플래닛 결제는 어떤 업종의 결제인가?,영화 예매,하나카드:200362
연체대금 즉시출금,카드 미납 대금을 즉시 납부할 경우 이중으로 금액이 출금될 우려가 있어?,응.,하나카드:200343
도난/분실 신청/해제,카드 소지자에게 신분증을 지참하고 내방하라고 안내했나?,"예, 카드 소지자에게 신분증을 챙겨 내방하라고 안내했습니다.",하나카드:200356
도난/분실 신청/해제,카드주가 분실한 카드를 찾으러 은행에 가기 전에 챙겨야 하는 것은 뭐야?,자신의 신분증을 챙겨야 한다.,하나카드:200356
이벤트 안내,카드 취소 시 발생하지 않는 비용은 무엇인가요?,연회비,하나카드:200348
도난/분실 신청/해제,아버지가 자녀의 카드 재발급을 신청해 줄 수 있어?,아니. 재발급 신청은 본인이 직접 해야 해.,하나카드:200482
프리미엄 바우처 안내/발급,모바일 주유권은 당일 신청 후 변경이나 취소가 가능한가?,"예, 오늘 당일에만 변경이나 취소가 가능합니다.",하나카드:200359
결제일 안내/변경/취소,결제일 변경 시 기존 이용 금액이 변경된 결제일에 그대로 청구될 수 있나?,"아니요, 기존 이용 금액이 변경된 결제일에 그대로 청구되지 않을 수 있습니다.",하나카드:200469
한도상향 접수/처리,본인의 정보를 공공기관에 방문하지 않고 필요한 서류를 제출할 수 있는 서비스는 무엇인가요?,공공마이데이터,하나카드:200397
한도상향 접수/처리,신용카드 한도 상향을 위해서 신용정보 조회 동의가 필요한가요?,예.,하나카드:200397
"정부지원 바우처 (등유, 임신 등)",교육 바우처 카드는 식당에서 사용할 수 있나요?,"네, 대부분의 일반 식당에서 사용 가능합니다.",하나카드:200463
전화요금,휴대폰 요금 혜택은 어떤 형식입니까?,실적 충족 시 통신 요금 할인입니다.,하나카드:200428
결제일 안내/변경,결제일 변경 시 기존 이용 금액이 변경된 결제일에 정확히 청구될 수 있나요?,"아니요, 결제일 변경으로 인해 청구 금액이 재조정되어 다른 날짜에 결제될 수 있습니다.",하나카드:200470
이벤트 안내,카드 자체 내에서 가맹점에 한해 진행하는 이벤트는 뭐야?,무이자 할부 이벤트를 진행 중이야.,하나카드:200472
선결제/즉시출금,카드사 홈페이지나 모바일 앱을 이용한 선결제는 몇 시까지 할 수 있어?,11시 반까지,하나카드:200474
"정부지원 바우처 (등유, 임신 등)",카드 사용 가능 여부를 어떻게 확인할 수 있나요?,카드사 홈페이지나 어플에서 확인,하나카드:200471
도난/분실 신청/해제,분실된 카드를 찾았을 때 가족이 전화해서 분실 해제 신청할 수 있어?,"아니, 명의자가 직접 해야 해.",하나카드:200487
도난/분실 신청/해제,카드 분실 시 모바일 결제와 삼성페이 등 연동된 서비스는 무엇을 할 수 없나요?,사용 불가,하나카드:200479
승인취소/매출취소 안내,카드 취소 전표 반영이 지연될 경우 최대 며칠까지 기다릴 수 있나요?,"예, 최대 5~6일까지 기다릴 수 있습니다.",하나카드:200547
도난/분실 신청/해제,카드를 분실 신고해도 네이버페이 사용이 가능해?,아니.,하나카드:200483
도난/분실 신청/해제,카드 분실 신고 후에 해당 카드로 모바일 결제할 수 있어?,아니.,하나카드:200479
결제대금 안내,지방세 결제 금액은 카드 이용 실적에 포함돼?,아니.,하나카드:200468
도난/분실 신청/해제,다른 카드사의 카드를 분실 신고하려면 어떤 서비스를 이용해야 해?,타사 카드 분실 일괄 신고 서비스를 이용해야 해.,하나카드:200481
결제대금 안내,오늘 납부하면 연체되지 않는다는 것이 맞나요?,"예, 결제일에 정상적으로 납부하시면 연체되지 않습니다.",하나카드:200492
"정부지원 바우처 (등유, 임신 등)",교육 바우처를 받기 위해 무엇을 준비해야 하나요?,정상 발급된 카드,하나카드:200529
도난/분실 신청/해제,가족 카드 재발급이나 분실 해제를 할 수 있는 사람은 누구인가?,카드 주 명의자,하나카드:200487
승인취소/매출취소 안내,헬스장 할부 결제 취소 시 어떻게 처리되나요?,가맹점에 취소 접수 후 남은 금액을 할부 개월 수로 재조정,하나카드:200516
승인취소/매출취소 안내,카드 교체 후 기존 카드의 공과금 결제 이력이 있었나요?,"아니요, 확인된 공과금 결제 이력이 없습니다.",하나카드:200531
서비스 이용방법 안내,통신 요금은 실적에서 제외되나요?,"아니요, 실적으로 인정됩니다.",하나카드:200525
승인취소/매출취소 안내,왜 교체한 카드를 사용해도 기존 카드의 결제 취소 처리에 영향을 주지 않는 건가요?,결제 취소 처리를 위해서는 가맹점 쪽에서 카드사로 접수만 시켜주면 되는 것이기 때문입니다.,하나카드:200531
이용방법 안내,앱 상에서 결제 수단을 추가해야 모바일 카드를 확인할 수 있어?,응.,하나카드:200519
"정부지원 바우처 (등유, 임신 등)",마트에서 교육 급여 바우처를 사용하는 것은 금지되어 있어?,"아니, 간혹 바우처 승인이 되는 마트도 있다고 해.",하나카드:200530
신용공여기간 안내,카드사마다 실적 계산 방식이 모두 동일한가요?,"아니요, 카드 회사마다 실적 계산 방식이 다를 수 있습니다.",하나카드:200527
이용내역 안내,카드 재발급 시 기존 통장의 금액은 그대로 유지되나요?,"예, 카드는 단순히 결제 은행과 연결된 것이므로 통장 금액은 그대로 유지됩니다.",하나카드:200545
이용내역 안내,발급 수수료는 왜 자동으로 결제돼?,결제 은행으로 연결되어 있기 때문이다.,하나카드:200545
"정부지원 바우처 (등유, 임신 등)",교육 급여 바우처 카드로 결제할 수 없는 업종은 무엇인가요?,"유흥업종, 위생업종, 레저업종, 카지노, 복권방, 면세업종, 비영리단체, 교통기관, 공과금 납부",하나카드:200530
오토할부/오토캐쉬백 안내/신청/취소,차량 결제를 위해 금요일까지 계좌를 받아야 하나요?,"예, 금요일까지 계좌를 받아야 합니다.",하나카드:200548
이벤트 안내,착한 가격 업소에서 이벤트 기간 중 할인 서비스는 최대 몇 회 가능한가요?,5회,하나카드:200553
이용내역 안내,웰릭스 요금이 할인되는 카드의 연회비는 얼마야?,20만 원,하나카드:200543
선결제/즉시출금,선결제를 하면 카드 한도가 복원될 수 있나요?,"예, 선결제 시 원금만큼 한도가 복원됩니다.",하나카드:200542
승인취소/매출취소 안내,카드 대금 선결제 후 매출 취소된 금액은 환불이 되나요?,예.,하나카드:200560
승인취소/매출취소 안내,카드 대금을 선납하고 나서 결제가 취소된 경우 환불받는 데 얼마나 걸리나요?,보통 시스템 반영까지 평일 기준 2~3일이 소요되며 취소가 반영되면 그다음 날에 환불이 됩니다.,하나카드:200560
승인취소/매출취소 안내,카드 매출 취소 시 환불 처리에 보통 얼마나 걸리나요?,"평일 기준 2, 3일",하나카드:200560
도난/분실 신청/해제,카드사에서 인증할 때 쓰는 번호는 몇 자리인가요?,6자리,하나카드:200559
안심클릭/▲▲페이/기타페이 안내,"해당 체크카드 신청 시 평일 기준 2, 3일 정도 시간이 소요돼?",응.,하나카드:200561
"정부지원 바우처 (등유, 임신 등)",교육 바우처로 구매할 수 없는 품목은 무엇인가?,술,하나카드:200567
"정부지원 바우처 (등유, 임신 등)",현재 교육 급여 바우처에 충전된 포인트 금액은 얼마인가?,461000원,하나카드:200574
결제일 안내/변경/취소,해당 카드의 주유 할인 혜택을 받기 위해서는 무엇을 충족해야 하지?,최소 실적을 충족해야 해.,하나카드:200566
"정부지원 바우처 (등유, 임신 등)",정수기 사용료 카드 혜택은 무슨 할인 방식으로 진행되지?,청구 할인이므로 결제할 때 할인된 금액으로 결제하게 된다.,하나카드:200567
서비스 이용방법 안내,카드 분실 시 분실 신고 후 어떻게 하면 카드를 재발급 받을 수 있어?,은행에 방문하거나 고객센터를 통해 카드를 재발급 받을 수 있다.,하나카드:200570
"정부지원 바우처 (등유, 임신 등)",교육 바우처는 인터넷에서 물건 구매 시에는 할인 적용이 안 돼?,"아니, 인터넷에서 할인이 적용되는 가맹점도 있어.",하나카드:200567
"정부지원 바우처 (등유, 임신 등)",카드사에서는 해당 바우처의 잔여 금액을 확인할 수 있어?,응.,하나카드:200568
선결제/즉시출금,대출 상환 시 이자율은 얼마인가요?,12.95%,하나카드:200575
쇼핑케어,쇼핑케어 서비스에 개인정보 유출 피해 예방 기능이 포함되어 있나요?,"예, 쇼핑 과정에서 발생할 수 있는 개인 정보 유출 피해 예방 기능이 포함되어 있습니다.",하나카드:200584
이용내역 안내,카드사에서 직접 임의로 결제 취소를 할 수 있나요?,"아니요, 가맹점에서 먼저 취소 처리를 해야 카드사에서 취소 처리가 가능합니다.",하나카드:20594
이용내역 안내,이미 결제가 완료된 카드 대금을 환불받을 수 있는 방법은 무엇인가요?,업체의 취소 처리 후 카드사에 접수,하나카드:200587
장기카드대출 안내,왜 10월 카드 청구서에 2건으로 금액이 나누어 청구된 거지?,대출 금액이 다르기 때문에 따로 청구 됐어.,하나카드:200589
결제대금 안내,오늘이나 내일 선결제를 하면 다음 달에 영향을 줄 수 있나요?,"예, 다음 달에 나올 수 있는 금액에 영향을 줄 수 있습니다.",하나카드:200588
선결제/즉시출금,현재 장기 대출 금리는 11.50%로 인하됐어?,응.,하나카드:20601
이용내역 안내,결제한 카드를 정지를 하면 해외 사이트 결제를 취소할 수 있어?,아니.,하나카드:20600
가상계좌 안내,추가 출금이 있는 경우 환불이 진행되나요?,"예, 내일 오전에 환불이 진행됩니다.",하나카드:20606
승인취소/매출취소 안내,카드사로 취소 매입 전표가 아직 들어오지 않았나요?,"예, 아직 카드사로 취소 매입 전표가 들어오지 않았습니다.",하나카드:20618
선결제/즉시출금,리볼빙 이용 원금을 일부 상환하려 할 때 이자도 함께 상환하는 게 가능한가요?,"아니요, 이자는 원금을 전부 상환할 때만 함께 상환 가능합니다.",하나카드:20627
도난/분실 신청/해제,분실 신고했던 카드를 분실 해제하면 바로 사용할 수 있어?,응.,하나카드:20651
가상계좌 안내,카드사가 가상 계좌를 만들 수 있는 은행은 총 몇 개야?,세 개,하나카드:20665
이용내역 안내,레몬 업체의 업종은 무엇으로 확인되었나요?,유아 용품,하나카드:20678
이용방법 안내,에이알에스를 통해서 결제하면 모두 온라인 결제로 처리되나요?,"아니요, 가맹점에서 설정하는 데 따라서 온라인 결제인지 일반 결제인지 달라져요.",하나카드:20680
이용내역 안내,카드 사용 내역을 팩스로 받아 보는 데 시간이 얼마나 걸려?,약 30분 정도 소요돼.,하나카드:20684
교육비,자동납부 결제 카드를 바꾸려면 어떻게 해야 하지?,기존에 등록되어 있던 내용을 취소하고 새로운 카드 번호로 재등록해야 해.,하나카드:20677
일부결제대금이월약정 해지,해지된 카드의 연회비는 아직 내지 않은 상태야?,응.,하나카드:20682
이용내역 안내,후불 교통 카드는 버스 탈 때만 이용 가능한 거야?,"아니, 지하철에서도 이용할 수 있어.",하나카드:20690
이용내역 안내,카드 소유자 관련 정보를 확인할 때 카드 결제 은행도 포함되니?,응.,하나카드:20684
이용내역 안내,거래 내역이 없는 기간은 카드 이용 내역을 팩스로 받아볼 수 없니?,"아니, '거래 내역 없음'으로 기재된 것을 팩스로 받아볼 수 있어.",하나카드:20686
프리미엄 바우처 안내/발급,카드 실적이 없어도 카드 발급 당월은 약속한 서비스를 제공받을 수 있니?,응.,하나카드:20683
한도 안내,카드 사용 금액을 포인트로 차감하는 방법은 어떻게 설정할 수 있나요?,고객센터를 통해 포인트 차감 설정 변경,하나카드:20692
이용내역 안내,라운지 이용이 무료인데 왜 3건이 청구된 걸로 기재된 거야?,고객인 본 건 청구된 내용이 아니고 3건의 이용 내역만 기재되어 있는 예정 금액을 본 거라서 그래. 1건만 청구된 게 맞아.,하나카드:20687
오토할부/오토캐쉬백 안내/신청/취소,오토 캐시백 서비스는 만 원 단위로만 운용되는 거니?,응.,하나카드:20689
한도상향 접수/처리,카드 사용 한도에 포함되는 항목은 뭐가 있어?,"현금 서비스, 일시불, 할부",하나카드:20688
이용내역 안내,카드 이용 내역은 몇 년 단위로 발송이 가능하지?,1년 단위로 발송할 수 있어.,하나카드:20686
장기카드대출 안내,대출 철회가 가능하려면 뭐부터 해야 해?,우선 대출받은 금액 전부를 상환해야 해.,하나카드:20691
오토할부/오토캐쉬백 안내/신청/취소,오토 캐시백 서비스 신청은 어떻게 하는 거야?,해당 카드사 앱을 통해 신청하면 돼.,하나카드:20689
일부결제대금이월약정 해지,취득세와 지방세는 카드로 결제할 수 없지?,"아니, 카드로도 결제가 가능해.",하나카드:20702
이용내역 안내,필리핀 라운지를 이용하면 본인은 무료이지만 동반자는 이용 대금을 내야 하니?,응.,하나카드:20687
일부결제대금이월약정 해지,지방세는 일시불로만 결제해야 하지?,"아니, 할부 결제도 가능해.",하나카드:20702
프리미엄 바우처 안내/발급,전월 실적이 부족해도 주유권 바우처가 제공되니?,아니.,하나카드:20693
"정부지원 바우처 (등유, 임신 등)",기저귀 바우처로 구입할 수 있는 두 가지 품목은 무엇인가?,기저귀와 분유,하나카드:20697
이용방법 안내,골드 등급 카드로 공항 라운지 이용이 가능한가요?,"아니요, 특정 신용카드가 아니면 라운지 이용이 불가능합니다.",하나카드:20694
안심클릭/▲▲페이/기타페이 안내,카드를 앱에 등록하면 온라인 결제 시 바로 사용할 수 있나요?,"예, 카드를 등록하면 첫 화면에서 바로 결제할 수 있습니다.",하나카드:20696
이용내역 안내,카드 소유자 본인 여부를 알기 위해 확인하는 정보에는 뭐가 있어?,"생년월일과 휴대폰 번호, 고객의 이름 및 카드 결제 은행 등이 있어.",하나카드:20690
"정부지원 바우처 (등유, 임신 등)",바우처 잔고가 있는데도 승인 실패한 원인이 아기용품이 아닌 것을 구매하려고 때문이지?,응.,하나카드:20697
"정부지원 바우처 (등유, 임신 등)",기저귀 분유 바우처로 금액 지원을 받을 수 있는 물품은 뭐니?,기저귀와 분유,하나카드:20697
일부결제대금이월약정 해지,세금 납부를 목적으로 한도 상향을 하는 경우 심사 접수를 어떻게 해야 하지?,특별 한도로 심사 접수를 해야 해.,하나카드:20702
도난/분실 신청/해제,분실 해제 완료된 카드는 즉시 사용이 가능한가요?,예.,하나카드:20704
포인트/마일리지 전환등록,카드사에서 직접 휴대폰 요금 자동이체를 변경할 수 있나요?,"아니요, 통신사에 문의해야 변경할 수 있습니다.",하나카드:20710
한도상향 접수/처리,무이자 할부 혜택은 모든 가맹점에서 이용할 수 있어?,아니.,하나카드:20716
교육비,학생의 자동납부 신청을 진행한 사람의 관계는 무엇인가?,엄마,하나카드:20712
이용내역 안내,카드사를 통해 한전 자동이체 등록이 가능한가요?,"예, 카드사를 통해 한전 자동이체 등록이 가능합니다.",하나카드:20731
장기카드대출 안내,매월 납부해야 하는 대출 상환 금액은 얼마인가요?,매월 동일한 금액,하나카드:20735
"정부지원 바우처 (등유, 임신 등)",교육 급여 바우처 신청 후에는 바로 포인트를 사용할 수 있나요?,"아니요, 신청 후 일정 기간이 지나야 포인트를 사용할 수 있습니다.",하나카드:20739
일부결제 대금이월약정 해지,리볼빙된 원금을 결제할 수 있는 방법은 무엇인가요?,즉시 출금 또는 가상계좌 입금,하나카드:20742
장기카드대출 안내,19.9%의 이율이 적용된 대출은 4회차부터 이자가 없지?,"아니, 5회차부터 이자가 나가지 않아.",하나카드:20744
오토할부/오토캐쉬백 안내/신청/취소,신용카드 발급 후 자동차 결제는 어떻게 진행되나요?,가상계좌에 자금 입금 후 새로 만든 신용카드로 결제,하나카드:20746
이용내역 안내,재발급된 카드 자동 이체 관련 업무는 은행에 문의하면 되지?,"아니, 해당 가맹점으로 문의해야 해.",하나카드:20750
이용내역 안내,카드 재발급 후 자동이체 설정은 어떻게 해야 하나요?,해당 가맹점(통신사 등)에 직접 연락,하나카드:20750
도시가스,도시가스 업체에 카드 자동납부 해지 여부를 직접 확인해야 하나요?,"예, 도시가스 업체에 직접 확인해야 합니다.",하나카드:20772
결제일 안내/변경/취소,청구일을 변경해서 단기 카드 대출이 두 달분이 청구 될 수도 있나요?,네.,하나카드:20774
일부결제대금이월약정 안내,이월 약정 서비스가 요금제와 상관이 있니?,"아니, 이체를 안 시키면 상관 없어.",하나카드:20773
선결제/즉시출금,선결제 이후에 추가로 청구될 수 있는 금액엔 뭐가 있어?,"교통 요금 또는 문자 이용 요금, 자동 이체 등록 건, 미매입 건이 있다면 선결제 이후에도 더 결제될 수 있어.",하나카드:20786
이용방법 안내,은행에서는 왜 카드 재개 문제를 해결할 수 없었던 거야?,은행에서는 더 이상 관련 업무를 하지 않기 때문이야.,하나카드:20779
이용내역 안내,무이자 할부는 마일리지 적립에서 제외되나요?,"예, 무이자 할부는 마일리지 적립에서 제외됩니다.",하나카드:20782
이용내역 안내,결제된 가맹점의 업종은 무엇인가?,기타 숙박업소,하나카드:20778
선결제/즉시출금,왜 결제 대금이 아직 확정되지 않았어?,결제일이 되어야 당월 금액이 확정돼.,하나카드:20788
결제일 안내/변경/취소,카드 결제일을 바꾼 후에는 며칠 동안 변경된 결제일을 반드시 유지해야 해?,60일,하나카드:20783
일부결제 대금이월약정 해지,연회비는 며칠 내로 돌려받을 수 있어?,평일 기준 5일 이내,하나카드:20789
이용내역 안내,해외에서 카드 결제 시도가 이루어졌으므로 반드시 새 카드를 발급받아야 해?,아니.,하나카드:20787
도난/분실 신청/해제,만약 잃어버린 카드에 자동 이체 신청해 놓은 게 있다면 뭘 해야 해?,"분실 카드로 자동 이체 금액이 청구될 수 있으므로, 자동으로 출금되기를 원하지 않으면 해당 가맹점에 연락하여 해지를 요청해야 한다.",하나카드:20785
오토할부/오토캐쉬백 안내/신청/취소,차량 구매 시 가상 계좌에 입금을 먼저 하는 선입금 방식을 이용하면 몇 %의 캐시백을 받을 수 있어?,1.3%의 캐시백을 지급받을 수 있어.,하나카드:20794
선결제/즉시출금,결제 계좌에 잔고가 남아 있어서 이중 출금된 경우에는 다음 날 환급 받을 수 있어?,응.,하나카드:20795
결제일 안내/변경/취소,결제일을 변경하려면 기존 사용 금액을 오늘 모두 결제한 후에 바꿀 수 있어?,아니.,하나카드:20790
선결제/즉시출금,카드론 사용분에 대해 미리 결제가 이루어졌어?,아니.,하나카드:20793
승인취소/매출취소 안내,3개의 환불 취소 건이 모두 취소 접수 되어있어?,"아니, 아직 하나가 처리되지 않았어.",하나카드:20792
이벤트 안내,치과 병원 결제 시 마일리지 적립을 위해서는 어떻게 결제해야 하나요?,일시불로 결제,하나카드:20803
한도 안내,본인이 직접 카드를 수령한 경우 별도의 사용 등록이 필요한가요?,"아니요, 본인이 직접 수령한 경우 별도의 사용 등록이 필요하지 않습니다.",하나카드:20809
도난/분실 신청/해제,분실된 카드에 자동 이체가 연결되어 있는 경우 카드사에서 변경을 도와줄 수 있어?,"아니, 자동 이체되고 있는 대상 기관을 통해 변경해야 한다.",하나카드:20813
가상계좌 안내,오늘 결제일에 이중 출금이 발생할 수 있나요?,"네, 오늘 결제일 당일이기 때문에 이중 출금될 수 있습니다.",하나카드:20810
프리미엄 바우처 안내/발급,바우처는 온라인으로 받을 수 있나요?,"예, 익영업일 저녁 6시 이전에 LMS로 온라인 발송됩니다.",하나카드:20822
가상 계좌 안내,포인트를 충전해서 사용하는 카드가 뭐지?,포도 체크카드,하나카드:20819
일부결제대금이월약정 안내,리볼빙 해지 시 해지 시점 이전의 리볼빙은 그대로 유지돼?,아니.,하나카드:20839
신용공여기간 안내,카드 사용 실적은 사용한 날짜에 포함되나요?,"예, 카드 사용 실적은 사용한 날짜에 포함됩니다.",하나카드:20837
한도상향 접수/처리,갖고 있는 카드 수량이 많을수록 카드 한도가 늘어나?,"아니, 카드 수량과 관계없이 통합 한도야.",하나카드:20848
프리미엄 바우처 안내/발급,호텔 외식 통합 바우처를 면세점 바우처로 변경하는 방법은 무엇인가?,상담원에게 전화로 요청하여 변경,하나카드:20844
신용공여기간 안내,주말에 결제한 건은 접수되는 데 얼마나 걸려?,이틀 정도,하나카드:20837
연체대금 안내,연체 금액은 가상 계좌로 몇 시까지 입금해야 해?,밤 11시 30분,하나카드:20847
이벤트 안내,행운의 쇼핑 복권으로 응모할 수 있는 경품이 뭐야?,비에이치씨 치킨,하나카드:20843
가상 계좌 안내,오늘 통지하는 완납 금액에는 후불 교통카드 이용금액이 포함 돼?,"아니, 후불 교통카드의 경우 추후에 청구될 수 있어.",하나카드:20840
장기카드대출 안내,소득에 비해 금융 부채가 많을 경우 대출을 못 받을 수 있어?,응.,하나카드:20850
포인트/마일리지 안내,카드를 사용하면 마일리지가 실시간으로 적립돼?,아니.,하나카드:20849
"정부지원 바우처 (등유, 임신 등)",교육 급여 바우처는 오프라인에서도 사용할 수 있나요?,"예, 오프라인에서도 사용 가능합니다.",하나카드:20851
프리미엄 바우처 안내/발급,신라면세점 바우처를 사용할 수 있는 기간은 발행한 날부터 1년까지야?,응.,하나카드:20844
승인취소/매출취소 안내,모바일 티머니 서비스 보증금은 실제로 청구가 되나요?,아니요.,하나카드:20899
금리인하요구권 안내/신청,대출 금리 인하는 어떤 과정으로 진행되었어?,신용 평가 결과 개선에 따라 금리 인하 요구가 수용됨,하나카드:20887
승인취소/매출취소 안내,카드사가 취소 전표 접수 후 처리하는 데는 얼마나 걸리나요?,평일 기준 2~3일 걸립니다.,하나카드:20881
결제대금 안내,신용카드 결제 예정 금액은 해당 은행 앱으로만 확인할 수 있어?,아니.,하나카드:20884
프리미엄 바우처 안내/발급,바우처를 신청하고 나서 아무 때나 취소 할 수 있어요?,아니요.,하나카드:20885
선결제/즉시출금,장기 카드 대출을 이용하다가 중도에 일부 금액만 상환할 수 있어?,응.,하나카드:20883
도시가스,아파트 관리비를 카드 변경 신청하면 변경된 카드로 바로 납부가 반영돼?,아니.,하나카드:20896
이용내역 안내,카드사에서 결제 대금에 대해 매입 처리를 하려면 가맹점으로부터 뭘 받아야 해?,매출 전표,하나카드:20893
승인취소/매출취소 안내,모바일 티머니 가입 시 승인되는 보증금 금액은 얼마인가요?,일정 금액,하나카드:20899
서비스 이용방법 안내,카드의 특정 금액 이상 결제 시 추가 할인 혜택이 있어?,응.,하나카드:20897
이용내역 안내,카드 할인을 받기 위해 최소 얼마 이상 사용해야 하나요?,일정 금액 이상,하나카드:20895
도난/분실 신청/해제,카드 재발급 시 평균적으로 며칠이 소요됩니까?,5일,하나카드:20906
"정부지원 바우처 (등유, 임신 등)",교육 급여 바우처로 온라인에서 교재를 살 수 있나요?,아니요.,하나카드:20907
도난/분실 신청/해제,카드를 분실한 장소와 날짜를 모르면 분실 신고를 할 수 없나요?,"아니요, 모른다고 신고하면 돼요.",하나카드:20906
"정부지원 바우처 (등유, 임신 등)",교육 급여 바우처의 지급 방식은 어떻게 되나요?,카드에 입금,하나카드:20907
선결제/즉시출금,나중에 확인하게 되는 결제액은 어떻게 내야 하지?,결제일에 납부하든가 선결제를 요청하면 된다.,하나카드:20910
"정부지원 바우처 (등유, 임신 등)",교육 급여 바우처로 지원된 총 금액은 얼마인가?,5개의 숫자로 된 금액,하나카드:20907
가상계좌 안내,연체된 카드 한도는 어떻게 복구할 수 있나?,정확한 금액으로 입금,하나카드:20912
이용내역 안내,가맹점에서 승인 후 영수증을 접수하지 않고 며칠이 지나면 미매입 삭제 처리가 되지?,5일이 지나면 미매입 삭제 처리가 된다.,하나카드:20922
이용방법 안내,CVC는 카드사 앱에서 확인할 수 있나요?,"아니요, CVC는 실물 카드에서만 확인할 수 있습니다.",하나카드:20919
연체대금 즉시출금,이중 출금이 발생하지 않도록 하려면 어떻게 해야 하지?,기존에 등록된 결제 계좌의 잔고를 비워야 해.,하나카드:20916
이용내역 안내,보험 관련 결제 금액이 다음 달로 이월된 구체적인 이유는 무엇인가?,보험 회사에서 카드사로 영수증 전표를 접수했기 때문,하나카드:20913
선결제/즉시출금,정확한 당월 청구액을 알지 못해도 일단 선결제 할 수 있나요?,네.,하나카드:20910
이용방법 안내,카드사 앱에서 카드 정보를 확인하려면 카드 비밀번호를 알아야 하나요?,네.,하나카드:20919
일부결제대금이월약정 해지,"카드 연회비를 납부했다면, 카드 해지 시 환불받을 수 있나요?","네, 납부한 연회비는 일할 계산하여 환불됩니다.",하나카드:20921
일부결제대금이월약정 해지,카드 해지 후 재발급을 받으려면 어떻게 해야 해?,다시 심사를 통해 카드 발급을 하여야 한다.,하나카드:20921
이용내역 안내,해외에서 체크 카드 이용액 출금은 카드사에 전표가 매입될 때까지 기다리면 되나요?,"예, 맞아요.",하나카드:20927
일부결제대금이월약정 해지,전화상으로 체크카드를 발급받으려면 신분증이나 계좌번호가 꼭 있어야 해?,응.,하나카드:20925
가상계좌 안내,부분 결제를 하게 되면 완납할 때는 결제 금액이 달라질 수도 있어?,"응, 그렇기 때문에 금액 확인은 꼭 해야 해.",하나카드:20932
결제계좌 안내/변경,신용카드 결제 대금은 어떻게 납부되나요?,연결된 은행 계좌에서 매월 청구일에 자동으로 출금됩니다.,하나카드:20937
이벤트 안내,카드 사용 내용이 전무한 신용 카드로 이벤트 포인트 적립을 받을 수 있었어?,아니.,하나카드:20930
한도상향 접수/처리,조속한 심사 분쟁 해결 민원처리를 진행하려면 개인 정보를 한국신용정보원에 제공하는 것에 동의하면 돼?,응.,하나카드:20929
결제일 안내/변경,결제일을 재조정하려면 며칠이 지나야 해?,60일,하나카드:20924
가상계좌 예약/취소,이중 출금이 되면 되돌려 받을 수 없어?,"아니, 바로 다음 날 환불돼.",하나카드:20935
결제일 안내/변경/취소,결제일을 변경하면 며칠 내에 재변경이 어려울 수 있어?,60일,하나카드:20933
결제일 안내/변경/취소,결제일을 바꾸면 자동 이체는 두 달 치가 청구될 수도 있나요?,"예, 이용 기간에 따라 그럴 수도 있습니다.",하나카드:20933
이용내역 안내,교통카드 기능은 카드에 서비스로 등록된 거지?,응.,하나카드:20931
결제계좌 안내/변경,새로 발급한 카드는 모든 국가에서 사용할 수 있어?,아니.,하나카드:20937
결제대금 안내,카드가 체크 카드인 경우에도 교통 요금 청구 메시지가 발송됩니까?,예.,하나카드:20939
"정부지원 바우처 (등유, 임신 등)",왜 연체 금액을 납부해야 카드 기능이 복원돼?,신용 기능이 복원되기 때문에,하나카드:20943
"정부지원 바우처 (등유, 임신 등)",카드 재발급 요청을 하면 새 카드를 받을 수 있어?,응.,하나카드:20943
가상계좌 예약/취소,가상계좌로 결제하면 즉시 금액이 복원돼?,응.,하나카드:20942
"정부지원 바우처 (등유, 임신 등)",해당 카드로 바우처 포인트를 사용해 결제할 경우 할인된 금액으로 결제가 진행돼?,"아니, 할인 전 금액으로 결제가 돼.",하나카드:20950
이용방법 안내,체크카드는 해외에서도 동일한 결제 방식으로 사용됩니까?,예.,하나카드:20945
이용내역 안내,렌탈 요금 자동 이체를 신청해야 카드 할인 혜택을 받을 수 있나요?,예.,하나카드:20940
"정부지원 바우처 (등유, 임신 등)",교육 급여 바우처로 결제한 학원비의 할인 한도는 얼마인가?,월 최대 정해진 금액,하나카드:20950
프리미엄 바우처 안내/발급,신세계 상품권 교환은 신세계 백화점에서도 가능한가요?,"아니요, 이마트에서만 교환이 가능합니다.",하나카드:20949
이용내역 안내,이메일이나 팩스를 통해 해당 카드 이용 세부 내역을 확인하려면 카드 사용 후 며칠 이후에 신청해야 돼?,1일에서 2일,하나카드:20953
결제대금 안내,할부 이자 청구 금액이 이전과 다른 이유는 무엇인가?,날짜 계산에 따른 수수료 청구 기간이 달라져서,하나카드:20956
승인취소/매출취소 안내,취소 영수증이 매입되면 다음 날 취소 문자를 발송하나요?,"예, 취소 영수증이 매입되면 다음 날 취소 문자를 발송합니다.",하나카드:20965
서비스 이용방법 안내,전월 실적이 일정 금액 이상일 때 할인받을 수 있는 최대 렌탈 요금 할인 금액은 얼마인가요?,월 일정 금액까지 할인,하나카드:20962
가상계좌 안내,가상계좌로 입금하면 카드 정지가 즉시 해제될 수 있나요?,"예, 정지는 바로 해지 가능합니다.",하나카드:20961
청구지 안내/변경,해당 유엘알에 접속해 동의할 경우 카드 이용 내역서를 문자로 받아 볼 수 있어?,응.,하나카드:20951
안심클릭/▲▲페이/기타페이 안내,어플 삭제 시 기존 아이디를 따로 삭제하지 않고 재가입만 진행하면 돼?,응.,하나카드:20957
이용내역 안내,당일 새벽에 무엇에 대한 이용 요금이 출금된거야?,240번 버스,하나카드:20975
프리미엄 바우처 안내/발급,해당 상품권은 이마트 매장에서 교환이 가능해?,응.,하나카드:20979
단기카드대출 안내/실행,"이번 달 해당 금액을 결제할 경우, 다음 달에는 청구되는 금액이 없어?",아니.,하나카드:20983
도난/분실 신청/해제,분실 해제 직후부터 후불 교통카드 기능을 바로 사용할 수 있나요?,"아니요, 후불 교통카드 기능은 평일 기준 3, 4일 후에 이용할 수 있습니다.",하나카드:20994
가상계좌 안내,미납금을 납부하면 해당 카드를 다시 사용할 수 있어?,응.,하나카드:21000
한도상향 접수/처리,왜 카드에서 환급금이 발생했나요?,손님의 카드가 해지되면서 미리 납부된 연회비를 환급하게 되었습니다.,하나카드:21008
승인취소/매출취소 안내,결제 취소가 지연되는 이유는 무엇인가요?,홈쇼핑과 카드사 간 전산 처리 시간 차이로 인해 취소 처리가 바로 이루어지지 않았기 때문입니다.,하나카드:21007
매출구분 변경,매출 전표가 매입되면 바로 청구됩니까?,"예, 매입되면 청구 작업이 진행됩니다.",하나카드:21009
이용내역 안내,카드 할인 혜택의 최대 할인 금액은 얼마인가요?,최대 할인 금액은 카드당 정해진 한도입니다.,하나카드:21002
승인취소/매출취소 안내,왜 홈쇼핑 결제 취소가 카드사에 반영되지 않았나요?,전표가 아직 카드사의 전산 시스템에 들어오지 않았기 때문에 결제 취소가 카드사에 반영되지 않았습니다.,하나카드:21007
한도상향 접수/처리,할부 한도는 일시불 한도에 포함되나요?,네.,하나카드:21008
교육비,스쿨뱅킹 납부를 위해 신용카드만 사용할 수 있나요?,"아니요, 스쿨뱅킹 납부를 위해 신용카드나 체크카드를 선택할 수 있습니다.",하나카드:21010
교육비,"자녀가 초등학생인 경우, 스쿨뱅킹 신청 절차는 어떻게 되나요?","초등학생 자녀의 스쿨뱅킹 신청 시, 학생 식별번호를 제공한 후 자동 납부를 설정할 신용카드나 체크카드를 선택하면 됩니다.",하나카드:21010
선결제/즉시출금,카드와 연결되어 있지 않은 계좌에서 출금하려면 예금주의 동의를 얻는 절차를 거쳐야 하나요?,"네, ARS를 통해 동의를 얻어야 합니다.",하나카드:21022
한도상향 접수/처리,카드 한도 상향을 위한 심사에서 유리한 결과를 얻으려면 특정 은행 예적금 외에 무엇이 있어야 해?,정확한 소득 정보가 있어야 한다.,하나카드:21027
이용방법 안내,리볼빙 서비스를 이용하는 것만으로도 신용상 문제가 발생하게 돼?,"아니, 결제만 100% 이루어진다면 신용에 문제가 생기지는 않아.",하나카드:21049
이용내역 안내,SMS 안내 서비스 가입 시 이전에 사용하였던 내역도 다시 문자로 받아볼 수 있어?,"아니, 이전에 사용한 내역은 다시 발송되지 않아.",하나카드:21051
도난/분실 신청/해제,7월 14일에 김밥천국에서 카드를 사용한 것은 누구였어?,고객의 남편이었습니다.,하나카드:21046
연회비 안내,국내 이용 금액에 따른 마일리지 적립률은 1.6 마일리지가 맞나요?,"예, 이용 금액에 따라 1.6 마일리지가 적립됩니다.",하나카드:21048
이용내역 안내,SMS 안내 서비스의 이용 대금은 포인트가 있을 시 포인트에서 우선적으로 차감되나요?,"네, 300포인트가 먼저 차감됩니다.",하나카드:21051
한도상향 접수/처리,체크 카드의 경우 한도가 아예 존재하지 않나요?,"아니요, 월간 한도 등이 존재합니다.",하나카드:21060
선결제/즉시출금,일회성 출금 시 기존 결제 계좌를 비워 두어야 하는 이유는 무엇일까요?,기존 계좌에 잔액이 남아 있으면 자동이체와 일회성 출금이 동시에 발생할 수 있어 이중으로 출금 될 수 있습니다.,하나카드:21069
승인취소/매출취소 안내,환불 계좌를 따로 설정해야 하나요?,"아니요, 취소된 금액은 손님의 은행 계좌로 환불될 예정입니다.",하나카드:21079
연회비 안내,해지한 카드의 발급비는 얼마인가?,발급비 원,하나카드:21080
결제대금 안내,체크카드로 결제할 때는 원화가 충전되어 있어야 해?,응.,하나카드:21094
승인취소/매출취소 안내,환불은 시간이 얼마나 걸릴 예정인가요?,환불은 취소가 반영된 다음 날 오전이나 늦어도 오후 중에 처리될 예정입니다.,하나카드:21079
승인취소/매출취소 안내,선결제 금액의 환불 과정에서 중요한 절차는 무엇인가요?,취소된 금액이 카드사 전산에 반영된 이후에 환불이 진행됩니다.,하나카드:21079
단기카드대출 안내/실행,단기 카드 대출에 대한 이율이 얼마지?,19.6퍼센트야.,하나카드:21084
가상계좌 안내,왜 결제 후에 결제계좌에 잔고를 비워둬야 해?,이중 출금이 될 수 있기 때문이야.,하나카드:21085
교육비,스쿨뱅킹 등록이 완료되려면 얼마 정도 시간이 걸린다고 해?,30분 정도,하나카드:21091
이용내역 안내,해외 체크카드 사용 내역이 확정되는 데 보통 얼마나 걸리나요?,"평일 기준 2, 3일 내",하나카드:21099
이용방법 안내,오픈뱅킹 서비스를 통해 송금이 가능한가?,"예, 송금이 가능한 서비스입니다.",하나카드:21092
소득공제 확인서/종합소득세 안내,최근 결제 취소 후 카드 한도가 즉시 복원되었나요?,예.,하나카드:21096
이용방법 안내,카드번호를 앱에서 확인하려면 비밀번호 인증이 필요해?,응.,하나카드:21086
결제대금 안내,체크카드 잔고 부족 시 대신 결제된 카드는 무엇인가?,신용카드,하나카드:21094
선결제/즉시출금,카드 결제 계좌 번호를 바꾼 당일에 변경된 계좌로 결제가 가능하니?,아니.,하나카드:21101
이용내역 안내,해외에서 결제한 카드의 결제 방법을 변경할 수 있니?,"응, 해외에서 사용한 전표가 매입된 후 절차를 거쳐 변경 가능해.",하나카드:21111
승인취소/매출취소 안내,결제 취소 금액과 환불금액이 서로 다른 것은 수수료로 빠졌기 때문이야?,아니.,하나카드:21119
교육비,스쿨뱅킹을 등록하려면 자녀의 번호를 알고 있어야 해?,응.,하나카드:21091
승인취소/매출취소 안내,반품된 상품의 결제 금액은 어떻게 처리될 예정인가?,취소된 금액을 제외하고 더 적은 금액으로 결제,하나카드:21103
이용내역 안내,사망한 회원의 상속인은 누구와 어떤 관계인가?,딸,하나카드:21106
결제대금 안내,이번 달 카드 대금과 단기 카드 대출 현금 서비스를 합한 총 결제 금액은 얼마인가?,총 결제 금액은 청구된 금액,하나카드:21129
승인취소/매출취소 안내,해외 결제 취소 건의 경우 금액 반영에 최대 얼마나 소요될 수 있나요?,한 달,하나카드:21132
도난/분실 신청/해제,카드 분실 정지 처리가 끝나도 재발급 카드를 바로 쓸 수는 없는 건가요?,네.,하나카드:21133
연체대금 안내,연체 상태에서 시간이 지나면 다른 회사로 정보가 공유되지?,응.,하나카드:21146
도난/분실 신청/해제,자동 이체가 연결되어 있는 카드를 분실하여 카드 번호가 바뀌었을 때 생길 수 있는 일이 뭐죠?,보유 중인 카드 중 하나로 청구될 수 있어요.,하나카드:21133
매출구분 변경,가맹점의 거래 전표가 카드사에 접수되는 데 보통 며칠이 걸리지?,"평일 기준 한 2, 3일 정도 걸려.",하나카드:21142
결제일 안내/변경,카드 요금 청구 작업일 이후에 25일 결제액을 확인할 수 있나요?,네.,하나카드:21141
프리미엄 바우처 안내/발급,카드 이용 실적을 채우지 못하면 라운지를 이용할 수 없나요?,네.,하나카드:21148
선결제/즉시출금,"여러 건의 카드 대출 서비스를 받은 경우, 건별 선결제도 가능해?","응, 가능해.",하나카드:21164
이벤트 안내,실물 카드가 오기 전에 앱으로 결제하려면 먼저 뭘 해야 해?,앱에 선등록을 해야 해.,하나카드:21147
한도 안내,카드 사용자가 할부 금액을 납부하면 총 사용 한도는 그만큼 복원돼?,"응, 맞아.",하나카드:21162
승인취소/매출취소 안내,카드 결제 취소 후 환급 처리가 완료되는 기간은 며칠 정도 소요되나요?,평일 기준 5일에서 7일,하나카드:21176
결제일 안내/변경/취소,변경한 결제일에 대한 이용 기간은 문자로 받아볼 수 있어?,응.,하나카드:21190
선결제/즉시출금,카드 대출 서비스 선결제 시 원금과 함께 출금되는 건 뭐야?,선결제일까지 발생한 이자,하나카드:21164
서비스 이용방법 안내,무이자 할부 시 실적 인정에서 제외되는 대표적인 결제 항목은 무엇인가?,"공과금, 보험료, 등록금, 상품권, 선불카드 충전",하나카드:21170
서비스 이용방법 안내,무이자 할부는 카드사 실적에 포함이 가능해?,응.,하나카드:21170
선결제/즉시출금,대출 받은 금액을 어떻게 선결제할 수 있나요?,카드 출금 처리로 선결제 가능,하나카드:21164
포인트/마일리지 안내,카드의 누적 금액은 포인트가 아닌 결제 예정 금액인가요?,예.,하나카드:21173
결제일 안내/변경/취소,단기 카드 대출 금액이 있다면 이용 기간에 따라 어떻게 될 수 있어?,두 달분이 청구될 수 있어.,하나카드:21190
이용방법 안내,핸드폰 매장에서는 카드 번호를 어떻게 받는 것도 가능하다고 알려줬어?,임시로,하나카드:21192
결제대금 안내,리볼빙 금액은 수수료를 포함한 금액으로 납부되었나요?,예.,하나카드:21184
이용내역 안내,카드 승인 금액과 가맹점 매입 금액은 다른 거야?,응.,하나카드:21182
가상계좌 안내,통장 잔고가 남아 있으면 카드사가 대금을 추가로 출금해 갈 수도 있어?,응.,하나카드:21205
이용내역 안내,카드사는 모든 자동이체 내역을 확인할 수 있나요?,"아니요, 세금 관련 자동이체는 확인할 수 없습니다.",하나카드:21201
가상계좌 안내,가상계좌에 예약하지 않고 밤 11시 30분이 지나서 입금하면 어떻게 돼?,"결제가 처리될 수도 있고, 처리되지 않을 수도 있어.",하나카드:21205
이용내역 안내,왜 OTT 서비스는 자동으로 승계되지 않나요?,OTT 서비스는 카드사와 완전한 제휴가 이루어지지 않아서 승계되지 않습니다.,하나카드:21209
이용내역 안내,쿠팡 자동결제는 재발급 카드로 승계되나요?,아니요.,하나카드:21209
교육비,카드를 재발급하면 카드 번호가 바뀌게 돼?,응.,하나카드:21202
한도상향 접수/처리,특별 한도는 앱에서도 등록할 수 있어?,응.,하나카드:21212
결제계좌 안내/변경,몇 월에 납부할 대금부터 변경된 계좌에서 결제하게 돼?,12월에 납부할 대금부터 변경된 계좌에서 결제가 이뤄져.,하나카드:21203
선결제/즉시출금,상환 시 결제 수수료가 포함되었나요?,예.,하나카드:21227
이용내역 안내,카드 재발급 시 자동으로 승계되지 않는 자동결제 서비스는 무엇인가?,"넷플릭스, 쿠팡",하나카드:21209
이용내역 안내,카드 명세서에 나온 할부금은 얼마야?,45만 원,하나카드:21219
한도 안내,신용카드 한도는 개인이 가지고 있는 카드마다 따로 부여되는 거지?,"아니, 개인의 주민 번호 당 부여되는 거야.",하나카드:21253
선결제/즉시출금,카드 결제 예정 금액과 실제 청구 금액은 달라질 수 있니?,응.,하나카드:21228
이용내역 안내,전표를 보면 무이자가 적용되었는지 어떻게 알 수 있니?,결제 이용 내역을 확인할 수 있기 때문에 가능해.,하나카드:21229
선결제/즉시출금,카드 결제 금액 확정 전이라도 일부 금액을 선결제할 수 있어?,응.,하나카드:21226
이용내역 안내,카드사 앱을 통해서도 무이자 할부 적용 여부를 알 수 있는 거야?,응.,하나카드:21229
이용내역 안내,무이자 할부가 적용되었는지 정확히 알려면 무엇이 필요해?,전표가 매입되어야 무이자 적용 여부를 알 수 있어.,하나카드:21229
이용내역 안내,병원에서 결제한 부분에 대해 무이자 할부 이벤트는 적용돼?,응.,하나카드:21237
결제계좌 안내/변경,핸드폰 요금 할인을 받으려면 어떻게 해야 하나요?,전월 실적으로 일정 금액 이상 사용,하나카드:21230
선결제/즉시출금,카드 대금을 선결제하면 카드 사용 한도가 복원되지?,응.,하나카드:21248
연체대금 즉시출금,카드 결제가 연체되면 연체 수수료가 발생하니?,응.,하나카드:21242
선결제/즉시출금,즉시 출금과 동시에 자동 이체로 이중 츨금이 될 경우에는 어떻게 되니?,익영업일에 결제 계좌로 환급이 돼.,하나카드:21243
선결제/즉시출금,신청했던 카드론을 무르고 싶으면 이용 금액을 다 갚아야겠지?,응.,하나카드:21252
이용내역 안내,병원 결제 시 무이자 할부를 적용받을 수 있는 조건은 어떻게 되나요?,종합병원이나 일반병원에서 특정 개월 할부 이용 시,하나카드:21237
선결제/즉시출금,카드 결제를 어떻게 할 수 있나요?,전화 또는 카드 앱에서 전액 선결제 가능,하나카드:21248
선결제/즉시출금,할부금을 일시 상환할 때는 반드시 등록되어 있는 은행 계좌에서만 출금이 가능하지?,"아니, 본인 명의의 다른 은행 계좌도 가능해.",하나카드:21250
결제대금 안내,상담하고 있는 카드 회사의 경우 종합 병원 결제 시 할부가 가능하니?,응.,하나카드:21240
오토할부/오토캐쉬백 안내/신청/취소,환급 처리에 얼마나 시간이 걸려?,보통 1시간에서 2시간 정도 소요돼.,하나카드:21271
가상계좌 안내,카드 대금 선결제 시 다른 카드로 결제할 수 있지?,"아니, 현금 입금만 가능해.",하나카드:21254
선결제/즉시출금,대출 상환 출금 시 지정 결제 계좌가 아닌 다른 계좌에서 출금할 때 필요한 절차는 무엇이니?,증빙 녹취 절차,하나카드:21256
승인취소/매출취소 안내,결제일 이후 취소된 거래는 환불 처리되나요?,예.,하나카드:21269
이벤트 안내,추가 할인 프로모션 혜택을 받기 위해 무엇을 해야 해?,"카드 수령 후 엘지유플러스 통신 요금 자동 이체를 등록해야 하고, 전월 실적을 충족해야 해.",하나카드:21268
이용내역 안내,결제 취소 전표의 도착 시점에 따라 결제 처리는 어떻게 달라져?,"결제일 전에 취소 전표가 도착하면 결제가 되지 않지만, 그 이후에 도착하면 일단 결제되고 나중에 환급돼.",하나카드:21277
이벤트 안내,할인 혜택은 어떻게 구성되어 있어?,기본 할인과 추가 할인으로 구성되어 있어.,하나카드:21268
승인취소/매출취소 안내,왜 취소된 거래의 환불 처리에 시간이 걸리나요?,취소된 거래의 전표가 반영되는데 2~3일이 소요되기 때문입니다.,하나카드:21269
이용내역 안내,새 카드에 교통 기능이 있어?,응.,하나카드:21273
한도상향 접수/처리,한도 상향을 원한 사람은 누구지?,신용카드를 사용 중인 고객,하나카드:21266
한도상향 접수/처리,왜 해당 은행 거래 여부를 물어봤어?,심사에 유리할 수 있기 때문이야.,하나카드:21272
이용내역 안내,기존 카드는 어떻게 처리돼?,"기존 카드는 교체 발급으로 인해 자동으로 해지되며, 고객이 직접 잘라서 폐기해야 해.",하나카드:21273
한도상향 접수/처리,심사 접수를 위해 필요한 동의는 무엇이야?,신용정보 조회 동의,하나카드:21272
금리인하요구권 안내/신청,금리 인하 요구 시 신용 평점 등 여러 요인을 고려하여 심사하나요?,"예, 내부 심의 결과를 바탕으로 금리 인하 여부를 결정합니다.",하나카드:21284
금리인하요구권 안내/신청,매월 적용되는 이율은 무엇으로 안내돼?,문자 발송으로 안내하고 있어.,하나카드:21284
이벤트 안내,카드 할인 혜택을 받기 위해 자동이체 등록이 필요해?,응.,하나카드:21268
긴급 배송 신청,배송사에서 배송이 지연될 수 있는 이유는 뭐야?,물량이 많아서이다.,하나카드:21292
도난/분실 신청/해제,카드 분실 해지는 어떻게 할 수 있나요?,"카드를 소지하고 있을 때는 상담원을 통해, 카드번호만 알고 있을 때는 ARS나 앱으로 분실 해지",하나카드:21287
결제일 안내/변경/취소,"SMS 서비스 비용 1,500원은 무조건 현금으로 청구돼?","아니, 포인트가 있으면 포인트에서 먼저 차감돼.",하나카드:21293
포인트/마일리지 안내,카드 포인트를 현금으로 돌려받을 수 있나요?,네.,하나카드:21282
결제일 안내/변경,결제일을 마음대로 변경할 수 있나요?,"네, 원하는 날짜로 변경할 수 있어요.",하나카드:21286
금리인하요구권 안내/신청,금리 인하 여부는 어떻게 결정돼?,신용 평점 등 여러 요인을 종합적으로 고려한 내부 심의 결과를 바탕으로 결정돼.,하나카드:21284
긴급 배송 신청,카드사는 배송 직원한테 배송지에 도착하기 전해 미리 문자를 보내라고 요청해?,"아니, 미리 전화하라고 요청해.",하나카드:21292
승인취소/매출취소 안내,승인 번호로 취소 가능 여부를 확인할 수 있는 사람은 누구인가요?,해당 가맹점 카드사 상담 담당자,하나카드:21301
결제일 안내/변경/취소,왜 결제일을 변경해도 기존 이용한 금액이 변경한 결제일에 청구되지 않을 수도 있어?,변경된 결제일이 5월부터 반영되기 때문이다.,하나카드:21306
승인취소/매출취소 안내,신용카드로 결제한 상품의 취소 처리는 어떻게 진행되었나요?,결제일 전에 취소되어 바로 취소 반영됩니다.,하나카드:21315
이벤트 안내,아파트 관리비도 해당 카드의 실적에 들어가?,"아니, 안 들어가.",하나카드:21307
이용내역 안내,해외 결제 건의 매출 전표가 아직 접수되지 않았나요?,"네, 아직 매출 전표가 접수되지 않았습니다.",하나카드:21320
단기카드대출 안내/실행,보이스피싱과 관련된 의심스러운 연락을 받은 적이 있나요?,"아니요, 그런 연락을 받은 적이 없습니다.",하나카드:21305
승인취소/매출취소 안내,취소된 금액은 카드 대금 청구 시 제외되나요?,"예, 취소된 금액은 카드 대금 청구 시 제외되고 한도로 복원됩니다.",하나카드:21309
이벤트 안내,카드사에서 조회해 볼 수 있는 자동이체 신청 내역에는 뭐가 있어?,"관리비, 도시가스, 전기 요금이 있어.",하나카드:21307
신용공여기간 안내,이 상담이 이뤄진 건 몇 월이야?,4월,하나카드:21314
이용내역 안내,카드사에서 결제 건 관련 메시지를 발송하고 있는 수단은 문자 외에 무엇이 있어?,알림톡,하나카드:21311
이벤트 안내,학원 업종에 특별한 무이자 할부 이벤트가 진행 중인가?,"아니요, 부분 무이자 이벤트만 진행 중입니다.",하나카드:21299
일부결제대금이월약정 해지,미매입으로 인한 추후 초과 출금 대상에는 후불 교통 이용 내역도 포함되지?,응.,하나카드:21318
선결제/즉시출금,어떻게 한도가 조정되었어?,원금만큼 복원,하나카드:21345
도난/분실 신청/해제,체크카드를 재발급받을 때 내는 수수료는 얼마야?,"2,000원",하나카드:21324
이용내역 안내,해외 결제 시 체크카드로 결제하면 결제 시점과 매입 시점에 따라 문자 알림이 두 번 발송될 수 있나?,"예, 결제 시점과 출금 시점에 따라 두 번의 문자 알림이 발송될 수 있습니다.",하나카드:21311
이용내역 안내,왜 결제 취소 후 바로 한도가 복구되지 않나요?,매입 영수증이 시스템으로 넘어와야 하기 때문,하나카드:21316
도난/분실 신청/해제,재발급되는 카드는 가족이 대신 받을 수 있어?,응.,하나카드:21324
선결제/즉시출금,타행의 결제 계좌로 3번 이상 선결제할 수 있어?,아니.,하나카드:21332
결제대금 안내,7월에 결제할 금액도 모두 결제가 된 상태야?,아니.,하나카드:21328
이용내역 안내,왜 관리비가 정상 승인되지 않았어?,카드의 한도가 초과하여 관리비가 승인되지 않았다.,하나카드:21339
결제일 안내/변경/취소,결제일 변경 후 일정 기간 재변경이 불가능해?,응.,하나카드:21343
선결제/즉시출금,결제 계좌가 타행일 때 선결제는 어떻게 제한되나요?,3번에 한해서만 가능,하나카드:21332
도난/분실 신청/해제,현재 소지한 체크카드는 정상 사용할 수 있어?,응.,하나카드:21347
선결제/즉시출금,왜 리볼빙 이월 금액이 변동되는거야?,리볼빙 이월 금액은 매월 말 청구된 항목이 포함되지 않기 때문에 변동될 수 있다.,하나카드:21341
도난/분실 신청/해제,기업 체크카드는 분실하지 않은 거야?,응.,하나카드:21348
선결제/즉시출금,이중 출금이 발생할 가능성이 있어?,응.,하나카드:21346
승인취소/매출취소 안내,카드 취소 처리 후 정상적인 취소 확정까지 평균적으로 걸리는 시간은 얼마나 되나요?,평일 기준 3일 정도,하나카드:21357
승인취소/매출취소 안내,왜 환불이 필요 없어?,"취소된 금액은 이미 청구서에서 제외되었고, 통장에서 출금되지 않았기 때문에 환불이 필요 없어.",하나카드:21350
선결제/즉시출금,이번 달 현금 서비스 금액 결제는 모두 완료된 거야?,응.,하나카드:21351
도난/분실 신청/해제,카드 분실 신고는 정상적으로 처리되었어?,응.,하나카드:21349
결제일 안내/변경/취소,현금서비스와 카드 장기대출에도 변경된 결제일이 적용돼?,"아니, 청구 방식이 다를 수 있어.",하나카드:21343
결제계좌 안내/변경,체크카드 결제 계좌는 어떻게 변경할 수 있나요?,결제일 전 영업일까지 변경 가능,하나카드:21356
선결제/즉시출금,왜 결제 계좌의 잔고를 비워두어야 해?,추가 출금이 될 수 있기 때문이야.,하나카드:21355
"정부지원 바우처 (등유, 임신 등)",교육 바우처 지원금을 다른 사람의 통장으로 양도 가능한가요?,아니요.,하나카드:21379
이용내역 안내,미납된 임대료는 어떻게 해결해야 하나요?,엘에이치공사에 직접 연락하여 별도 납부,하나카드:21373
"정부지원 바우처 (등유, 임신 등)",교육 급여 바우처를 성인용품 구매에 사용할 수 있나요?,아니요.,하나카드:21369
"정부지원 바우처 (등유, 임신 등)",교육 바우처로 사용할 수 없는 업종은 무엇인가?,"사행성 업종, 귀금속 구매",하나카드:21374
이용방법 안내,앱결제 시 주어지는 PC 인증 코드는 5자리야?,"아니, 인증 코드는 일곱 자리로 되어있어.",하나카드:21407
선결제/즉시출금,이번 달 청구 금액에 포함되지 않은 결제 영수증은 총 몇 건이야?,5건,하나카드:21387
선결제/즉시출금,포인트를 현금으로 전환하면 이후에 다시 포인트로 복원할 수 있나요?,아니요.,하나카드:21386
일부결제대금이월약정 해지,카드를 해지하면 납부했던 연회비가 환불 되나요?,"네, 남은 기간에 대한 연회비가 환불 돼요.",하나카드:21394
"정부지원 바우처 (등유, 임신 등)",교육 급여 바우처 사용 시 앱에서 확인할 수 있는 내용은 무엇인가?,이용 내역,하나카드:21384
"정부지원 바우처 (등유, 임신 등)",교육 급여 바우처의 사용처가 작년이랑 달라졌어?,아니.,하나카드:21384
한도상향 접수/처리,공공 마이데이터 서비스는 신용 정보를 조회하기 위한 거야?,"아니, 소득 정보를 확인하기 위한 거야.",하나카드:21400
"정부지원 바우처 (등유, 임신 등)",교육 급여 바우처의 사용 가능 여부를 단언할 수 없는 이유는 뭐야?,해당 점포가 어떤 업종으로 등록하고 있는지에 따라 달라지기 때문이야.,하나카드:21406
한도상향 접수/처리,한도 심사는 일주일씩 걸리기도 해?,아니.,하나카드:21404
"정부지원 바우처 (등유, 임신 등)",중고등학생이 들어갈 수 없는 책방에서 교육 급여 바우처를 쓸 수 있을까?,아니.,하나카드:21406
한도상향 접수/처리,카드사가 한도 심사 시 살펴보는 소득의 종류는 뭐야?,"사업 소득, 근로 소득",하나카드:21398
도난/분실 신청/해제,분실된 카드는 어떻게 해제할 수 있었나요?,"본인 인증 절차(휴대폰 번호, 생년월일, 카드 정보 확인)를 통해",하나카드:21409
결제계좌 안내/변경,계좌 변경 시 한도 복원 방식이 타은행과 기존 은행의 차이점은 무엇인가?,"기존 은행은 결제일 즉시 한도 복원, 타은행은 다음 날 저녁에 반영되어 그다음 날 복원",하나카드:21399
이용방법 안내,대한항공 결제 시 페이 앱에서 결제 코드를 확인할 수 있는 메뉴 위치는 어떻게 되나요?,앱 하단의 결제 버튼(초록색),하나카드:21407
일부결제대금이월약정 안내,약정 청구 금액이 미납되었기 때문에 문자가 온 거야?,아니.,하나카드:21412
"정부지원 바우처 (등유, 임신 등)",교육 급여 바우처는 주로 어떤 목적으로 사용되는 카드인가요?,교육 활동 지원비,하나카드:21406
프리미엄 바우처 안내/발급,교육 급여 바우처로 사용할 수 없는 대표적인 장소는 무엇인가?,"유흥 주점, 면세사업, 온라인 게임, 오락실, 노래방, 사우나",하나카드:21414
이용내역 안내,팩스로 이용 명세서를 받기까지 몇 분 정도 걸릴 수 있어?,30분,하나카드:21411
프리미엄 바우처 안내/발급,교육 급여 바우처로 온라인에서 문화상품권을 구매할 수 있어?,아니.,하나카드:21414
이용내역 안내,이용 내역은 이자가 반영된 금액으로 나와?,아니.,하나카드:21413
일부결제대금이월약정 안내,"이월된 금액과 새로 사용한 금액이 총 400만 원이라면, 리볼빙 약정에 따라 얼마나 청구돼?",120만 원,하나카드:21415
선결제/즉시출금,승인 내역 문자 알림 서비스 이용 요금을 포인트로 결제하려면 포인트가 얼마가 있어야 해?,300 포인트 이상 있어야 해.,하나카드:21422
한도상향 접수/처리,무슨 한도를 상향할 때는 카드사의 심사가 필요 없어?,일시 한도,하나카드:21444
일부결제대금이월약정 안내,약정 기간을 바꾸면 일정 기간 동안 재변경이 어려워?,"아니, 언제든 변경하거나 해지할 수 있어.",하나카드:21415
"정부지원 바우처 (등유, 임신 등)",교육 급여 바우처를 옷 가게에서 사용할 수 있어?,응.,하나카드:21435
선결제/즉시출금,카드론에 대한 부분 수납이 결제 계좌에서 이루어졌어?,"아니, 다른 계좌에서 출금했어.",하나카드:21424
"정부지원 바우처 (등유, 임신 등)",교육 급여 바우처는 전 가맹점에서 사용할 수 있어?,"아니, 사용 가능한 업종이 따로 있어.",하나카드:21428
일부결제대금이월약정 안내,리볼빙 서비스 사용 시 카드 결제 대금으로 청구되는 비율은 얼마인가?,20%,하나카드:21431
"정부지원 바우처 (등유, 임신 등)",교육 바우처는 음식점에서도 사용할 수 있지?,응.,하나카드:21443
한도상향 접수/처리,해외에서 이 카드 사용이 완전히 가능한가요?,"예, 해외 사용은 가능하지만 일부 국가에서는 사용 제한될 수 있습니다.",하나카드:21456
이용내역 안내,카드 매출 접수가 일반적으로 며칠 정도 소요될 수 있나요?,"2, 3일",하나카드:21433
이용내역 안내,결제 취소 전표 확인에 보통 얼마나 걸리나요?,평일 기준 2-3일,하나카드:21438
이용내역 안내,후불 교통 요금을 체크 카드로 결제하면 즉시 출금되지?,"아니, 카드사가 합산해서 결제일에 청구해.",하나카드:21448
결제일 안내/변경/취소,결제일 변경에 대한 운영 방식은 모든 카드사가 동일하지?,"아니, 다를 수 있어.",하나카드:21441
이용내역 안내,후불 교통 이용 시 결제되는 금액은 무엇을 기준으로 청구되나요?,버스나 지하철 이용 금액의 합산,하나카드:21448
일부결제대금이월약정 해지,리볼빙 서비스를 해지해도 다음에 재등록할 때 별다른 불이익은 없지?,"아니, 재등록이 불가능할 수도 있어.",하나카드:21449
"정부지원 바우처 (등유, 임신 등)",교육 바우처로 사용할 수 없는 업종은 무엇인가?,"유흥 업소, 단란주점, 피씨방, 오락실, 당구장, 골프장, 헬스클럽, 생명 보험",하나카드:21443
이벤트 안내,통신비 할인을 받기 위해 충족해야 할 조건은 무엇인가요?,"카드 자동 이체 연결을 해야 하며, 일정 금액 이상 실적이 있어야 합니다.",하나카드:21462
이벤트 안내,캐시백 혜택을 산정할 때 무슨 금액을 기준으로 결정되나요?,고객이 실질적으로 카드 승인한 금액을 기준으로 결정돼요.,하나카드:21454
이용내역 안내,리볼빙 서비스에서 월별 청구되는 금액의 비율은 얼마야?,25%,하나카드:21450
연체대금 즉시출금,카드 연체 금액을 결제할 때 이중 출금을 방지하기 위해 어떻게 해야 하나요?,결제 계좌의 잔고를 비워두어야 함,하나카드:21453
이용내역 안내,리볼빙 서비스는 일시불로 이용한 금액에서 일부 결제하고 다음 달로 이월하는 거지?,응.,하나카드:21450
프리미엄 바우처 안내/발급,신세계 상품권 교환권은 어떻게 신청할 수 있나요?,고객 센터를 통해 본인 확인 후 신청 가능,하나카드:21485
결제일 안내/변경/취소,결제일 변경 후 60일이 지나지 않아도 재변경이 가능해?,아니.,하나카드:21468
심사 진행사항 안내,재직 증명서는 어떤 경로로 제출해야 하나요?,팩스나 이메일로 발송 처리,하나카드:21452
이벤트 안내,과거 카드 사용 실적이 통신비 할인 혜택에 영향을 미치나요?,아니요.,하나카드:21462
이벤트 안내,카드 캐시백은 청구금액이 아니라 실제 승인 금액을 기준으로 지급되나요?,"예, 카드 캐시백은 실제 승인 금액을 기준으로 지급됩니다.",하나카드:21454
"정부지원 바우처 (등유, 임신 등)",체크카드로 바우처 잔액과 계좌 잔액을 함께 사용하는 것이 가능한가요?,"네, 가능합니다.",하나카드:21458
한도상향 접수/처리,공공 마이 데이터라는 서비스를 이용하는 데는 추가로 서류를 제출하지 않아도 되지?,응.,하나카드:21451
프리미엄 바우처 안내/발급,저번 달에 카드를 받았으면 여덟 달 안에 신청해야 바우처를 등록할 할 수 있어?,아니.,하나카드:21467
이용내역 안내,해외 대중교통 이용 시 결제가 되는 방식은 어떻게 진행되나요?,실시간이 아니라 나중에 일괄적으로 결제됩니다.,하나카드:21507
매출구분 변경,이 매출 건은 무이자 할부인가요?,아니요.,하나카드:21478
매출구분 변경,무이자 할부로 변경하려면 어떻게 해야 하나요?,무이자 혜택을 받으려면 가맹점에서 취소 후 재결제해야 해요.,하나카드:21459
선결제/즉시출금,카드 한도를 등록하려면 무엇을 제출해야 해?,소득 증빙 서류,하나카드:21472
프리미엄 바우처 안내/발급,해당 카드를 발급한 해에 어떻게 카드를 사용하면 바우처를 받을 수 있어?,80만 원 이상 결제하면 바우처를 받을 수 있어.,하나카드:21485
"정부지원 바우처 (등유, 임신 등)",교육 급여 바우처로 헬스장이나 당구장에서 결제할 수 있나?,"아니요, 헬스장, 당구장, 오락실, 노래방 등은 사용이 제한됩니다.",하나카드:21475
가상 계좌 안내,계좌에서 이중 출금이 안되게 하려면 어떻게 해야 하지?,오늘 하루 동안 통장 잔고를 비워두어야 해.,하나카드:21482
선결제/즉시출금,해외에서 사용 가능한 카드에 왜 원화 결제를 차단해 두는 거야?,원화로 결제했을 때 추가 수수료가 발생할 수 있기 때문이야.,하나카드:21508
프리미엄 바우처 안내/발급,신세계 면세점 교환권을 우선 교환권으로 받는다면 사용할 수 있는 기간이 어떻게 돼?,1년 안에 사용하면 돼.,하나카드:21491
도난/분실 신청/해제,분실한 카드를 소지하고 있지 않아도 정지 해제가 가능한가요?,아니요.,하나카드:21501
이용내역 안내,실물 카드가 없을 때 카드사 가맹점 부서에 결제 취소를 요청하려면 뭐가 필요해?,승인 번호,하나카드:21506
한도상향 접수/처리,신용카드의 한도를 상향하기 위해서 필요한 기간이 어떻게 돼?,한 달,하나카드:21504
입금내역 안내,리볼빙 서비스 이용 중에 이월된 금액은 연체금에 포함되는 건가요?,아니요.,하나카드:21499
한도상향 접수/처리,카드의 이용 한도가 부족할 때 승인 영수증의 금액을 선결제하고 나면 추가로 결제 가능해?,"응, 결제한 금액만큼 한도가 복원돼서 추가로 결제할 수 있어.",하나카드:21504
결제일 안내/변경/취소,결제일 변경 시 주의해야 할 사항은 무엇인가?,60일 이내 재변경 어려움,하나카드:21503
교육비,카드 재발급 후 기존 자동결제 신청을 다시 해야 하는 이유는 무엇인가?,카드 정보가 변경되었기 때문에,하나카드:21502
한도상향 접수/처리,공공 마이데이터 서비스에 동의하면 소득 서류를 별도로 제출하지 않아도 돼?,응.,하나카드:21512
"정부지원 바우처 (등유, 임신 등)",성인용품 판매점에서 바우처 카드로 구매할 수 있어?,아니.,하나카드:21513
이벤트 안내,통신 요금 할인 금액은 실적에 따라 달라져?,응.,하나카드:21509
이용내역 안내,할부 실적은 어떻게 인정되나요?,그 달에 전체 금액이 실적으로 인정됩니다.,하나카드:21517
"정부지원 바우처 (등유, 임신 등)",왜 이마트나 홈플러스에서 바우처 카드를 사용할 수 없어?,상품권 사용이 가능한 상품권 업종은 사용이 금지되어 있어.,하나카드:21513
이용내역 안내,3개월 무이자의 경우에 12개월 할부로 하게 되면 3개월은 무이자가 인정돼?,"아니, 3개월 할부로 해야 무이자 혜택을 받을 수 있어.",하나카드:21517
이벤트 안내,할인 혜택을 받기 위해서는 전월 실적이 20만 원이면 돼?,"아니, 30만 원 이상 사용해야 해.",하나카드:21518
결제일 안내/변경/취소,카드 결제일을 변경하면 며칠이 지나야 다시 바꿀 수 있어?,60일,하나카드:21523
프리미엄 바우처 안내/발급,현재 바우처 신청은 전화상으로만 가능해?,응.,하나카드:21522
오토할부/오토캐쉬백 안내/신청/취소,신용 카드는 은행이나 온라인에서 신청할 수 있어?,응.,하나카드:21528
승인취소/매출취소 안내,결제 취소 건은 어떻게 처리되었나요?,정상 취소되어 대금 청구되지 않았어요.,하나카드:21531
오토할부/오토캐쉬백 안내/신청/취소,체크카드로 결제 시 받을 수 있는 캐시백 비율은 얼마인가?,0.8%,하나카드:21528
오토할부/오토캐쉬백 안내/신청/취소,가상 계좌 선입금 방식의 현금 캐시백은 몇 %야?,1.3%,하나카드:21528
일부결제대금이월약정 해지,리볼빙 서비스 해지 후 재가입이 가능한가?,"아니요, 리볼빙 서비스 해지 후 재가입이 어려울 수 있습니다.",하나카드:21526
결제일 안내/변경/취소,결제일을 변경하면 이용 기간에 따라 2개월분이 한 번에 청구될 수 있다고 한 내역이 뭐야?,단기 카드 대출이나 자동이체,하나카드:21536
승인취소/매출취소 안내,카드사에서 결제 취소 내역을 실시간으로 즉시 반영할 수 있나요?,"아니요, 취소 후 3~4일 정도 소요되어 즉시 반영되지 않습니다.",하나카드:21541
프리미엄 바우처 안내/발급,바우처 신청은 현재 어떤 방식으로 진행할 수 있나요?,전화로 신청,하나카드:21522
한도상향 접수/처리,소득 확인을 위해 공공 마이데이터 서비스를 이용할 때 서류를 따로 제출해야 해?,"아니, 제출하지 않아도 돼.",하나카드:21540
승인취소/매출취소 안내,취소된 결제 금액은 청구서에 포함되었나?,"예, 청구서에 취소된 금액이 포함되어 있었습니다.",하나카드:21582
오토할부/오토캐쉬백 안내/신청/취소,체크 카드 사용 전에 무엇을 해야 캐시백 적립을 받을 수 있나요?,이벤트 등록,하나카드:21564
승인취소/매출취소 안내,취소된 금액이 청구서에 포함된 이유는 뭐 때문이지?,청구서가 발행된 후에 취소가 진행되서 그런 거야.,하나카드:21582
결제일 안내/변경/취소,결제일 변경 후 다시 변경할 수 있는 기간은 얼마인가?,60일 이내 불가,하나카드:21585
증명서/확인서 발급,법원 제출용 부채증명서를 발급받을 수 있나요?,"아니요, 법원 제출용 부채증명서는 현재 발급되지 않습니다.",하나카드:21618
한도상향 접수/처리,이 상담에서 개인 사업을 하고 있는 사람은 누구인가?,손님,하나카드:21573
도난/분실 신청/해제,유선상으로 분실 해제를 하려면 무엇을 소지하고 있어야 하나요?,실물 카드를 가지고 있어야 합니다.,하나카드:21612
서비스 이용방법 안내,카드 프로모션 실적 산정에서 제외되는 대표적인 납부 항목은 무엇인가?,"국세, 지방세, 공과금, 수도 전기 요금, 아파트 관리비",하나카드:21624
포인트/마일리지 안내,신용카드 씨브이씨 숫자는 무엇을 말하는 거야?,카드 뒷면 오른쪽 끝 세 자리,하나카드:21622
선결제/즉시출금,해외 이용 내역은 즉시 전표 접수가 되나요?,"아니요, 가맹점마다 차이가 있어 즉시 접수되지 않습니다.",하나카드:21619
서비스 이용방법 안내,개인 보험료는 카드 실적 산정에 포함이 되니?,응.,하나카드:21624
증명서/확인서 발급,부채증명서를 팩스로 받는 데 소요되는 시간은 얼마나 될까?,최대 30분,하나카드:21618
일부결제대금이월약정 해지,카드 해지 후 다시 같은 카드를 발급받을 수 있을까?,"아니요, 다시 심사를 통해서만 발급받을 수 있습니다.",하나카드:21625
"정부지원 바우처 (등유, 임신 등)",바우처를 사용하면 사용내역과 잔액을 무엇으로 확인할 수 있죠?,문자,하나카드:21641
이용내역 안내,결제 내역이 카드사에 매입되었나요?,"아니요, 결제 내역이 카드사에 매입되지 않았습니다.",하나카드:21643
"정부지원 바우처 (등유, 임신 등)",바우처 사용이 가능한 곳에서 카드를 사용하면 결제가 어떻게 진행되나요?,바우처 금액이 먼저 차감됩니다.,하나카드:21641
선결제/즉시출금,청구 금액 확정 전 선결제하면 결제일에 추가 청구될 수도 있어?,"응, 선결제 이후 이용 금액과 자동납부 및 후불 교통 카드 이용 금액 등이 추가 청구될 수 있어.",하나카드:21657
"정부지원 바우처 (등유, 임신 등)",교육 바우처를 유흥업소에서 사용할 수 있나요?,아니요.,하나카드:21655
선결제/즉시출금,상담 당일 왜 오토 할부 건은 선결제를 할 수 없었지?,청구 금액이 확정되지 않아서,하나카드:21657
서비스 이용방법 안내,이번 달에는 통신비만 자동이체하면 다른 사용 실적이 없어도 할인받을 수 있는 이유가 뭐야?,프로모션할인기간에는 실적과 관계 없이 할인이 되기 때문이야.,하나카드:21651
서비스 이용방법 안내,카드 발급 첫 달에도 통신비 할인을 받을 수 있나요?,"예, 첫 달에도 실적 없이 통신비 할인을 받을 수 있습니다.",하나카드:21651
"정부지원 바우처 (등유, 임신 등)",바우처 금액은 통장으로 확인할 수 있니?,"아니, 포인트로 지급하는 거라서 확인이 안돼.",하나카드:21655
"정부지원 바우처 (등유, 임신 등)",바우처 포인트 사용 내역과 잔액은 무엇으로 알려 주나요?,문자,하나카드:21655
"정부지원 바우처 (등유, 임신 등)",바우처로 상품권을 살 수 있어?,"아니, 상품권은 구매할 수 없어.",하나카드:21653
"정부지원 바우처 (등유, 임신 등)",바우처 카드의 사용 제한 업종을 어떻게 확인할 수 있나요?,가맹점 번호로 직접 문의,하나카드:21653
옵션 서비스 안내/변경,인터넷 쇼핑몰에서 명품을 구입할 경우 명품 프리미엄 서비스의 적용을 받을 수 있나요?,"아니요, 인터넷 쇼핑몰은 서비스 대상 업체에서 제외되어 있습니다.",하나카드:21670
선결제/즉시출금,전표가 아직 접수되지 않은 결제 건의 대금은 8월 10일 청구서를 통해 확인할 수 있나요?,"네, 8월 10일에 확정된 청구서를 통해 확인 가능합니다.",하나카드:21668
"정부지원 바우처 (등유, 임신 등)",바우처 신청 완료 후 지급 시기는 개인마다 다를 수 있나요?,"예, 온라인 신청 완료 시기에 따라 지급 일자가 달라질 수 있습니다.",하나카드:21679
옵션 서비스 안내/변경,할인 서비스에서 제외되는 매장은 무엇인가요?,"식당가, 임대 매장, 인터넷 쇼핑몰",하나카드:21670
결제일 안내/변경/취소,결제일 변경 후 60일 이내 재변경이 가능한가요?,"아니요, 재변경이 어려울 수 있습니다.",하나카드:21672
한도상향 접수/처리,얼마의 카드 한도 상향이 등록됐어?,3천만 원,하나카드:21682
입금내역 안내,청구서에 표기된 금액과 출금액을 비교해 보려면 카드 관련 앱을 설치해야 해?,"응, 카드 관련 앱을 설치해야 볼 수 있어.",하나카드:21687
금리인하요구권 안내/신청,인하된 금리는 얼마야?,10.91%,하나카드:21685
일부결제대금이월약정 해지,카드 사용으로 적립된 포인트는 기간에 구애받지 않고 사용 가능한가요?,"아니요, 유효 기간이 별도로 존재합니다.",하나카드:21699
선결제/즉시출금,카드론을 이용 중인 사람이 대금을 선납하면 왜 이득을 보게 돼?,선납할 경우 수수료 부분에 차이가 생기기 때문이다.,하나카드:21698
도난/분실 신청/해제,분실 신고 카드 해제 신청 완료 후 바로 사용 불가한 기능은 무엇이야?,후불 교통 카드 기능,하나카드:21690
이용내역 안내,분실된 카드로 택시에서 승인 시도한 금액은 얼마야?,3만 원,하나카드:21695
결제대금 안내,12월 12일 결제 예상 금액은 얼마야?,250만 원,하나카드:21696
선결제/즉시출금,장기 카드 대출의 수수료 차이를 어떻게 좁힐 수 있나요?,선결제를 하면 됩니다.,하나카드:21698
"정부지원 바우처 (등유, 임신 등)",바우처 카드는 어떻게 사용하면 되나요?,그냥 사용하면 바우처 잔액이 차감됨,하나카드:21713
연회비 안내,포인트 적립 이벤트에 참여하려면 반년 동안 해당 카드사의 카드를 사용하지 않았어야 해?,"응, 카드 사용 이력이 없어야 해.",하나카드:21709
입금내역 안내,카드 취소 신청 후 카드사 반영까지 대략 얼마나 걸리나요?,평일 기준 일주일 정도,하나카드:21715
선결제/즉시출금,장기 카드 대출의 이자율은 연 몇 퍼센트지?,12.53%입니다.,하나카드:21706
결제대금 안내,해당 문자는 휴대폰 단말기 할부금과 무엇에 대한 금액이 청구된다는 안내 문자였지?,연회비,하나카드:21712
이벤트 안내,오늘 바로 할부 변경이 가능한가요?,"아니요, 내일부터 할 수 있습니다.",하나카드:21726
결제대금 안내,해당 보험이 승인은 됐는데 미매입 상태라 이번 달에는 청구되지 않은 거야?,응.,하나카드:21727
선결제/즉시출금,대출 철회가 완료된 뒤에 철회 취소를 할 수 있어?,아니.,하나카드:21725
교육비,이 상담에서 자녀의 교육비 자동납부를 신청한 사람은 누구인가?,어머니,하나카드:21749
승인취소/매출취소 안내,무슨 금액의 일부가 취소돼 카드 결제 예정 금액과 카드 명세서가 다르게 표시됐지?,시외버스 승차권,하나카드:21755
이용내역 안내,"일반 신용카드로 해외 사이트에서 결제한 경우, 연말정산 공제가 왜 안 되나요?",결제가 해외 승인으로 처리되기 때문입니다.,하나카드:21786
"정부지원 바우처 (등유, 임신 등)",카드 이용내역 메뉴에서 바우처 포인트로 결제한 건의 매입 금액을 확인해 보면 얼마로 표기되어 있니?,0원,하나카드:21803
이용내역 안내,"신용카드로 해외 사이트에서 결제한 경우, 연말정산 공제가 되나요?",아니요.,하나카드:21786
"정부지원 바우처 (등유, 임신 등)",교육 급여 바우처는 대형 마트에서 사용 가능한가?,"예, 대형 마트에서도 사용 가능합니다.",하나카드:21788
이벤트 안내,농기계 구매 시 무이자 할부 혜택이 가능한가요?,아니요.,하나카드:21793
이용내역 안내,해외 사이트에서 외화로 결제한 금액은 연말 정산에 포함되지 않는 이유는 무엇인가?,카드 승인이 해외 승인으로 처리되기 때문,하나카드:21786
연체대금 안내,미납 금액을 몇 시 이전까지 결제 계좌에 입금해야 출금 가능해?,오후 4시,하나카드:21790
이용내역 안내,해외 결제 시 카드 승인 금액이 특정 금액 미만인 경우 어떻게 처리되나요?,홀딩 상태로 즉시 출금되지 않습니다.,하나카드:21794
이벤트 안내,세금 결제 시 선택할 수 있는 무이자 할부 개월 수는 몇 개월인가요?,2개월,하나카드:21798
장기카드대출 안내,신용카드 할부 기간을 짧게 할수록 총 납부되는 이자가 줄어드나요?,네.,하나카드:21796
연체대금 안내,카드 미납 금액이 결제계좌에서 자동이체로 출금되게 하려면 오늘 몇 시 전까지 입금해야 하지?,4시,하나카드:21799
이용내역 안내,할부수수료가 면제되는 달도 있어?,응.,하나카드:21805
"정부지원 바우처 (등유, 임신 등)",바우처로 결제한 금액은 청구되니?,아니.,하나카드:21803
전화요금,통신요금 자동이체를 카드 실적에 포함시키려면 어떻게 해야 하나요?,통신사에 전화해서 카드로 자동이체 신청,하나카드:21826
결제일 안내/변경/취소,결제일을 변경하고 나서 그 다음날 또 결제일을 바꿀 수 있어?,아니.,하나카드:21813
한도상향 접수/처리,직장 가입자일 경우 소득 확인할 때 따로 서류 제출이 필요해?,아니.,하나카드:21815
이용방법 안내,카드 수령 전에 제작 중인 카드 번호를 알 수 있어?,아니.,하나카드:21819
선결제/즉시출금,청구서에 기재된 금액과 실제 사용 금액은 항상 동일한가요?,아니요.,하나카드:21812
결제대금 안내,어제 결제한 내역은 현재 결제 예상 금액에 포함되어 있어?,아니.,하나카드:21820
선결제/즉시출금,미매입 금액이 있다면 추후 청구될 수 있나요?,네.,하나카드:21807
단기카드대출 안내/실행,신용 상태가 좋아져서 요건에 맞는다면 금리 인하를 요구할 수 있나요?,네.,하나카드:21814
일부결제대금이월약정 안내,이월 처리된 금액에는 수수료가 청구되는 거야?,응.,하나카드:21824
일부결제대금이월약정 안내,할부 금액에 일부결제대금이월약정 서비스를 적용할 수 있어?,아니.,하나카드:21828
한도상향 접수/처리,직장 가입자일 경우 소득은 어떻게 확인할 수 있어?,직장 가입자의 소득은 직장 건강 보험료 또는 공공 마이데이터 서비스로 확인할 수 있다.,하나카드:21815
이벤트 안내,카드 앱에 가입이 안 되어 있어도 이벤트 쿠폰을 확인할 수 있어?,아니.,하나카드:21817
장기카드대출 안내,금리는 19.09퍼센트에서 얼마로 할인돼?,18.89퍼센트,하나카드:21830
한도 안내,만 14세 생일이 안 지나면 은행 체크카드로 하루에 얼마까지 쓸 수 있어?,3만 원,하나카드:21833
"정부지원 바우처 (등유, 임신 등)",작년에 교육 급여 바우처를 받았다면 올해는 다시 신청할 필요가 없나요?,"아니요, 올해 대상자가 맞는지 확인하고 다시 신청해야 합니다.",하나카드:21836
장기카드대출 안내,대출 신청을 위해 카드가 필요한가?,"예, 대출 신청을 위해서는 카드가 필요합니다.",하나카드:21830
매출구분 변경,3개월 할부의 경우 할부 수수료가 부과되나요?,"네, 3개월과 6개월 할부 모두 할부 수수료가 별도 부과됩니다.",하나카드:21835
교육비,등록 완료 처리는 매주 수요일에 진행되나요?,"아니요, 매주 화요일에 진행됩니다.",하나카드:21848
포인트/마일리지 전환등록,크로스마일리지를 대한항공 마일리지로 전환하려면 어떻게 해야 하나요?,본인이 직접 홈페이지나 국제전화로 신청해야 합니다.,하나카드:21840
결제대금 안내,SMS 서비스의 월 이용요금은 얼마인가요?,월 이용요금 원,하나카드:21857
도난/분실 신청/해제,카드에 자동 이체가 연결된 곳이 있는데 자동 이체를 더 이상 원하지 않는 경우 어떻게 해지할 수 있나요?,해당 기관을 통해서 해지할 수 있습니다.,하나카드:21863
프리미엄 바우처 안내/발급,바우처 혜택을 신청한 다음 날에 변경을 요청할 수 있나요?,"아니요, 당일에만 변경과 취소가 가능합니다.",하나카드:21879
교육비,학생의 학교 변경과 관련된 자동이체 해지 및 재등록을 신청한 사람은 누구인가?,학생의 어머니,하나카드:21865
서비스 이용방법 안내,해외에서 사용 중인 카드의 무이자 서비스 제공 여부는 무엇에 따라 달라질 수 있나요?,가맹점,하나카드:21887
이용내역 안내,결제 영수증이 카드사로 접수되는 데 시간이 얼마나 걸려?,"평일 기준 2, 3일",하나카드:21886
이용내역 안내,해외 결제 후 실제 출금까지 보통 얼마나 걸리나요?,2~4일,하나카드:21882
가상계좌 예약/취소,에이스아메리칸 해상 보험료는 얼마나 청구되었나요?,12만 원입니다.,하나카드:21880
결제일 안내/변경,결제일을 변경하면 며칠 이내에 재변경하는 게 어려워?,60일,하나카드:21885
결제일 안내/변경,결제일 변경 시 사용 기간과 결제일은 어떻게 연결되나요?,전월 1일부터 말일까지 사용한 금액이 다음 달 특정일에 결제돼요.,하나카드:21875
이용방법 안내,카드 교체 발급 시 선등록 서비스를 요청하지 않으면 일반 카드 발급으로 진행됩니까?,"네, 일반 카드 발급으로 진행됩니다.",하나카드:21910
이용내역 안내,가족 카드를 분실 신고하면 다른 가족의 카드도 함께 분실 신고가 되지?,"아니, 분실한 고객의 카드만 분실 신고가 돼.",하나카드:21902
결제대금 안내,현금 서비스를 다른 말로 뭐라고 하지?,단기 카드 대출,하나카드:21931
이용방법 안내,카드 교체 발급할 때 무슨 요청을 해야 바로 앱 카드 사용이 가능해?,선등록 서비스,하나카드:21910
"정부지원 바우처 (등유, 임신 등)",교육 급여를 사용할 수 있는 데가 어딘지 세 곳만 알려줘.,"마트, 편의점, 학원",하나카드:21924
장기카드대출 안내,장기 대출과 관련된 담당부서가 별도로 있는 거야?,응.,하나카드:21917
승인취소/매출취소 안내,취소한 학원비 결제 금액은 이번 달 청구서에 포함될까요?,"아니요, 이번 달 청구서에 포함되지 않을 것입니다.",하나카드:21933
한도 안내,모든 가맹점에서 카드 할부가 가능해?,아니.,하나카드:21942
"정부지원 바우처 (등유, 임신 등)",가맹점 번호를 카드사에 알려주면 교육 급여 바우처를 사용할 수 있는 곳인지 알려 줘?,응.,하나카드:21920
"정부지원 바우처 (등유, 임신 등)",교육 급여 카드로 모바일 결제가 가능한가요?,"예, 카카오페이 등 모바일 결제가 가능합니다.",하나카드:21924
결제계좌 안내/변경,정지 해제된 카드의 교통 카드 기능 복구는 얼마나 더 걸려?,"평일 기준 2, 3일",하나카드:21922
이벤트 안내,산후조리원 사업자 번호는 카드사에서 조회해 볼 수 있어?,"아니, 고객이 산후조리원에 연락해서 확인해야 해.",하나카드:21936
"정부지원 바우처 (등유, 임신 등)",교육 포인트는 사용처에서 현금보다 우선해서 차감되나요?,네.,하나카드:21930
승인취소/매출취소 안내,왜 결제 취소가 지연되고 있어?,삼공일 의원으로부터 카드사에 취소 전표가 아직 들어오지 않았기 때문이다.,하나카드:21945
승인취소/매출취소 안내,결제 금액이 바뀌려면 무엇이 반영되어야 하나요?,취소 매출,하나카드:21933
"정부지원 바우처 (등유, 임신 등)",바우처는 모든 업종에서 사용할 수 있어?,아니.,하나카드:21937
이용내역 안내,카드사는 가맹점으로부터 취소 전표를 제출받았어?,아니.,하나카드:21946
이벤트 안내,가맹점이 종합 병원인 경우 무이자 할부가 적용돼?,응.,하나카드:21936
"정부지원 바우처 (등유, 임신 등)",무엇을 해야 새 바우처 지원금을 사용할 수 있어?,남은 포인트를 먼저 사용해야 새 바우처 지원금을 사용할 수 있다.,하나카드:21938
"정부지원 바우처 (등유, 임신 등)",온라인 에서 바우처로 구매할 수 없는 것은 뭐야?,상품권,하나카드:21937
교육비,카드 자동 납부는 바로 등록이 완료되었어?,아니.,하나카드:21941
"정부지원 바우처 (등유, 임신 등)",바우처는 신용카드로만 사용할 수 있어?,아니.,하나카드:21938
한도상향 접수/처리,카드사에서 한도 상향 심사를 할 때 고려하는 주요 요소는 무엇인가?,"직업 안정성, 금융 거래 실적, 신용 상태, 연체 정보, 다중 채무 등",하나카드:21963
이용내역 안내,카드사에서 다른 금융 기관의 거래 내역을 확인 할 수 있어?,아니.,하나카드:21943
"정부지원 바우처 (등유, 임신 등)",교육 급여 바우처를 사용하기 위해 먼저 사용해야 포인트는 얼마야?,900,하나카드:21938
"정부지원 바우처 (등유, 임신 등)",교육 급여 바우처 지원금을 먼저 사용해야 하는 연도는 무엇인가?,2024년,하나카드:21944
연회비 안내,연회비는 어떻게 나누어지는 거야?,기본 연회비와 제휴 연회비,하나카드:21950
이용방법 안내,모바일 카드 등록을 위해 앱에서 결제 버튼을 눌러야 하나요?,예.,하나카드:21951
선결제/즉시출금,장기 카드 대출은 모두 완납된 거야?,응.,하나카드:21949
"정부지원 바우처 (등유, 임신 등)",당구장에서 바우처를 사용할 수 있어?,아니.,하나카드:21948
증명서/확인서 발급,카드 완납 증명서는 팩스를 통해 다른 카드사로 전송되는 거야?,응.,하나카드:21953
증명서/확인서 발급,왜 카드사에 직접 팩스를 보내야 합니까?,"카드사마다 처리 기준이 다르기 때문에, 자동으로 연결되지 않고 직접 팩스로 보내야 한다.",하나카드:21953
단기카드대출 안내/실행,단기 카드 대출의 적용 이율은 얼마인가요?,19.65%,하나카드:21962
가상계좌 예약/취소,이중 출금이 된 경우 환급이 되나요?,"네, 오전 안에 환급 처리됩니다.",하나카드:21981
선결제/즉시출금,현금 서비스 이용 금액은 얼마인가요?,카드 이용 금액은 수수료 포함해서 총 금액,하나카드:21984
이용내역 안내,해외 결제 취소 처리에 보통 얼마나 소요되나요?,이틀에서 삼일,하나카드:21987
한도상향 접수/처리,한도 상향을 신청하면 1시간 이내에 승인을 받을 수 있나요?,"아니요, 한도 상향은 신청 후 심사를 거쳐야 하므로 1시간 이내에는 승인 여부를 알 수 없습니다.",하나카드:21996
한도 안내,외국인등록증은 팩스나 이메일로 발송이 가능한가요?,네.,하나카드:21998
결제일 안내/변경/취소,카드 결제일을 변경하고 나면 며칠 이내에 재변경을 할 수 없는 거야?,60일 이내,하나카드:22000
이벤트 안내,카드사에서 이미 카드 사용 등록이 완료되었나요?,"예, 카드사에서 이미 사용 등록이 완료되었습니다.",하나카드:22001
긴급 배송 신청,"카드를 신청하고, 긴급 배송 요청하면 1시간 내에 받아볼 수 있어?",아니.,하나카드:22002
결제대금 안내,후불 교통 카드 이용 대금도 체크 카드 이용 실적에 포함되나요?,아니요.,하나카드:22014
포인트/마일리지 전환등록,포인트를 은행 계좌로 받을 수 있나요?,네.,하나카드:22005
이용내역 안내,국내에서 체크 카드를 이용해 물건을 구입할 경우 대금이 인출되기까지 얼마나 걸려?,"평일 기준으로 2, 3일 정도 걸린다.",하나카드:22007
오토할부/오토캐쉬백 안내/신청/취소,수입 차량 구입 시 캐시백을 받을 수 있는 카드의 결제 조건은 무엇인가?,카드주와 차주가 동일하지 않아도 결제 가능,하나카드:22015
이용내역 안내,"해외에서 체크 카드로 물건을 구입했을 경우, 결제 대금이 정상적으로 인출되기 전까지 해당 금액은 출금할 수 없는 건가요?","네, 계좌 홀딩으로 인한 일종의 지급 정지 상태로 출금이 되지 않습니다.",하나카드:22007
이용내역 안내,해외에서 체크 카드를 사용할 경우 계좌에 잔액이 없어도 결제가 이루어지나요?,"아니요, 연결 계좌에 잔액이 있어야만 쓸 수 있습니다.",하나카드:22007
"정부지원 바우처 (등유, 임신 등)",교육 급여 바우처를 이용해서 상품권을 구매할 수 있나요?,"아니요, 상품권은 교육 활동과 관련되어 있지 않으므로 바우처로 구매할 수 없습니다.",하나카드:22008
결제대금 안내,체크카드 발급 시 수수료가 부과되는 이유는 무엇인가?,카드 발급 및 재발급 비용,하나카드:22014
이용내역 안내,해외 원화 결제가 된 건은 카드사에서 어떻게 접수되나요?,달러로,하나카드:22026
이용내역 안내,해외에서 원화로 결제할 경우 카드사에 접수되는 결제 금액은 어떻게 처리되나요?,달러로 접수되고 환율이 적용됩니다.,하나카드:22026
일부결제대금이월약정 해지,금융권에서 내 금융 자산에 대한 정보를 모두 모아서 관리하는 서비스는 뭐야?,마이데이터 서비스,하나카드:22041
결제대금 안내,휴대폰 요금 청구서에 할인이 적용된 금액은 어떻게 확인할 수 있나요?,"손님의 할인 적용된 금액이 명세서에 반영되어 발송되며, 청구서에서 확인할 수 있습니다.",하나카드:22051
선결제/즉시출금,대출 상환 후 잔액 문자 알림을 받을 수 있나요?,"아니요, 문자 알림은 따로 발생하지 않습니다.",하나카드:22042
일부결제대금이월약정 해지,카드 해지 후 주의해야 할 사항은 무엇인가요?,"카드 해지 이후에는, 자동 이체나 미매입 건에 대해 손님이 직접 기관에 변경 요청해야 하고, 모바일 티머니 및 후불 교통 이용 시 요금이 청구될 수 있습니다.",하나카드:22053
결제일 안내/변경,결제일 변경 후 기존 이용 금액이 변경된 결제일에 그대로 청구될 수 있나요?,"아니요, 단기 카드 대출이나 자동이체의 경우 이용 기간에 따라 두 달분이 청구될 수 있습니다.",하나카드:22039
신용공여기간 안내,핸드폰 요금 결제가 카드 실적에 반영되는 방식은 어떻게 되나?,실적 제외,하나카드:22047
결제계좌 안내/변경,카드 결제 계좌를 변경하려면 어떻게 해야 하나요?,카드주가 직접 은행이름과 계좌번호를 확인하고 전화로 연락,하나카드:22044
결제일 안내/변경/취소,결제일을 변경하면 단기 카드 대출이나 자동 이체의 경우 이용 기간에 따라 두 달분이 청구될 수도 있어?,응.,하나카드:22057
결제대금 안내,"일정 기간 동안 실적 충족 여부를 확인하고, 그에 따라 혜택을 적용하는 기간은 무엇인가요?",실적 유예 기간,하나카드:22051
승인취소/매출취소 안내,할부 취소 시 이미 청구된 금액이 있다면 환불이 가능한가요?,"예, 청구된 금액만큼 환불해드립니다.",하나카드:22067
이벤트 안내,12개월 할부 시 수수료 면제가 시작되는 회차는 몇 회차부터인가?,6회차,하나카드:22048
결제일 안내/변경/취소,결제일 변경 후 며칠 이내에는 재변경이 어렵습니까?,60일,하나카드:22057
"정부지원 바우처 (등유, 임신 등)",교육 급여 바우처 지원금으로 결제하려면 바우처를 사용한다고 말하지 않아도 바우처로 실행되겠지?,"아니, 꼭 바우처로 사용한다는 말을 해야 해.",하나카드:22055
일부결제대금이월약정 해지,유료 서비스는 자동으로 중지되나요?,아니요.,하나카드:22053
이벤트 안내,결제 변경은 어떻게 할 수 있나요?,결제 변경은 카드사의 어플을 통해 금액 분납이나 일시불로 변경할 수 있습니다. 손님은 어플에서 쉽게 결제 방식을 수정할 수 있습니다.,하나카드:22052
결제계좌 안내/변경,실물 통장이 없으면 결제 은행 변경이 불가능해?,"아니, 계좌번호만 알고 있으면 가능해.",하나카드:22044
"정부지원 바우처 (등유, 임신 등)",교육 급여 바우처 사용 시 자동 결제가 되지 않고 별도로 말해야 하는 이유는 무엇인가?,바우처로 결제하기 위해서는 반드시 먼저 말해야 결제가 진행됩니다.,하나카드:22055
한도 안내,한도를 상향해도 단기 카드 대출은 그대로 적용돼?,응.,하나카드:22058
일부결제대금이월약정 해지,연회비는 카드를 해지할 경우 어떻게 정산하지?,일할 금액을 계산해서 처리해.,하나카드:22054
이벤트 안내,6개월 미만의 경우 할부 적용이 불가능합니까?,네.,하나카드:22061
승인취소/매출취소 안내,결제 금액이 청구된 이후에 사용한 금액을 취소하면 어떻게 되지?,청구된 금액을 환불해주는 거야.,하나카드:22067
이벤트 안내,이벤트 금액을 구체적으로 안내할 수 없는 이유는 무엇입니까?,"차량, 신규, 갱신 등 사정에 따라 변경될 수 있기 때문입니다.",하나카드:22061
신용공여기간 안내,카드 사용 실적에 따른 청구 할인을 받을 수 있나요?,"예, 통신비 자동이체 금액이 일정 금액 이상이면 청구 할인을 받을 수 있습니다.",하나카드:22073
연회비 안내,카드 발급받은 초년도에는 연회비를 무조건 내야 해?,응.,하나카드:22075
이용방법 안내,앱에서 결제 시 카드를 직접 선택할 수 있습니까?,예.,하나카드:22065
연체대금 안내,통장에 잔고를 유지하면 벌어질 수 있는 일이 뭐야?,이중 출금이야.,하나카드:22081
입금내역 안내,체크카드는 돈이 들어 있지 않아도 쓸 수 있니?,아니.,하나카드:22093
선결제/즉시출금,현금 서비스 상환 시 수수료를 포함한 총 금액은 얼마인가요?,총 금액은 수수료 포함하여 확인된 금액입니다.,하나카드:22076
일부결제대금이월약정 해지,카드를 해지하고 나서 다시 발급받으려면 어떻게 해야 하지?,다시 심사를 받은 후 카드를 발급받아야 해.,하나카드:22088
결제일 안내/변경/취소,결제일 변경 시 기존 이용 금액은 어떻게 청구되나요?,변경 후 결제일에 청구되지 않을 수 있음,하나카드:22095
결제일 안내/변경/취소,결제일을 변경하고 나서 60일 이내에 재변경할 수 있을까?,아니.,하나카드:22095
승인취소/매출취소 안내,카드사에서 매출 취소 문자를 보내는 데 보통 얼마나 소요되나요?,2~3일,하나카드:22097
결제대금 안내,통신 요금 자동이체 처리 결과 알림은 문자로 발송되고 있어?,"아니, 카카오톡 알림으로 발송되고 있어.",하나카드:22114
한도 안내,카드 연체 대금을 납부했을 때 카드 한도는 얼마나 발생하니?,납부한 연체 대금 중에서 원금만큼 한도가 생겨.,하나카드:22098
포인트/마일리지 전환등록,상담에서 적립 포인트를 카드 연결 계좌로 현금화해서 넣어주는 것을 무엇이라 하니?,현금 캐시백,하나카드:22092
가상계좌 예약/취소,가상계좌 예약 시 원하는 은행을 선택할 수 있어?,응.,하나카드:22099
이용내역 안내,카드 결제로 구매한 항공권을 취소하면 취소 전표를 받은 카드사는 환급을 진행하니?,"응, 매출 취소 전표를 받으면 카드 결제 계좌로 환급을 해 줘.",하나카드:22103
결제일 안내/변경/취소,카드 결제일을 변경한 뒤에 결제일 날짜를 바로 재변경할 수 있니?,"아니, 일정 기간 내에는 재변경하기 어려워.",하나카드:22109
쇼핑케어,쇼핑케어 부가서비스는 해지되었어?,응.,하나카드:22112
도난/분실 신청/해제,분실한 카드를 오늘 중으로 찾으러 갈 생각은 없는 거야?,"응, 그냥 분실 신고하고 내일 찾으려 한다고 해.",하나카드:22123
결제일 안내/변경/취소,결제일을 변경하고 나서 다음 날 바로 재변경할 수 있어?,아니. 결제일 변경 후 60일 내에는 재변경을 할 수 없어.,하나카드:22139
도난/분실 신청/해제,카드 분실 해제 처리가 끝난 카드의 모든 기능이 바로 되살아 나는 건 아닌가요?,"네, 교통 카드 기능은 평일 기준으로 3, 4일 후부터 쓸 수 있어요.",하나카드:22117
이용내역 안내,해외 원화 결제 서비스를 이용하면 수수료를 납부해야 해?,응.,하나카드:22129
이용내역 안내,자동이체 내역을 정확하게 확인할 수 있는 방법은 무엇인가?,앱에서 날짜별 이용 내역 직접 조회,하나카드:22127
도난/분실 신청/해제,카드로 통신비 자동이체를 하다가 잃어버려서 재발급받으면 자동으로 새 카드에서 자동이체가 되나요?,아니요.,하나카드:22124
선결제/즉시출금,이번 달 청구된 카드 이용 금액은 얼마인가요?,청구금액은 원,하나카드:22134
단기카드대출 안내/실행,단기 카드 대출 시 적용되는 이율은 얼마인가요?,18.01%,하나카드:22142
도난/분실 신청/해제,분실 신고한 카드도 나중에 찾으면 다시 사용할 수 있도록 할 수 있나요?,네.,하나카드:22125
선결제/즉시출금,이중출금 되는 것을 방지하려면 어떻게 해야 해?,계좌에 잔고가 남아있다면 이중 출금될 수 있기 때문에 잔고를 비워두아야 한다.,하나카드:22135
선결제/즉시출금,만약 자동이체 계좌에서 이중 출금이 된다면 환급되나요?,익영업일에 환급됩니다.,하나카드:22145
선결제/즉시출금,이중 출금이 되지 않게 하려면 어떻게 해야 하지?,계좌 잔고를 비워놓아야 해.,하나카드:22145
도난/분실 신청/해제,카드 분실 해제를 위해 연락할 때는 어떻게 해야 하지?,찾은 카드를 꼭 소지하고 연락해야 해.,하나카드:22125
이용내역 안내,카드 취소 영수증 확인에 보통 얼마나 소요되나요?,2~3일 정도,하나카드:22141
오토할부/오토캐쉬백 안내/신청/취소,특별 한도가 발생하도록 하려면 어떻게 해야 해?,정해진 금액을 입금해야 해.,하나카드:22146
도난/분실 신청/해제,재발급되는 카드를 받으려면 보통 얼마나 걸려?,평일 기준으로 일주일 정도 걸려.,하나카드:22124
쇼핑케어,쇼핑케어 서비스의 이용료는 얼마야?,"월 7,900원",하나카드:22164
오토할부/오토캐쉬백 안내/신청/취소,가상의 카드번호로도 자동차 값을 입금할 수 있어?,응.,하나카드:22146
선결제/즉시출금,1회 출금만으로 선결제 처리가 돼?,"아니, 할부 거래 이용 내역이 있으면 할부 거래 따로 일시불과 연회비 따로 출금돼.",하나카드:22152
연회비 안내,가족 카드 해지는 오래 전에 됐는데 환급은 왜 이제 됐어?,해지한 카드 연회비는 즉시 환급되는 게 아니라 다음 달에 환급되기 때문이야.,하나카드:22159
연회비 안내,사용하던 가족 카드 해지 시 납부했던 연회비는 전액 환불돼?,"아니, 일부만 환불돼.",하나카드:22159
장기카드대출 안내,대출금을 중도 상환하려면 중도 수수료도 납부해야 해?,아니.,하나카드:22168
"정부지원 바우처 (등유, 임신 등)",작년 바우처 금액이 남아있더라도 올해 바우처 금액을 먼저 사용할 수 있나요?,아니요.,하나카드:22157
입금내역 안내,교통카드 이용 내역을 이메일로 받아볼 수 있나요?,네.,하나카드:22170
가상계좌 안내,가상계좌로 결제해도 결제 계좌에 잔고가 있을 때는 어떻게 될 수 있어?,잔고가 남아 있으면 이중 출금될 수도 있어.,하나카드:22194
이용내역 안내,해외 숙소 예약 취소 시 환불 처리는 어떻게 진행되나요?,결제 계좌로 입금,하나카드:22162
프리미엄 바우처 안내/발급,주유소에서 주유권을 사용하려면 카드와 함께 쿠폰 사용 의사를 밝혀야 하나요?,"예, 주유소에서 카드를 제시하면서 주유 쿠폰을 사용하겠다고 언급해야 합니다.",하나카드:22173
이용내역 안내,카드 재발급 후 자동 납부되고 있는 건을 변경하려면 어떻게 해?,업체 측에 따로 요청하여 결제 방법 변경을 해야 한다.,하나카드:22172
이용내역 안내,주유소에서 3건의 카드 승인이 발생한 경우 즉시 취소가 가능한가요?,"아니요, 2-3일 후에 자동으로 2건이 취소됩니다.",하나카드:22201
연체대금 안내,왜 카드가 정지 되었어?,결제 계좌에 잔액이 부족해서 대금 일부만 출금되고 미납 처리되었기 때문이야.,하나카드:22199
선결제/즉시출금,할부 수수료는 이용한 날짜를 계산해서 부과하는 거야?,응.,하나카드:22215
이벤트 안내,전월에 어떻게 카드를 쓰면 이벤트를 통해 1.2% 적립을 받을 수 있어?,카드로 200만 원 이상을 쓰면 적립 받을 수 있어.,하나카드:22202
결제일 안내/변경/취소,결제일 변경 시 기존 이용 금액이 변경된 결제일에 그대로 청구될 수 있나요?,"아니요, 기존 이용 금액이 변경 후 결제일에 청구되지 않을 수 있습니다.",하나카드:22220
결제일 안내/변경,카드 결제일이 달라지면 뭐가 달라지는 거야?,결제일에 따라 카드의 사용 기간 산정이 달라져.,하나카드:22208
결제대금 안내,카드 대금 결제 시 은행에서 출금이 되지 않았을 경우 어떻게 해결할 수 있나요?,당일 은행 영업시간 중에 입금하면 됩니다.,하나카드:22210
이용내역 안내,카드 한도를 빨리 증액하고 싶으면 어떻게 하면 돼?,카드 결제금액을 선결제 하면 돼.,하나카드:22211
가상계좌 안내,미납금을 입금해도 카드 대금이 결제 계좌에서 이중으로 출금될 수 있니?,응.,하나카드:22214
한도 안내,카드 한도 상향 여부는 뭐를 통해 결정하는 거야?,심사,하나카드:22212
이용내역 안내,선결제는 가상계좌를 통해 하는 거니?,응.,하나카드:22211
결제대금 안내,결제 금액 중 일부만 결제하고 나머지 금액은 약정 비율대로 이월하는 것을 뭐라고 불러?,리볼빙 서비스라고 해.,하나카드:22222
교육비,학교 행정실의 최종 승인까지 소요되는 시간은 최대 얼마인가?,"예, 최대 일주일 정도 소요될 수 있습니다.",하나카드:22229
선결제/즉시출금,카드 대금 일부를 선결제하면 다음달 청구되는 카드 대금은 어떻게 돼?,"남은 할부대금과 선결제 못한 금액, 선결제 이후 사용한 금액 등이 청구된다.",하나카드:22228
선결제/즉시출금,다음 달 결제 금액이 확정되지 않아도 선결제가 가능하니?,응.,하나카드:22228
"정부지원 바우처 (등유, 임신 등)",교육 급여 바우처 카드로 결제가 안 되는 업종에 편의점도 포함돼?,아니.,하나카드:22234
한도 안내,카드 납부일 전까지 카드를 사용할 수 있나요?,"예, 잔여 한도만큼 이용할 수 있습니다.",하나카드:22226
이용내역 안내,회사 복지 사이트마다 복지 포인트 사용 방법이 동일하지?,아니.,하나카드:22221
"정부지원 바우처 (등유, 임신 등)",교육 급여 바우처가 뭐야?,교육 급여 바우처란 교육과 관련된 부분에 사용하라고 주는 정부 지원금이야.,하나카드:22234
선결제/즉시출금,결제 예정 금액을 선결제해도 추가 결제 금액이 발생할 수 있니?,응.,하나카드:22232
이벤트 안내,해당 카드로 가능한 마트 무이자 할부 이벤트를 알고 싶으면 어떻게 하면 돼?,"해당 카드사 어플이나, 고객 센터에 문의하면 돼.",하나카드:22235
이용내역 안내,카드가 해지되면 자동 이체를 등록한 항목도 같이 해지되는 거야?,응.,하나카드:22225
한도 안내,카드 한도는 매달 특정 기간 동안만 사용할 수 있나요?,"아니요, 한도 금액 내에서 언제든 사용할 수 있습니다.",하나카드:22240
이벤트 안내,에스케이와 제휴한 카드에 마트 무이자 할부 혜택도 주어지니?,"아니, 마트 무이자 할부 혜택은 못 받아.",하나카드:22235
선결제/즉시출금,해당 카드는 인터넷으로 조회한 결제 예정 금액과 실제 결제 금액이 왜 다른 거야?,"해당 카드는 복지 차감 금액이 결제 당일에 적용되므로, 결제 당일이 아닌 경우에는 아직 그 금액이 반영이 안 돼서 다른 거야.",하나카드:22230
선결제/즉시출금,카드 해지 후 다시 카드를 발급받으려면 심사 절차를 거쳐야 하나요?,"예, 카드 발급을 원할 경우 심사를 통해 진행됩니다.",하나카드:22246
결제일 안내/변경/취소,결제일 변경 시 기존 이용 금액이 변경된 결제일에 그대로 청구될 수 있나요?,"아니요, 기존 이용 금액이 변경 후 결제일에 그대로 청구되지 않을 수 있습니다.",하나카드:22238
"정부지원 바우처 (등유, 임신 등)",왜 교육 급여 바우처 제휴 카드로 오락실은 결제가 안 되는 거야?,교육 관련 업종이 아니기 때문이야.,하나카드:22234
이용내역 안내,카드를 해지하고 난 뒤에도 카드 청구 금액이 나올 수 있니?,응.,하나카드:22252
한도 안내,카드 배송지가 직장일 때 본인 외 수령 가능한 사람은 누구니?,직장 동료,하나카드:22250
안심클릭/▲▲카드/기타페이 안내,카드 교체 시 기존 카드의 비밀번호는 그대로 유지되나요?,"예, 기존 카드의 비밀번호로 연동됩니다.",하나카드:22272
이벤트 안내,정기 구독 서비스에 포함된 서비스는 무엇무엇이 있나요?,"쿠팡 로켓 와우 자동충전, 네이버 플러스 멤버십, 넷플렉스, 유튜브 프리미엄",하나카드:22269
한도상향 접수/처리,은행의 예금이나 적금 보유가 심사에 영향이 있어?,"응, 은행의 예금이나 적금 보유는 심사에 긍정적인 영향을 줄 수 있다.",하나카드:22268
안심클릭/▲▲카드/기타페이 안내,신규 카드의 비밀번호 설정은 어떻게 해야 하나요?,교체 발급이므로 기존 카드 비밀번호 그대로 유지됩니다.,하나카드:22272
한도상향 접수/처리,카드 한도 심사 결과를 확인하는 데 평균적으로 얼마나 걸리나요?,평일 기준 하루 이틀,하나카드:22278
선결제/즉시출금,결제 시 한도 복원에서 제외되는 것은 무엇인가?,수수료,하나카드:22273
이용내역 안내,취소 처리 중인 결제 건은 현재 정상 승인 상태인가요?,"네, 현재 정상 승인 상태로 확인됩니다.",하나카드:22274
교육비,왜 자동 납부 신청 시 다른 카드를 사용하는 데 동의해야 해?,자동 납부 신청 시 결제 카드가 사용 불가능할 경우 요금 미납을 방지하기 위해서이다.,하나카드:22282
교육비,학교 행정실의 최종 승인 없이 스쿨뱅킹 등록이 완료될 수 있나요?,"아니요, 학교 행정실의 승인이 있어야 등록이 완료됩니다.",하나카드:22282
한도상향 접수/처리,한도 증액 심사를 위해 공공 마이 데이터 이용 동의 절차가 필요한가요?,예.,하나카드:22283
이용내역 안내,가승인된 금액은 어떻게 처리됩니까?,누적금액에는 표시되지만 실제로 청구되지 않습니다.,하나카드:22290
프리미엄 바우처 안내/발급,월 일정 금액 이용 시 다음 해 바우처 신청이 가능한가?,"예, 해당 연도에 일정 금액 이상 이용하면 다음 해 바우처 신청이 가능합니다.",하나카드:22281
심사 진행사항 안내,잔액 유지 조건을 충족하지 못해도 심사 신청이 가능해?,아니.,하나카드:22287
포인트/마일리지 안내,복지 포인트 차감이 전혀 이루어지지 않았어?,아니.,하나카드:22288
이용내역 안내,모든 자동납부를 한 번에 변경할 수 있어?,"아니, 한 번에 일괄적으로 변경할 수 없어.",하나카드:22289
도난/분실 신청/해제,카드를 찾았을 때 분실 해지를 하려면 어떻게 해야 해?,카드를 소지하고 카드사에 전화해서 해지 절차를 밟으면 돼.,하나카드:22292
이용내역 안내,자동납부 변경 시 어떻게 하는 것이 안전해?,기존 자동납부를 먼저 해지하고 새로 신청하는 것이 안전해.,하나카드:22289
전화요금,카드 실적을 충족하면 LG 유플러스 통신요금 청구 시 할인을 받을 수 있나요?,"예, 카드 실적을 충족하면 통신요금 청구 시 할인을 받을 수 있습니다.",하나카드:22295
이용내역 안내,티머니 가입 시 승인된 보증금은 카드 사용 실적에 포함되나요?,"아니요, 일반 사용 건으로 들어가지 않습니다.",하나카드:22290
가상계좌 안내,가상계좌와 입금 금액을 나중에 문자로 받도록 예약해 놓을 수 있어?,아니.,하나카드:22303
도난/분실 신청/해제,주말에 카드 분실 관련 상담이 가능한가?,"아니요, 주말에는 상담이 불가능합니다.",하나카드:22292
승인취소/매출취소 안내,해외 결제 취소 건수는 총 몇 건이었나요?,12건,하나카드:22304
이용내역 안내,해외에서의 카드 승인 취소 절차는 국내와 같은 방법으로 진행돼?,아니.,하나카드:22301
승인취소/매출취소 안내,홈페이지에 들어가면 이용 내역을 확인할 수 있어?,응.,하나카드:22304
이용방법 안내,왜 결제 취소 내역이 청구서에 반영되지 않았습니까?,청구서 작업 이후에 결제를 취소하였기 때문입니다.,하나카드:22308
이용내역 안내,카드를 새로 발급 받으면 카드 번호가 바뀌나요?,네.,하나카드:22315
선결제/즉시출금,결제일 당일에 결제 계좌 변경이 어려운 이유는 무엇인가?,시스템 정책상 당일 변경이 제한됨,하나카드:22320
이벤트 안내,마일리지 부분에서 특화된 해당 카드는 제휴된 라운지를 이용할 수 있어?,응.,하나카드:22329
결제일 안내/변경/취소,결제일 변경 시 기존 이용 금액이 변경된 결제일에 그대로 청구될 수 있나요?,"아니요, 단기 카드 대출이나 자동이체의 경우 두 달분이 청구될 수 있습니다.",하나카드:22327
가상계좌 예약/취소,결제 계좌 변경 시 다른 사람 명의의 계좌도 등록할 수 있어?,"아니, 본인 명의의 계좌만 가능해.",하나카드:22319
단기카드대출 안내/실행,카드론 대출 한도는 무엇을 통해서 결정되는 거야?,심사,하나카드:22333
승인취소/매출취소 안내,카드 결제 취소 후 취소 전표가 카드사로 접수되기까지 얼마나 걸리나요?,2~3일 정도 소요됩니다.,하나카드:22344
선결제/즉시출금,카드 결제 예정 금액을 선결제했더라도 나중에 추가 청구될 수 있나요?,"네, 후불 교통카드, SMS 요금 등 미매입 건이 있을 경우에 추가 청구될 수 있습니다.",하나카드:22342
이용내역 안내,10월에 카드 승인 취소된 내역이 있나요?,네.,하나카드:22347
매출구분 변경,3개월과 6개월의 할부 이자율 차이가 발생합니까?,예.,하나카드:22352
이용내역 안내,시외버스 예매 사이트 팝업창에서 변경하라고 한 것은 뭐야?,카드 비밀번호,하나카드:22349
결제계좌 안내/변경,카드 결제일을 변경하면 며칠 이내에 재변경이 어려울 수 있다고 해?,60일,하나카드:22359
가상계좌 안내,가상계좌 결제 후 결제 계좌에 잔고가 있으면 왜 안 되나요?,이중 출금이 될 수 있어서,하나카드:22369
도난/분실 신청/해제,분실 신고된 카드는 온라인에서 사용할 수 있어?,아니.,하나카드:22362
신용공여기간 안내,법인 카드와 개인 카드의 결제 기간 설정 방식이 완전히 동일한가?,"아니요, 법인 카드는 개인 카드보다 청구 작업이 더 복잡하여 기간이 조금 더 늘어날 수 있습니다.",하나카드:22367
이용내역 안내,체크카드로 현금 서비스를 이용할 수 있나요?,불가능,하나카드:22387
선결제/즉시출금,현금 서비스 결제 시 앱에서 전체 금액이 아닌 건별 결제를 하려면 어떻게 해야 하나요?,건별 결제 메뉴로 들어가서 결제,하나카드:22376
선결제/즉시출금,일시불 또는 할부로 결제된 금액에 대해 선결제를 진행하면 그만큼 결제 금액을 줄일 수 있습니까?,예.,하나카드:22379
선결제/즉시출금,현금 서비스받은 거를 앱에서 결제할 때는 어떻게 들어가야 합니까?,건별 결제로 들어가야 합니다.,하나카드:22376
결제대금 안내,청구서상에는 금액이 표기되어 있지만 사실상 청구가 안 된 것은 무엇 때문입니까?,청구서가 만들어진 이후에 결제 취소가 이루어졌기 때문입니다.,하나카드:22380
서비스 이용방법 안내,일반 개인 보험과 4대 보험 모두 실적에 포함되는 거지?,"아니, 4대 보험은 실적에 안 들어가.",하나카드:22389
이용방법 안내,가족 카드는 이용 기간이 만료되면 자동 갱신이 돼?,"아니, 따로 신청해야 해.",하나카드:22407
가상계좌 예약/취소,최소 비율로 결제하고 남은 금액은 이월돼?,응.,하나카드:22411
장기카드대출 안내,다른 금융 기관의 연체 이력은 대출 가능 여부와 상관이 없지?,"아니, 다른 금융 기관의 연체 이력 때문에 대출을 못 받을 수도 있어.",하나카드:22390
결제계좌 안내/변경,아이씨칩에 계좌를 등록하는 건 카드사에서 할 수 있어?,아니.,하나카드:22393
"정부지원 바우처 (등유, 임신 등)",보육 교육 급여 카드로 사용할 수 없는 대표적인 업종은 무엇인가?,"유흥 주점, 사행 업체, 청소년 출입 불가 장소, 성인 용품 판매점",하나카드:22406
이용내역 안내,상담이 진행된 날짜는 며칠이야?,4월 3일의 다음 날인 4월 4일이야.,하나카드:22413
결제대금 안내,장기 카드 대출 금액은 총 이용 금액에 포함되나요?,"예, 총 이용 금액에 장기 카드 대출 금액이 포함됩니다.",하나카드:22410
선결제/즉시출금,청구 작업과 확정된 결제 금액 중 더 이른 날짜에 진행되는 건 뭐야?,청구 작업,하나카드:22401
"정부지원 바우처 (등유, 임신 등)",교육 바우처는 실물 카드로만 결제해야 돼?,"아니, 온라인에서 간편 결제로도 사용할 수 있어.",하나카드:22412
이용내역 안내,카드 번호만으로 결제가 가능한가요?,"네, 결제가 가능합니다.",하나카드:22420
결제일 안내/변경,결제일을 변경하고 나서 다시 결제일을 바꾸려면 며칠이 지나야 해?,60일,하나카드:22409
오토할부/오토캐쉬백 안내/신청/취소,차량 결제 시 캐시백으로 받을 수 있는 최대 캐시백 비율은 얼마인가?,1.3%,하나카드:22443
결제대금 안내,결제 금액에 연회비와 할부 수수료가 포함된 건가요?,"네, 연회비와 할부 수수료가 포함된 금액입니다.",하나카드:22419
이벤트 안내,온라인 쇼핑몰에서 무이자 할부를 적용받을 수 있는 개월 수는 몇 개월인가?,2개월,하나카드:22424
한도 안내,한도 초과로 결제가 안 되고 있는 카드의 실제 소유자는 누구야?,고객의 엄마,하나카드:22436
포인트/마일리지 전환등록,해당 카드사의 포인트는 적립 날짜로부터 몇 년 안에 사용하지 않으면 소멸해?,5년,하나카드:22444
이용내역 안내,후불 교통 이용 내역이 카드사에 반영되는 데 대략 며칠이 소요되나요?,3~4일,하나카드:22458
도난/분실 신청/해제,카드 분실 후 교통카드 기능을 정지받으려면 어떻게 해야 하나요?,업무시간에 교통카드 업체로 연락해 내역 확인 및 정지 요청,하나카드:22455
승인취소/매출취소 안내,결제 취소 처리에 보통 며칠 정도 소요됩니까?,2~3일,하나카드:22446
한도상향 접수/처리,신용카드 한도 증액은 은행에서도 가능한 업무야?,아니.,하나카드:22474
승인취소/매출취소 안내,결제일 이후에 결제 취소 처리되면 취소 금액만큼 포인트로 돌려주지?,"아니, 결제 계좌로 입금해 줘.",하나카드:22446
포인트/마일리지 전환등록,카드 포인트는 적립된 날짜로부터 몇 년 동안 사용할 수 있나요?,5년,하나카드:22444
이용내역 안내,결제 승인 후 즉시 문자 알림이 발송되나요?,"아니요, 초등학교 결제의 경우 사후 승인으로 바로 문자 알림이 뜨지 않습니다.",하나카드:22463
프리미엄 바우처 안내/발급,교육 활동을 위해 바우처로 무엇을 구매할 수 있나요?,교육 관련 물품과 서비스,하나카드:22462
서비스 이용방법 안내,롯데마트나 롯데월드 이용 시 할인을 받으려면 어떻게 해야 하나요?,어플에서 예약 후 결제,하나카드:22459
이용방법 안내,카드 적립 내역은 월별로 조회할 수 있나요?,"예, 지난달 적립 내역을 앱에서 확인할 수 있습니다.",하나카드:22472
서비스 이용방법 안내,삼성페이로 결제하면 카드 할인 혜택을 받을 수 있어?,응.,하나카드:22473
프리미엄 바우처 안내/발급,급여 바우처의 지원 금액은 잔액 조회를 할 수 있어?,아니.,하나카드:22462
일부결제대금이월약정 안내,리볼빙 서비스는 매달 심사를 통해 대상자에게 제공되는 거야?,응.,하나카드:22461
승인취소/매출취소 안내,가맹점에서 취소하면 그 돈이 환급되기까지 시간이 얼마나 걸려?,3영업일 정도 소요된다.,하나카드:22502
"정부지원 바우처 (등유, 임신 등)",교육 급여 바우처 카드는 모든 업종에서 사용 가능한가?,"아니요, 유흥업소, 성인용품점, 상품권 업종 등은 제외됩니다.",하나카드:22467
서비스 이용방법 안내,카드 이용 후 청구 할인 금액은 어떻게 확인할 수 있나요?,카드 어플의 이용 내역에서 건별 내역을 클릭하여 확인,하나카드:22473
"정부지원 바우처 (등유, 임신 등)",온라인 쇼핑몰에서도 교육 급여 바우처를 사용할 수 있어?,응.,하나카드:22469
이벤트 안내,결제 전 가맹점 번호를 확인하면 정확한 업종을 알 수 있나요?,"예, 가맹점 번호를 확인하면 정확한 업종을 알 수 있습니다.",하나카드:22496
이벤트 안내,정확한 업종 확인을 위해서는 무엇을 알아야 해?,가맹점 번호,하나카드:22496
가상 계좌 예약/취소,결제 금액을 선택하면 바로 확인할 수 있나요?,"예, 결제된 금액은 바로 확인 가능합니다.",하나카드:22479
선결제/즉시출금,결제 계좌는 어느 은행인가?,해당 은행,하나카드:22505
승인취소/매출취소 안내,취소 영수증은 어떻게 받을 수 있나요?,매장에서 받을 수 있어요.,하나카드:22516
승인취소/매출취소 안내,카드 승인 취소 요청을 하면 카드사에서는 며칠이 지나야 확인이 가능하지?,평일 기준 이삼일 정도,하나카드:22527
승인취소/매출취소 안내,가맹점에서 결제 취소 처리를 했나?,"예, 가맹점에서 결제 취소 처리를 했습니다.",하나카드:22502
승인취소/매출취소 안내,당일 거래한 건을 당일 취소하면 실시간으로 취소 확인을 할 수 있어?,응.,하나카드:22516
한도 안내,마트에서 생필품을 구입할 때 바우처를 사용할 수 있어?,응.,하나카드:22506
전화요금,휴대폰 요금 자동이체는 카드사에서 처리할 수 있나요?,"네, 카드사에서 휴대폰 요금 자동이체 처리가 가능합니다.",하나카드:22507
승인취소/매출취소 안내,카드 취소로 인해 결제 금액이 변동되었어?,예.,하나카드:22553
선결제/즉시출금,왜 할부에서 일시불로 변경이 안 되나요?,1회차 금액이 납부가 되어서,하나카드:22530
이용내역 안내,결제 취소 후 청구 대금은 어떻게 처리되었어?,청구되지 않음,하나카드:22531
"정부지원 바우처 (등유, 임신 등)",교육 급여 바우처를 사용할 수 없는 업종이 뭐야?,"유흥 업종, 청소년 불가 장소, 상품권, 성인용품 판매점, 위생 업체 등에서는 사용할 수 없어.",하나카드:22561
장기카드대출 안내,카드사에서 전산으로 얼마에 한 번씩 카드 대출 한도를 심사하고 있어?,한 달에 한 번,하나카드:22524
"정부지원 바우처 (등유, 임신 등)",교육 급여 바우처는 주로 어떻게 사용해?,자녀 교육이 필요할 때 주로 사용돼.,하나카드:22561
"정부지원 바우처 (등유, 임신 등)",바우처 지급 금액은 정상적으로 처리되었나요?,"예, 바우처 지급 금액이 정상적으로 처리되었습니다.",하나카드:22513
연체대금 안내,연체를 하면 한도에 영향을 주나요?,네.,하나카드:22535
이용내역 안내,청구서에 표시된 간장게장 결제 금액은 실제로도 청구가 되는거야?,아니.,하나카드:22531
이벤트 안내,통신요금 실적에 포함되는 금액은 할인받기 전 금액인가 후 금액인가?,할인받기 전 금액,하나카드:22555
이벤트 안내,라이트할부금액이 카드 실적에 포함돼?,예.,하나카드:22555
"정부지원 바우처 (등유, 임신 등)",교육 급여 바우처는 체크 카드로도 결제할 수 있어?,응.,하나카드:22563
한도 안내,카드 한도를 높이려면 카드를 발급받고 얼마나 사용해야 해?,3개월 이상 사용해야 한도 상향 접수가 가능해.,하나카드:22562
이벤트 안내,카드 사용등록하고 얼마기간 안에 라이트할부 결제해야 추가할인 프로모션을 받을 수 있어?,1개월,하나카드:22555
이용방법 안내,회원 가입을 하려면 주민등록번호 열세 자리를 다 입력해야 되나요?,네.,하나카드:22560
이용방법 안내,주민등록번호 뒷자리 노출을 방지하기 위해 자동으로 활성화되는 프로그램은 뭐지?,보안키 패드,하나카드:22560
"정부지원 바우처 (등유, 임신 등)",교육 급여 바우처는 상품권을 구매할 때 사용할 수 있어?,"아니, 상품권은 사용 제외 업종에 해당해.",하나카드:22561
결제대금 안내,포인트 혜택을 받으려면 어떻게 해야 해?,연속 3개월 건별 3만 원 이상 결제하면 포인트가 적립돼.,하나카드:22565
이벤트 안내,통신 요금 할인 적용 대상자는 얼마 동안 신용 카드 사용 이력이 없어야 하나요?,직전 6개월 동안,하나카드:22574
승인취소/매출취소 안내,취소된 결제 전표가 보통 몇 영업일 정도 소요되나요?,"2, 3 영업일",하나카드:22572
장기카드대출 안내,장기 카드론의 최대 대출 기간은 몇 년인가?,5년,하나카드:22558
선결제/즉시출금,선결제 후 뭐가 재청구될 수 있어?,선결제 처리 이후 초과 이용 내역이 재산정되어 청구될 수 있어.,하나카드:22568
이용내역 안내,아파트 관리비 납부 마감일 기준 결제 승인은 몇 영업일 전에 이루어지나요?,4영업일 전,하나카드:22590
연체대금 즉시출금,신용 조회 기록이 신용도에 영향을 주나요?,"아니요, 대출 실행 후 대출 정보와 연체 정보가 신용도에 영향을 줄 수 있습니다.",하나카드:22588
연체대금 즉시출금,대출을 확인하기 위해서는 무엇에 동의해야 하나요?,신용 정보 조회,하나카드:22588
선결제/즉시출금,다음 달로 이월되는 대금에 수수료가 추가로 청구되나요?,네.,하나카드:22604
이벤트 안내,요즘 카드사에서 전체 무이자 할부 서비스를 잘 하지 않는 이유는 무엇인가?,특정 가맹점에 대해서만 이벤트를 하기 때문,하나카드:22611
이용내역 안내,어떻게 체크 카드 결제가 처리돼?,체크 카드 결제는 매입 시점에 출금된다.,하나카드:22641
교육비,왜 스쿨뱅킹 신청이 안되는 건가요?,현재 학교가 가맹점 등록이 안 되어있어서요.,하나카드:22621
도난/분실 신청/해제,분실 해제 처리된 카드는 버스에서 바로 사용이 가능해?,"아니, 평일 기준 3, 4일이 지나야 이용 가능해.",하나카드:22626
도난/분실 신청/해제,카드 분실 신고 취소가 완료됐어?,응.,하나카드:22659
일부결제대금이월약정 해지,카드 해지 후 다시 같은 카드를 발급받을 수 있나요?,"아니요, 다시 심사를 통해서만 발급받을 수 있습니다.",하나카드:22630
결제대금 안내,어떻게 발급 수수료를 돌려받을 수 있어?,고객은 체크카드를 일정 금액 이상 사용하면 발급 수수료를 환급받을 수 있다.,하나카드:22642
선결제/즉시출금,해지한 카드의 남은 연회비는 며칠 내로 환급되나요?,평일 기준 5일,하나카드:22638
이용내역 안내,결제 취소는 확정된 거야?,아니.,하나카드:22647
이용내역 안내,왜 결제 금액이 환급되었어?,매입 지연 때문에,하나카드:22647
이용내역 안내,체크카드 승인은 안 되었는데 은행 계좌에서 돈이 빠져나가는 이유는 무엇인가?,나중에 매입되는 체크카드 결제 특성 때문,하나카드:22641
"정부지원 바우처 (등유, 임신 등)",체크카드를 인터넷에서 신청할 수 있어?,응.,하나카드:22646
승인취소/매출취소 안내,이마트 트레이더스에서 결제한 상품 취소 처리가 완료되는 데 평균적으로 얼마나 걸리나요?,2~3일,하나카드:22656
선결제/즉시출금,카드 결제 계좌가 아닌 다른 은행 계좌로도 결제할 수 있어?,응.,하나카드:22692
한도 안내,현재 사용 중인 일시 한도를 바로 추가 상향할 수 있나요?,"아니요, 사용 기간에 추가 상향은 어렵고 기간이 종료된 이후 재심사를 받아볼 수 있다.",하나카드:22645
선결제/즉시출금,카드 대금은 어떤 방식으로 결제되었어?,카드 대금은 선결제로 자동 이체를 통해 즉시 결제되었다.,하나카드:22658
포인트/마일리지 전환등록,포인트는 어떻게 처리되나요?,"포인트는 캐시백으로 요청되었고, 손님의 A 은행 계좌로 내일 입금될 예정입니다.",하나카드:22650
가상계좌 예약/취소,가상계좌로 입금할 수 있는 은행은 어떻게 되나요?,여러 은행 중 선택 가능,하나카드:22717
도난/분실 신청/해제,어떻게 카드 정지 후 해제할 수 있어?,카드를 찾은 후 소지 상태에서 연락하면 정지 해제를 할 수 있다.,하나카드:22660
이용내역 안내,코웨이 자동이체 신청을 어떻게 해야 하나요?,코웨이 측으로 직접 전화해서 신청,하나카드:22652
서비스 이용방법 안내,카드사에서는 한도 제한되는 부분을 해지할 수 있어?,아니.,하나카드:22711
입금내역 안내,앱에서 결제 내역을 어떻게 확인해야 해?,카드 앱 메인 화면에의 청구 금액 하단에서 확인할 수 있다.,하나카드:22657
도난/분실 신청/해제,분실 신고된 카드는 현재 사용이 완전히 차단되어 있나요?,"네, 아무도 카드를 사용할 수 없습니다.",하나카드:22682
이용방법 안내,오픈뱅킹 서비스는 카드 앱에서 다른 금융기관 쪽의 계좌를 등록해 다른 금융사 쪽 앱을 설치하지 않고 송금할 수 있어?,응.,하나카드:22674
이용방법 안내,오픈뱅킹 서비스는 어떻게 이용할 수 있나요?,다른 금융기관의 계좌나 카드정보를 등록해 어플에서 조회와 송금 등을 할 수 있어요.,하나카드:22674
이벤트 안내,연회비 캐시백 이벤트를 통해 연회비를 돌려받으려면 얼마를 사용해야 해?,10만 원 이상,하나카드:22724
심사 진행사항 안내,통신사별로 제휴 카드의 할인 금액이 동일한가?,"아니요, 통신사마다 제휴 카드의 할인 금액이 다릅니다.",하나카드:22716
가상계좌 안내,가상계좌는 내일까지 유효해?,"아니, 오늘까지만 부여되는 거야.",하나카드:22721
장기카드대출 안내,카드론의 이자는 얼마야?,이자는 카드론 총액 중의 특정 금액이야,하나카드:22714
장기카드대출 안내,대출 한도가 산정되는 때는 매월 말이야?,"아니, 매월 초야.",하나카드:22723
도난/분실 신청/해제,주민 센터에 분실한 카드가 보관된 게 확인되면 분실 해지 신청할 수 있어?,"아니, 카드를 소지하고 있어야만 분실 해지가 가능해.",하나카드:22725
이벤트 안내,"이벤트에 응모하면 최소 천 원, 최대 십만 원을 받을 수 있어?","응, 응모만 해도 천 원을 받을 수 있고 추첨을 통해 100명은 십만 원을 받을 수 있어.",하나카드:22727
장기카드대출 안내,오늘 기준으로 대출 일시불 완납 시 지불해야 할 총 금액은 얼마인가?,대략 여유 있게 합계 몇 십만 원,하나카드:22722
이용내역 안내,자동이체에 연결된 카드는 2014년도에 발급받았어?,응.,하나카드:22734
가상계좌 예약/취소,가상계좌로 대출 상환할 때 정해진 기한이 있어?,"응, 오늘 밤 11시 30분까지 입금해야 해.",하나카드:22729
이용내역 안내,이용 대금 명세서는 보통 매월 며칠에 발송되나요?,보통 20일에서 발송,하나카드:22736
이용내역 안내,카드 전월 실적이 10만 원을 넘지 않아도 요금 할인을 받을 수 있어?,아니.,하나카드:22736
도난/분실 신청/해제,분실한 카드의 교통 카드 기능을 즉시 사용할 수 있나요?,"아니요, 평일 기준 2-3일 후부터 이용 가능합니다.",하나카드:22743
이벤트 안내,카드 무이자 할부 혜택은 어떻게 달라질 수 있나요?,가맹점이나 카드 혜택에 따라 달라질 수 있음,하나카드:22748
매출구분 변경,카드값을 할부로 변경하면 수수료가 청구될 수 있어?,응.,하나카드:22737
도난/분실 신청/해제,카드 재발급에 소요되는 시간은 얼마야?,평일 기준 5일,하나카드:22739
"정부지원 바우처 (등유, 임신 등)",바우처가 충전되었다는 연락은 어떻게 받았나요?,문자로,하나카드:22746
도난/분실 신청/해제,카드는 꼭 본인만 수령할 수 있어?,"아니, 가족의 대리 수령도 가능해.",하나카드:22739
이벤트 안내,일반 병원에서는 몇 개월까지 무이자 할부 혜택을 받을 수 있나요?,6개월,하나카드:22748
"정부지원 바우처 (등유, 임신 등)",결제 시 계좌 잔액이 필요한가?,"예, 결제 금액에 대한 계좌 잔액이 있어야 결제가 가능합니다.",하나카드:22746
단기카드대출 안내/실행,현금 서비스의 이자율은 어떻게 되나요?,상담사가 안내한 현금 서비스의 이자율은 19.95%입니다. 손님은 해당 이자율을 적용받게 됩니다.,하나카드:22764
서비스 이용방법 안내,에이티엠기에서 현금 인출 시 발생하는 수수료는 얼마인가?,카드별로 동일한 수수료,하나카드:22751
결제대금 안내,카드 해지 시 미매입 상태였던 전표는 선결제 처리할 수 있나요?,아니요.,하나카드:22752
매출구분 변경,팩스로 이용한 결제 건은 할부 변경이 가능한가?,"예, 팩스로 이용한 결제 건은 할부 변경이 가능합니다.",하나카드:22774
결제일 안내/변경/취소,결제일을 변경하고 즉시 재변경할 수 있나요?,"아니요, 변경일로부터 60일 이내에는 재변경이 불가합니다.",하나카드:22777
도시가스,도시가스 자동납부를 다른 카드로 변경하려면 기존 카드를 먼저 해지해야 하나?,"예, 기존에 연결된 카드를 먼저 해지해야 합니다.",하나카드:22783
승인취소/매출취소 안내,체크카드로 결제했다가 시간이 좀 지난 후에 취소하면 취소 내용이 반영되기까지 얼마나 걸려?,평일 기준으로 3일에서 4일 정도 시간이 소요된다.,하나카드:22799
결제일 안내/변경,결제일 변경 후 재변경이 어려운 이유는 무엇인가?,이용 기간이 꼬이기 때문,하나카드:22789
이벤트 안내,생활 요금 자동 납부 시 스타벅스 쿠폰을 받을 수 있습니까?,"네, 받을 수 있습니다.",하나카드:22791
결제일 안내/변경,"결제일을 변경하고 나면, 일정 기간 동안 다시 변경할 수 없어?",응.,하나카드:22789
신용공여기간 안내,결제일자를 변경하면 한 달 치 결제를 모두 받을 수 있나요?,"예, 결제일자를 변경하면 한 달 치 결제를 모두 받을 수 있습니다.",하나카드:22795
결제일 안내/변경/취소,문자 유료 서비스는 이용 요금이 얼마야?,월 300원,하나카드:22798
이벤트 안내,웰컴 기프트 혜택은 어느 쇼핑몰을 이용할 경우 적용받을 수 있나요?,"쿠팡, 지마켓 등입니다.",하나카드:22791
선결제/즉시출금,일부 선결제를 하면 카드 한도는 바로 복원되지?,응.,하나카드:22832
프리미엄 바우처 안내/발급,신세계 상품권을 신청하면 당일 바로 발송해 줘?,"아니, 바우처를 신청한 날 익영업일에 발송 처리해.",하나카드:22836
프리미엄 바우처 안내/발급,바우처를 신청해서 받는 신세계 상품권은 신세계백화점에서도 교환할 수 있어?,아니.,하나카드:22833
이벤트 안내,로얄 등급을 받으려면 새로 받은 카드로 얼마 이상 사용해야 돼?,"500,000원",하나카드:22837
"정부지원 바우처 (등유, 임신 등)",교육 급여 바우처를 사용할 수 없는 곳에 목욕탕도 포함되니?,응.,하나카드:22834
가상계좌 안내,최소 금액 결제 후 연결 계좌에서 추가 출금된 금액은 환불받을 수 있어?,아니.,하나카드:22847
입금내역 안내,리볼빙 서비스로 이월된 금액에는 이자가 포함되어 있어?,응.,하나카드:22862
이용내역 안내,해외 쇼핑몰에서 결제를 하면 즉시 계좌에서 출금이 되나요?,아니요.,하나카드:22860
교육비,교육비 등록을 위해서는 무엇이 필요한가요?,"교육청과 식별번호, 자녀의 초등학교 정보가 필요합니다.",하나카드:22858
입금내역 안내,리볼빙 서비스는 무엇만 통장 잔고에 있으면 연체되지 않고 이월할 수 있어?,최소 금액,하나카드:22862
이용내역 안내,결제일 이후 카드 승인취소가 반영되면 취소된 금액은 통장으로 입금돼?,아니.,하나카드:22857
결제계좌 안내/변경,변경된 계좌로 결제 대금이 출금되는 날은 이번 달 며칠이야?,27일,하나카드:22861
선결제/즉시출금,기아자동차 할부금 전액 상환이 완료됐어?,응.,하나카드:22874
이용내역 안내,카드 내역을 어떻게 받을 수 있어?,카드 내역은 이메일 또는 팩스로 받을 수 있다.,하나카드:22870
연체대금 안내,다른 은행 계좌에서 출금은 일회성이야?,응.,하나카드:22872
선결제/즉시출금,오늘 결제하면 추가 출금이 발생할 수 있어?,응.,하나카드:22871
선결제/즉시출금,어떻게 기아자동차 할부금 상환이 이루어졌어?,"할부 남은 금액 3,500,000원을 상담사가 즉시 출금하여 상환을 완료했어.",하나카드:22874
입금내역 안내,리볼빙 서비스에서 최소 금액은 결제 내역의 무슨 항목에서 출금되나요?,일시불 항목,하나카드:22862
이용내역 안내,출금된 금액은 체크카드 결제 내역이야?,응.,하나카드:22885
도난/분실 신청/해제,이 상담에서 카드 분실 신고를 대신 하고 있는 사람은 누구인가?,할머니의 아들,하나카드:22881
선결제/즉시출금,이번 청구 금액에 연회비가 포함되었어?,응.,하나카드:22878
선결제/즉시출금,가상 계좌는 저녁에도 입금할 수 있어?,응.,하나카드:22876
이벤트 안내,라이트할부 금액이 카드 실적에 포함돼?,응.,하나카드:22873
선결제/즉시출금,왜 목포원에서 사용한 금액이 선결제되지 않았어?,사용한 금액의 전표 접수가 완료되지 않았다.,하나카드:22878
결제일 안내/변경,결제일 변경 후 재변경이 가능한 기간은 얼마인가요?,2개월 이내 재변경 어려움,하나카드:22900
결제일 안내/변경/취소,결제일 변경 후 60일 이내 재변경이 가능해?,아니.,하나카드:22886
이벤트 안내,국세에 대해서 부분 무이자 진행 시 이자율은 얼마야?,19.5%,하나카드:22896
결제일 안내/변경,결제일을 한 번 바꾸면 몇 달 동안 유지해야 해?,3개월,하나카드:22900
결제일 안내/변경/취소,카드 결제일 변경으로 자동이체 석 달 분이 한꺼번에 빠져나갈 수도 있어?,아니.,하나카드:22897
결제일 안내/변경/취소,결제일을 바꾸면 몇 달 정도 변동된 주기로 결제가 이루어질 수 있어?,한 두 달,하나카드:22903
한도상향 접수/처리,소득증빙 서류를 전달할 수 있는 방법으로 뭐가 있어?,"팩스, 이메일, 공공 마이데이터 행안부 전자 문서",하나카드:22899
이벤트 안내,네이버 스마트 스토어는 캐시백 지급 제외 대상이야?,아니.,하나카드:22918
한도상향 접수/처리,미성년자 체크카드 한도 상향을 위해 직접 콜센터에 연락해야 하는 사람은 누구인가?,미성년자 본인,하나카드:22914
결제대금 안내,해외 사이트에서 원화로 결제할 경우 추가로 부담하게 되는 수수료는 보통 얼마야?,3%에서 8%가 더 부과될 수 있어.,하나카드:22913
서비스 이용방법 안내,백화점 상품권을 산 금액도 당월 실적에 포함돼?,아니.,하나카드:22906
쇼핑케어,오늘 브이아이피 쇼핑케어 서비스를 해지하면 몇 개월 뒤에야 다시 가입할 수 있어?,3개월,하나카드:22904
이용내역 안내,카드사에서 즉시 취소 문자를 발송하나요?,"아니요, 가맹점에서 취소 전표를 보내야 취소 문자를 발송할 수 있습니다.",하나카드:22910
결제대금 안내,해외 결제 시 원화 결제를 차단하지 않으면 추가로 발생할 수 있는 비용은 무엇인가?,3~8% 수수료,하나카드:22913
결제대금 안내,사이트에서 봤던 금액과 실 결제액이 다른 이유는 원화 결제 차단을 하지 않았기 때문이야?,아니.,하나카드:22913
한도상향 접수/처리,체크카드에 걸어놓을 수 있는 한도는 뭐가 있어?,일일 사용 한도와 월간 사용 한도를 설정해 둘 수 있어.,하나카드:22914
포인트/마일리지 안내,마이 데이터를 해지하려면 따로 신청해야 해?,"아니, 카드를 없애면서 함께 해지 돼.",하나카드:22921
입금내역 안내,결제 취소 건은 카드 대금 청구일 당일에 반영되었어?,아니.,하나카드:22923
결제계좌 안내/변경,다른 사람이 내 가상 계좌에 돈을 넣어도 돼?,응.,하나카드:22922
결제계좌 안내/변경,가상 계좌를 예약할 수 있는 방법은 뭐가 있어?,모바일 어플이나 홈페이지를 통해 예약할 수 있어.,하나카드:22922
가상계좌 예약/취소,이월된 금액을 통장에 입금하면 추가 결제가 됩니까?,"아니요, 추가 결제되지 않습니다.",하나카드:22932
결제대금 안내,체크 카드 재발급할 때에도 발급 수수료가 발생해?,응.,하나카드:22937
결제대금 안내,발급 받은 카드를 얼마 이상을 써야 발급 수수료를 환급해 줘?,5000원 이상 사용해야 해.,하나카드:22937
단기카드대출 안내/실행,단기 카드 대출금에 대한 이율은 얼마나 돼?,연 16.73%,하나카드:22931
교육비,교육비 자동 이체를 설정해 놓은 카드 결제가 왜 안돼?,유효기간이 지난 카드라서 결제가 안 돼.,하나카드:22933
긴급 배송 신청,카드 분실 신고 후 재발급 시 평균적으로 며칠 정도 소요되나요?,2~3일,하나카드:22958
도난/분실 신청/해제,이전 카드와 재발급 되는 카드의 번호를 똑같이 설정할 수 있어?,"아니, 재발급되는 카드의 번호는 변경돼.",하나카드:22947
서비스 이용방법 안내,통장에 돈이 있으면 추가 조치 없이 해외에서 카드를 이용할 수 있어?,"아니, 돈을 출국하려는 나라의 대표 통화로 환전해야 한다.",하나카드:22960
이용내역 안내,호텔 결제 건의 모든 내역이 정상 매입으로 처리되었나요?,"예, 모든 결제 내역이 정상 매입으로 처리되었습니다.",하나카드:22991
수기환급 처리,연회비 환급은 어떤 조건으로 처리될 수 있었나?,본인 명의 계좌로만 입금,하나카드:22968
선결제/즉시출금,대출 상환 후 잔액 문자를 받을 수 있나요?,"아니요, 문자는 따로 발생하지 않습니다.",하나카드:22981
한도 안내,카드 한도 상향 대상자는 누구인가?,고객 본인,하나카드:22971
결제계좌 안내/변경,실물 통장 없이도 계좌 변경이 가능한가요?,"예, 계좌번호만 알고 있으면 가능합니다.",하나카드:22994
결제계좌 안내/변경,유선상으로 자동 이체 계좌를 변경하고자 할 경우 필요한 정보가 뭐야?,변경할 은행 이름과 계좌번호,하나카드:22994
승인취소/매출취소 안내,쿠팡 결제 취소 건은 어떻게 처리되었나요?,정상적으로 취소 데이터가 반영되었음,하나카드:23017
이용내역 안내,통신요금은 실적 제외 항목에 포함되는 거야?,응.,하나카드:22992
승인취소/매출취소 안내,상담 당시 학원비 취소가 즉시 처리되었나요?,"아니요, 평일 기준 2-3일 후에 처리될 예정입니다.",하나카드:22978
도난/분실 신청/해제,체크 카드 재발급 시 발급 수수료가 발생되는 거야?,응.,하나카드:23001
이용방법 안내,19세 미만 청소년을 위한 카드는 자동으로 청소년 요금이 적용되나요?,"예, 티머니 충전 후 사용하면 자동으로 청소년 요금이 적용됩니다.",하나카드:23014
도난/분실 신청/해제,카드 분실 시 즉시 재발급이 가능한가요?,"아니요, 재발급은 해당 카드사에 직접 연락해야 합니다.",하나카드:23018
승인취소/매출취소 안내,결제 취소 내용을 확인하고 싶은 게 쿠팡에서 이용했던 내용일까요?,예.,하나카드:23017
이용방법 안내,티머니 카드 발급 가능 연령이 어떻게 돼?,19세 미만,하나카드:23014
이용내역 안내,결제 정보가 당일에 반영되지 않고 늦게 반영될 수 있는 이유는 무엇인가요?,통신사 문제로 조금 늦게 올라갈 수 있습니다.,하나카드:23016
승인취소/매출취소 안내,카드 결제 취소 시 즉시 승인 취소 문자가 오나요?,"아니요, 전표가 접수된 후에 취소 문자가 발송됩니다.",하나카드:23019
한도상향 접수/처리,앱에서 카드 한도 상향을 진행할 수 있습니까?,아니요.,하나카드:23024
선결제/즉시출금,카드 유효기간이 지난 경우 자동 결제는 어떻게 진행되나요?,자동 이체만 가능,하나카드:23026
결제일 안내/변경/취소,카드 결제일 변경 후 며칠 이내에는 재변경이 어려울 수 있나요?,일정 기간 이내,하나카드:23022
오토할부/오토캐쉬백 안내/신청/취소,선입금 방식으로 결제할 경우 받을 수 있는 캐시백 비율은 얼마인가?,1.3%,하나카드:23029
이벤트 안내,대형 마트 업종으로 등록된 곳에서 결제 시 최대 몇 개월까지 무이자 할부가 가능하지?,5개월,하나카드:23041
승인취소/매출취소 안내,해외에서 결제 취소 시 즉시 취소가 안 되면 전표 매입까지 시간이 얼마나 걸립니까?,"보통 3, 4일에서 일주일까지 걸립니다.",하나카드:23032
승인취소/매출취소 안내,해외 결제 취소 시 즉시 취소가 되나요?,"아니요, 보통 3-4일에서 일주일 정도 소요됩니다.",하나카드:23032
결제대금 안내,"카드론 상환 후, 남아 있는 결제 예정 금액은 무엇인가요?",일시불 금액,하나카드:23030
서비스 이용방법 안내,첫 달에 실적이 없어도 할인 혜택을 받을 수 있나요?,"네, 첫 달에도 할인 혜택을 받을 수 있습니다.",하나카드:23065
이용내역 안내,재발급 받은 카드로 결제하면 재발급 수수료를 돌려받을 수 있나요?,"예, 국내 가맹점에서 일정 금액 이상 사용하면 재발급 수수료를 페이백 받을 수 있습니다.",하나카드:23031
심사 진행사항 안내,카드를 교체 발급받을 때도 심사가 필요해?,응.,하나카드:23042
매출구분 변경,해외 결제 건을 무이자 할부로 변경할 수 있어?,"아니, 해외 이용 건은 할부 무이자 이벤트가 없어서 변경하면 할부 이자가 부과돼.",하나카드:23045
일부결제대금이월약정 해지,리볼빙 해지 후 재가입 시 심사를 받아야 할까요?,"네, 재가입을 원한다면 다시 심사를 받아야 합니다.",하나카드:23043
연체대금 즉시출금,이중 인출이 되면 즉시 계좌로 환불되는 거야?,"아니, 내일 계좌로 환불 돼.",하나카드:23039
선결제/즉시출금,선결제는 정상적으로 처리되었어?,응.,하나카드:23046
오토할부/오토캐쉬백 안내/신청/취소,오토 캐시백을 신청하려면 어떻게 해야 해?,카드를 수령한 다음 사용 등록을 하고 오토 캐시백을 신청하면 돼.,하나카드:23048
한도상향 접수/처리,주말에 한도 상향 요청이 어려웠던 이유는 뭐 때문이지?,주말에는 고객센터가 운영되지 않아 서비스 이용에 제한이 있었어.,하나카드:23051
선결제/즉시출금,선결제를 위해 통장에서 빠져나간 돈은 얼마야?,이백만 원,하나카드:23046
승인취소/매출취소 안내,이번 달 결제할 금액이 100만 원이라면 10만 원 차감 신청을 했을 경우 자동 차감돼서 얼마를 결제하면 돼?,90만 원,하나카드:23064
승인취소/매출취소 안내,결제 취소 처리가 즉시 완료되었나요?,"아니요, 아직 취소 요청이 처리되지 않았습니다.",하나카드:23052
한도상향 접수/처리,소득 확인을 위해 공공 마이데이터 서비스 이용에 동의하면 소득 서류를 보내지 않아도 돼?,응.,하나카드:23060
일부결제대금이월약정 안내,이월 약정 리볼빙 서비스에 가입하면 결제일에 잔고가 부족할 경우 어떻게 돼?,다음 달로 카드 대금이 이월된다.,하나카드:23066
선결제/즉시출금,카드 결제일에 결제 계좌가 아닌 다른 계좌에서 일회성 출금으로 납부가 가능한가요?,네.,하나카드:23135
한도상향 접수/처리,한도 상향 심사에 공공 마이데이터 서비스를 왜 이용하려고 하는 거야?,"고객의 정확한 소득이 확인되면 심사에 유리한데, 서류 제출 없이 실시간으로 소득 확인이 가능해서다.",하나카드:23063
일부결제대금이월약정 안내,사람들은 이월 약정 리볼빙 서비스를 연체 방지용으로 많이 가입하고 있어?,응.,하나카드:23066
선결제/즉시출금,선결제 완료 후에 사용한 요금이 있으면 결제일에 청구될 수 있어?,응.,하나카드:23070
서비스 이용방법 안내,카드 대금에 할인이 적용된 것을 어떻게 확인할 수 있어?,카드 대금 청구서에 마이너스 금액으로 표시되어 알 수 있다.,하나카드:23065
이용내역 안내,카드 사용 즉시 문자로 누적 금액이 바로 표시되나요?,"예, 카드를 사용하면 문자 상에 바로 누적 금액이 표시됩니다.",하나카드:23088
서비스 이용방법 안내,쿠폰 서비스 이용 시 추가 비용이 발생하나요?,"아니요, 별도의 추가 비용 없이 제공되는 서비스입니다.",하나카드:23079
이용방법 안내,같은 상품의 카드를 두 개 발급받았을 경우 어떻게 되나요?,하나가 못 쓰게 됨,하나카드:23126
신용공여기간 안내,일시불과 현금 서비스의 청구 기간이 서로 다른가?,"예, 청구 기간이 서로 다릅니다.",하나카드:23092
이용방법 안내,새 카드가 발급되면 이전 카드는 사용이 불가능한 거야?,응.,하나카드:23126
단기카드대출 안내/실행,이 상담에서 신청한 대출의 이자율은 얼마인가?,19.4%,하나카드:23149
결제대금 안내,이번 달 납부할 할부 금액은 얼마인가요?,할부 금액,하나카드:23125
이용내역 안내,티머니 가입 시 처음에 승인된 금액은 무엇을 의미하나요?,보증금,하나카드:23141
일부결제대금이월약정 해지,해지 후 남은 연회비는 어떻게 되지?,남은 연회비는 은행 계좌로 환불돼.,하나카드:23102
선결제/즉시출금,결제 계좌가 아닌 다른 계좌에서 출금하여 납부 처리를 한 후 결제 계좌의 잔고를 왜 비워야 하지?,이중 납부가 될 수 있기 때문이다.,하나카드:23135
이용내역 안내,취소된 거래 금액은 얼마인가?,해당 원,하나카드:23138
쇼핑케어,멤버십 서비스에 가입하면 매달 15일에 할인권을 받는 것인가요?,"아니요, 매달 1일에 할인권을 받습니다.",하나카드:23172
이벤트 안내,스타벅스 쿠폰은 어떻게 확인할 수 있나요?,카드 앱에서 확인,하나카드:23169
교육비,학생의 카드 결제가 승인 거절된 주된 이유는 무엇인가?,정지된 카드로 승인 요청했기 때문,하나카드:23166
"정부지원 바우처 (등유, 임신 등)",체크 카드로 바우처를 사용하는 경우 차감 내용을 어떻게 전달받을 수 있나요?,문자로,하나카드:23171
결제일 안내/변경/취소,8월 10일 결제 금액에 대한 청구서는 확정되었나요?,아니요.,하나카드:23183
"정부지원 바우처 (등유, 임신 등)",교육 급여 바우처는 어떻게 사용할 수 있나요?,교육 관련 업종에서 체크카드로 사용,하나카드:23171
쇼핑케어,멤버십 서비스의 월 이용료는 얼마인가요?,2천 원,하나카드:23172
포인트/마일리지 전환등록,포인트는 적립된 후 몇 년 동안 소멸되지 않나요?,5년,하나카드:23176
소득공제 확인서/종합소득세 안내,연말 정산 내역서는 한 장으로 간단하게 작성되어 있나요?,"예, 한 달에 얼마씩 적혀있는 간단한 한 장짜리 서류입니다.",하나카드:23192
한도 안내,신용카드 한도는 어떻게 초기화되나요?,매월 초기화되지 않고 결제일에 납부한 금액만큼 다시 사용 가능,하나카드:23181
단기카드대출 안내/실행,현금 서비스 이용 시 적용되는 연 이자율은 얼마인가?,13.65%,하나카드:23182
승인취소/매출취소 안내,해당 카드사는 결제를 취소할 수 있는 권한이 있지?,"아니, 없어.",하나카드:23230
긴급 배송 신청,오늘 오후 4시 이후에 긴급 배송을 즉시 신청할 수 있나요?,"아니요, 내일 긴급 배송으로 최대한 빠르게 처리하겠습니다.",하나카드:23193
이벤트 안내,백화점에서 결제 시 무이자 할부는 몇 개월까지 가능해?,3개월까지 무이자 할부가 가능해.,하나카드:23200
일부결제대금이월약정 안내,선결제 후 추가 사용 금액에 대해 리볼빙 처리가 가능한가?,"예, 선결제 후에도 추가 사용 금액에 대해 리볼빙 처리가 가능합니다.",하나카드:23195
심사 진행사항 안내,전화한 은행원은 자신의 복지 카드 발급 진행 상황을 확인했지?,"아니, 은행원의 손님이 신청한 복지 카드 발급 진행 상황을 확인했어.",하나카드:23212
단기카드대출 안내/실행,현금 서비스로 신청한 금액은 얼마인가요?,현금 서비스는 신청한 금액이 현금 서비스로 처리되었습니다.,하나카드:23208
이용내역 안내,카드사로 전표가 넘어오는 데 걸리는 시간이 얼마나 돼?,"2, 3일",하나카드:23209
결제일 안내/변경/취소,결제일 변경 시 재변경이 불가능한 기간은 얼마인가?,일 이내,하나카드:23244
이벤트 안내,무이자 혜택이 적용되는 주요 업종은 무엇인가요?,"온라인 쇼핑, 백화점, 종합병원, 병원, 약국, 대형 마트, 여행사, 면세점, 항공",하나카드:23240
승인취소/매출취소 안내,결제한 내역을 취소하려면 어떻게 해야 하나요?,결제한 매장이나 페이코 고객센터에 직접 문의하기,하나카드:23230
증명서/확인서 발급,카드사는 서류 접수를 6시까지 받지?,"아니, 5시 반까지 받아.",하나카드:23241
이벤트 안내,지금 카드사에서 진행하는 무이자 이벤트 업종에 종합병원도 들어가?,응.,하나카드:23240
"정부지원 바우처 (등유, 임신 등)",골프장에서도 교육 급여 바우처를 사용할 수 있지?,아니.,하나카드:23249
이벤트 안내,할인받은 통신 요금도 카드 실적에 포함이 되지?,"아니, 할인받지 않은 통신 요금만 실적에 포함될 수 있어.",하나카드:23256
승인취소/매출취소 안내,카드사에서는 자동 이체를 차단할 수 있지?,아니.,하나카드:23253
"정부지원 바우처 (등유, 임신 등)",교육 급여 바우처 포인트는 어떤 용도로 사용할 수 있나요?,교육 활동 관련 구매,하나카드:23249
오토할부/오토캐쉬백 안내/신청/취소,한도 내에서 결제하여 내달 청구되는 후불 개념으로 이벤트 등록하면 캐시백률을 1.3%로 받을 수 있어?,"아니, 1%로 받을 수 있어.",하나카드:23287
이벤트 안내,카드 연회비는 1년에 한 번 내는 것인가?,"예, 기본 연회비와 추가 서비스 연회비 모두 1년에 한 번 냅니다.",하나카드:23284
심사 진행사항 안내,챗봇 링크는 받은 시점으로부터 몇 시간 이내에 실행해야 하나?,두 시간,하나카드:23280
매출구분 변경,가맹점에서 무이자 할부를 진행할 수 있나요?,"예, 가맹점에서 취소 후 다시 할부로 결제하면 무이자 할부가 가능합니다.",하나카드:23277
가상계좌 안내,리볼빙 시 적용되는 수수료 퍼센트는 얼마인가?,19.95%,하나카드:23275
교육비,카드사를 통해 신청된 정보가 최종 승인되면 자동이체 등록이 완료되나요?,"네, 카드사를 통해 신청된 정보가 최종 승인되면 자동이체 등록이 완료됩니다.",하나카드:23279
이벤트 안내,전월 실적이 얼마 이상이면 통신 요금 자동이체 금액에서 할인을 받을 수 있나?,몇 백원 이상,하나카드:23285
오토할부/오토캐쉬백 안내/신청/취소,카드 부서의 이벤트에 등록하여 대금 결제를 하면 현금 캐시백을 얼마나 받을 수 있나요?,0.8~0.3 퍼센트,하나카드:23287
결제계좌 안내/변경,몇 월부터 변경된 계좌번호로 카드 대금이 출금되지?,11월,하나카드:23324
결제일 안내/변경/취소,결제일 변경 시 기존 이용 금액이 변경된 결제일에 그대로 청구될까요?,"아니요, 단기 카드 대출이나 자동이체의 경우 이용 기간에 따라 두 달분이 청구될 수 있습니다.",하나카드:23311
일부결제대금이월약정 해지,카드 해지를 위해서는 미결제 잔액을 전부 처리해야 하나?,"예, 미결제 잔액을 전부 처리해야 카드 해지가 완료됩니다.",하나카드:23306
이벤트 안내,다음 이벤트가 적용되는 기간은 몇 개월이야?,6개월,하나카드:23309
선결제/즉시출금,할부 상환 시 중도 상환 수수료 없이 부분 상환할 수 있는 방법은 어떻게 되나요?,사용된 날짜 이자와 함께 선결제,하나카드:23343
결제계좌 안내/변경,모든 은행의 결제 계좌에서 오후 11시 이후 자동이체 출금이 가능한가요?,"아니요, 특정 은행에서만 가능합니다.",하나카드:23305
매출구분 변경,해외 카드 사용 금액 할부 전환 시 무이자 할부가 가능한가?,아니요.,하나카드:23325
한도 안내,현재 학생이 수업 중인 상황에서 상담을 즉시 진행할 수 있나요?,"아니요, 나중에 학부모와 직접 통화하여 상담을 진행해야 합니다.",하나카드:23327
이벤트 안내,무이자 할부 시 첫 4회차 동안 이자를 어떻게 부담해야 하나요?,첫달부터 4회차까지 이자를 부담해야 합니다.,하나카드:23340
일부결제대금이월약정 안내,결제일의 수수료 금액은 오늘 안내받은 예정 금액과 정확히 동일한가요?,"아니요, 결제일 청구 금액은 달라질 수 있습니다.",하나카드:23338
승인취소/매출취소 안내,"보통 평일 기준으로, 결제 취소 전표가 카드사에 도착하는데 3, 4일 정도 걸려?",응.,하나카드:23365
일부결제대금이월약정 안내,장기 카드 대출은 다음 달로 이월되나요?,"아니요, 장기 카드 대출은 이월되지 않습니다.",하나카드:23330
이용내역 안내,결제 금액은 어떻게 납부할 수 있나요?,손님의 연결된 계좌에서 선결제하거나 가상계좌로 납부할 수 있습니다.,하나카드:23367
이벤트 안내,카드 해지는 전화로 바로 가능한가?,"예, 지금처럼 전화로 요청하면 바로 해지할 수 있습니다.",하나카드:23350
한도 안내,카드 유효 기간은 어떻게 알 수 있어?,"카드 앞면에 보면 월, 연 순으로 중앙에 나와 있다.",하나카드:23376
선결제/즉시출금,지금 완납하면 이자도 함께 내야 해?,"아니, 이자 없이 원금만 납부하는 거야.",하나카드:23379
"정부지원 바우처 (등유, 임신 등)",바우처 잔액 확인은 앱에서도 할 수 있어?,아니.,하나카드:23410
결제대금 안내,이번 달 청구되는 연회비는 얼마인가?,"4,000원",하나카드:23406
"정부지원 바우처 (등유, 임신 등)",바우처 사용이 제한되는 항목에는 무엇이 있나요?,"피부 체형관리, 주점, 면세점, 골프장, 헬스클럽, 당구장, 오락실, PC방, 노래방, 보험, 전화요금, 우편 요금, 공과금, 지방 관세, 국세, 상품권, 선불 전자 지급 수단 충전, 기부금 등이 바우처 사용이 제한되는 항목입니다.",하나카드:23407
이용방법 안내,카드 실적 충족 시 받을 수 있는 혜택은 어떻게 확인할 수 있나요?,앱의 혜택 메뉴에서 지난달과 이번 달 실적 및 받은 혜택 확인 가능,하나카드:23419
승인취소/매출취소 안내,승인 후 카드 전표가 접수되지 않으면 어떻게 처리돼?,한 달 후에 자동으로 승인 내역이 삭제돼.,하나카드:23428
한도 안내,현금 서비스의 한도 상향은 카드 발급 후 2개월 이후에 확인 가능해?,"아니, 1개월이 지나면 확인해 볼 수 있어.",하나카드:23421
이용방법 안내,카드 실적에 따라 할부 금액은 얼마나 할인돼?,"60만 원 이상 사용하면 2만 원, 30만 원 이상 사용하면 만 원 할인돼.",하나카드:23419
도난/분실 신청/해제,카드의 분실 정지 상태를 해지하고 즉시 이용할 수 없는 기능은 무엇인가요?,후불 하이패스 기능입니다.,하나카드:23423
이용내역 안내,리볼빙 서비스에 가입하면 따로 내야 하는 금액이 있어?,아니.,하나카드:23429
"정부지원 바우처 (등유, 임신 등)",바우처를 노래방에서 사용할 수 있어?,"아니, 사용할 수 없어.",하나카드:23418
매출구분 변경,할부 변경으로 인해 수수료가 발생하였나요?,예.,하나카드:23436
일부결제대금이월약정 안내,리볼빙 서비스의 결제 비율을 변경하고 싶을 때 어떻게 해야 하나요?,결제 대금 확정 후 결제일 월요일까지 전화로 변경 가능,하나카드:23433
이용방법 안내,카드를 삼성페이에 등록하려면 삼성에 연락해야 해?,"아니, 상담사가 등록하는 방법을 알려줬어.",하나카드:23426
결제대금 안내,해외에서 결제를 하면 카드사로 실시간 반영이 즉시 되는 거야?,아니.,하나카드:23434
이용내역 안내,보험료가 이중으로 승인됐는지 확인하려면 보험사 대표번호로 연락하면 돼?,응.,하나카드:23422
단기카드대출 안내/실행,검찰청을 사칭한 보이스 피싱도 있어?,응.,하나카드:23447
일부결제대금이월약정 안내,리볼빙 서비스 100% 설정 시 수수료가 발생하나요?,아니요.,하나카드:23433
선결제/즉시출금,확정된 결제 금액이 나오기 전에도 일부 선결제가 가능한가요?,예.,하나카드:23435
서비스 이용방법 안내,카드로 라운지에 입장하기 위해 어떻게 해야 하나요?,"라운지 안내 데스크에 당일 탑승권, 여권 및 앱에 있는 해당 카드 제시",하나카드:23432
"정부지원 바우처 (등유, 임신 등)",교육 급여 바우처로 사용할 수 없는 대표적인 업종은 무엇인가?,"주류 전문점, 유흥 주점, 사우나, 노래방, 카지노 등",하나카드:23449
서비스 이용방법 안내,라운지를 이용하려면 특정 금액 이상의 실적이 필요해?,응.,하나카드:23432
결제대금 안내,해외 결제 시 카드사에 반영되는 시간이 2-3일 정도 소요되는 이유는 무엇인가?,카드 브랜드 회사를 거쳐 넘어오기 때문,하나카드:23434
결제대금 안내,해외에서 결제를 한 내역이 카드사에 반영이 되려면 얼마가 걸려?,"최소 2, 3일",하나카드:23434
가상계좌 예약/취소,상담 내용에서 가상계좌의 결제 금액에 이자는 포함되지 않았니?,"아니, 가상계좌 입금액은 이자와 원금을 합친 금액이야.",하나카드:23437
이벤트 안내,적립된 포인트는 물건을 살 때 사용할 수 있어?,응.,하나카드:23430
안심클릭/▲▲카드/기타페이 안내,장기 대출 중도상환 시 상환 방식은 어떻게 할 수 있나요?,완납 또는 부분 상환 모두 가능,하나카드:23444
승인취소/매출취소 안내,가맹점에서 취소 전표가 카드사로 넘어오는데 걸리는 시간은 얼마야?,4일에서 5일,하나카드:23443
매출구분 변경,왜 당월 청구 대금이 변경되나요?,할부 변경에 따라서 할부 수수료가 청구되고 당월 청구 금액이 조정되기 때문입니다.,하나카드:23436
선결제/즉시출금,대출 계약 후 며칠까지 전액 상환하면 대출 계약 철회 대상에 해당하나요?,14일 이내,하나카드:23448
연회비 안내,신청한 카드를 한 번도 사용하지 않으면 연회비도 없는 거야?,아니.,하나카드:23454
단기카드대출 안내/실행,고금리 대출 받고 상환하면 저금리 대출이 가능하다는 금융 회사 직원의 연락을 받으면 보이스 피싱을 의심해야 해?,"응, 이유를 대면서 수수료 납부를 요구하는 경우도 있어.",하나카드:23453
쇼핑케어,멤버십 서비스 가입을 해지하면 곧바로 재가입할 수는 없어?,응.,하나카드:23450
이용내역 안내,미리 티비의 가맹점 명은 주식회사 미리야?,"아니, 주식회사 이니시스야.",하나카드:23451
선결제/즉시출금,남아 있는 카드론의 매달 결정액에는 무엇까지 포함된 거야?,이자,하나카드:23452
"정부지원 바우처 (등유, 임신 등)",상담 내용으로 볼 때 교육 급여 바우처를 서점에서 쓸 수 있니?,"응, 상담사가 말한 바우처 사용 제한 업종에 서점은 들어 있지 않아.",하나카드:23449
승인취소/매출취소 안내,결제 취소가 카드사의 전표 매입에 걸리는 시일은 며칠이야?,평일 기준 2~3일,하나카드:23460
선결제/즉시출금,대출 일부 상환 처리 후 월별 청구 금액은 변동이 있나요?,예.,하나카드:23461
가상계좌 예약/취소,가상계좌 입금은 오늘 밤 11시 반까지인가요?,예.,하나카드:23472
이용내역 안내,현대해상 화재보험에서 결제한 내역이 왜 아직 청구되지 않았나요?,보험사에서 카드사로 영수증을 아직 보내지 않아 청구가 확정되지 않았기 때문입니다.,하나카드:23469
한도 안내,상담 내용에서 카드 사용 시 정해진 사용 금액을 초과하는 상황을 무엇이라 부르니?,한도 초과,하나카드:23455
선결제/즉시출금,이번 달 결제 예정 금액은 할인이 적용된 상태인가?,"예, 기본 할인이 적용된 금액입니다.",하나카드:23489
전화요금,대리점을 통해 자동이체를 신청했나요?,"예, 대리점을 통해 자동이체를 신청했습니다.",하나카드:23478
이용내역 안내,후불 교통 카드 결제는 사용 당일에 즉시 이루어지나요?,"아니요, 후불 교통 특성상 사용 시점과 결제 시점이 다릅니다.",하나카드:23492
선결제/즉시출금,카드 대금을 결제한 이후에도 다른 금액이 나중에 청구될 가능성이 있어?,응.,하나카드:23500
장기카드대출 안내,장기 카드 대출의 원래 연 이율은 몇 프로야?,16.29%,하나카드:23482
연체대금 즉시출금,이중 출금이 발생하면 환급 처리가 불가능한가요?,"아니요, 익영업일 오전에 결제 계좌로 환급이 가능합니다.",하나카드:23468
연체대금 즉시출금,연체 대금 출금은 계좌 변경과 함께 즉시 결제가 가능한가요?,"예, 가능합니다.",하나카드:23468
연회비 안내,기본 연회비를 제외한 제휴 연회비는 얼마인가요?,제휴 연회비는 일정 금액,하나카드:23477
이용내역 안내,통신 요금을 카드로 납부하면 연말정산 공제를 받을 수 있어?,아니요.,하나카드:23485
장기카드대출 안내,신용 조회 기록이 신용도에 영향을 미칠 수 있어?,예.,하나카드:23482
선결제/즉시출금,카드 할부 개월 수는 어떻게 결정되나요?,가맹점 업종과 가맹점에 따라 다르게 결정됩니다.,하나카드:23501
결제일 안내/변경/취소,카드 결제일을 변경하고 나면 얼마 동안은 재변경이 안 된다고 해?,60일,하나카드:23488
결제일 안내/변경/취소,결제일 변경 시 주의해야 할 사항은 무엇인가?,"60일 이내 재변경 불가, 기존 사용금액 청구 방식 변동 가능성",하나카드:23488
이용내역 안내,10만 원 이하 결제 시 받는 문자 알림은 유료 서비스야?,응.,하나카드:23495
승인취소/매출취소 안내,미리 납부하였던 결제 취소 금액은 어떻게 처리돼?,고객의 결제 계좌로 환급돼.,하나카드:23490
선결제/즉시출금,선결제를 완료하고 나면 다음 달에 추가 결제될 금액은 없어?,아니.,하나카드:23497
서비스 이용방법 안내,모바일 카드를 플라스틱 카드로 재발급 받으려면 어떻게 해야 하나요?,모바일이나 홈페이지를 통해 재발급 신청,하나카드:23502
승인취소/매출취소 안내,취소된 결제 금액은 청구서에서 제외될 예정이야?,응.,하나카드:23516
일부결제대금이월약정 해지,연회비는 어떻게 환불될 예정인가요?,평일 기준 5일 이내 통장으로 자동 입금될 예정입니다.,하나카드:23507
일부결제대금이월약정 해지,이월 금액 약정 서비스도 해지되었나요?,"예, 고객의 요청에 따라 이월 금액 약정 서비스도 해지되었습니다.",하나카드:23507
소득공제 확인서/종합소득세 안내,개인사업자가 국세청에 등록하려고 하는 카드는 무엇을 등록하려고 했나요?,사업자용 신용카드,하나카드:23531
이벤트 안내,중고차 구매 시 할부 금리는 얼마인가?,연 18.35%,하나카드:23536
결제일 안내/변경,카드 결제일 변경 후 60일 이내에 재변경이 가능한가?,"아니요, 60일 이내에는 재변경이 어려울 수 있습니다.",하나카드:23558
연회비 안내,카드의 포인트는 현금처럼 사용할 수 있어?,응.,하나카드:23554
이벤트 안내,중고차 구매할 때 적용할 수 있는 무이자 이벤트가 있나요?,"아니요, 중고차 업종으로는 무이자 할부 행사가 없습니다.",하나카드:23536
이용내역 안내,후불 교통 이용 요금에 대한 환급금은 통장으로 입금되나요?,예.,하나카드:23529
이용내역 안내,왜 교통비가 자동으로 차감되지 않았나요?,후불 교통 카드 이용 요금이라서 지원금이 청구 환급 프로세스를 통해 처리되기 때문입니다.,하나카드:23529
이용내역 안내,임산부 교통비 지원을 위해 사용 중인 카드는 무엇인가요?,교통카드,하나카드:23529
결제계좌 안내/변경,왜 결제 계좌의 잔고를 비워두어야 해?,이중 출금이 발생할 수 있으므로 결제 계좌의 잔고를 비워두는 것이 필요해.,하나카드:23514
결제대금 안내,장기 카드 대출 이자는 현재 얼마야?,16.09%,하나카드:23522
한도상향 접수/처리,카드 한도 상향 심사 결과는 상담 중 바로 확인되었나요?,"아니요, 내일까지 결과가 나올 예정입니다.",하나카드:23548
결제일 안내/변경,아파트 관리비는 카드 이용 실적으로 포함되나요?,아니요.,하나카드:23539
프리미엄 바우처 안내/발급,제공 기간이 지난 미사용 바우처는 다음으로 이월되나요?,"아니요, 자동 소멸됩니다.",하나카드:23557
프리미엄 바우처 안내/발급,프리미엄 바우처는 카드 발급자 본인에게만 제공되는 건가요?,네.,하나카드:23552
이용내역 안내,결제가 거부된 이유는 무엇입니까?,잔액 부족,하나카드:23550
일부결제대금이월약정 해지,카드 해지 후 적립된 포인트가 있나요?,"아니요, 적립된 포인트가 없습니다.",하나카드:23551
한도 안내,한도 상향을 위한 자동 산정은 얼마나 자주 이루어지나요?,월에 한 번,하나카드:23564
결제일 안내/변경,체크카드 자체는 현재 정상적으로 발급되어 있나요?,"예, 체크카드는 문제없이 정상적으로 발급되어 있습니다.",하나카드:23573
결제일 안내/변경/취소,"포인트가 얼마일 때, 결제 문자 알림 서비스 요금으로 우선 납부되지?",300포인트 이상,하나카드:23563
"정부지원 바우처 (등유, 임신 등)","체크카드로 교육 바우처를 사용할 때, 포인트가 부족하면 현금으로 결제되나요?",네.,하나카드:23561
승인취소/매출취소 안내,카드사에 매출 취소 영수증이 접수되었나?,"아니요, 카드사에 매출 취소 영수증이 접수되지 않았습니다.",하나카드:23574
"정부지원 바우처 (등유, 임신 등)",카드사 홈페이지에서 교육 급여 바우처에 관한 확인을 할 수 있어?,아니.,하나카드:23576
이벤트 안내,이벤트 혜택을 받기 위해 직전 몇 개월 동안 카드 신용 결제 이력이 없어야 하나요?,2개월,하나카드:23579
연체대금 즉시출금,카드 연체 대금을 즉시 출금 처리할 경우 이중 출금을 막으려면 결제 계좌의 잔고를 없애면 돼?,응.,하나카드:23594
이용내역 안내,할부 기간을 변경하려면 어떻게 해야 해?,고객이 가맹점에 문의하여 취소 후 재결제를 해야 해.,하나카드:23603
승인취소/매출취소 안내,주유소에서 카드 결제 취소를 어떻게 처리할 수 있나요?,주유소에서 카드사의 가맹점 부서로 직접 연락,하나카드:23599
연체대금 즉시출금,오늘 연체 대금 즉시 출금 후 이중 출금된 경우 어떻게 처리돼?,내일 오전 중에 이중 출금된 금액이 결제계좌로 입금돼.,하나카드:23596
승인취소/매출취소 안내,주유소에서 카드사에 승인 취소를 요청하려면 법인 부서로 연락하면 돼?,"아니, 가맹점 부서로 연락해야 해.",하나카드:23599
일부결제대금이월약정 해지,카드 해지 후 다시 카드를 발급받고 싶다면 어떻게 해야 해?,"다시 심사를 받고, 카드 발급을 진행해야 해.",하나카드:23602
연체대금 즉시출금,후불 교통 카드는 연체 대금을 결제해도 바로 사용할 수 없어?,"응, 후불 교통 카드 기능이 있으면 2, 3영업일 이후부터 카드를 사용할 수 있어.",하나카드:23596
이용방법 안내,모바일카드와 실물카드 실적은 합산되나요?,네.,하나카드:23605
이용내역 안내,후불 교통카드 기능을 사용하면 어떤 이벤트 혜택에 제한이 생기나요?,신용카드 신규 발급 프로모션 대상에서 제외됨,하나카드:23606
이용내역 안내,카드를 갱신하면 자동 이체 설정을 전부 다시 해야 하나요?,아니요.,하나카드:23609
선결제/즉시출금,대출을 받지 않고 신용 조회만 해도 신용도가 떨어질 수 있어?,아니.,하나카드:23604
이용방법 안내,모바일 카드를 등록한 다음 앱에서 모바일 카드 번호 전체를 보려면 어떻게 해야 해?,"카드사 앱에 접속 후 카드 관리로 들어가서 카드 정보 확인을 누르고, 가려진 정보 확인을 누르면 모바일 카드 번호 전체를 볼 수 있어.",하나카드:23605
이용내역 안내,후불 교통카드를 사용 이력이 있으면 왜 혜택을 받을 수 없지?,"신용 결제 이력이 있으면 이벤트 대상에서 제외되는데, 후불 교통카드는 신용 기능이기 때문이다.",하나카드:23606
프리미엄 바우처 안내/발급,바우처를 신청하고 나서 취소가 가능한가요?,"네, 당일에 한해 취소가 가능합니다.",하나카드:23610
이용내역 안내,카드 갱신 후 자동으로 변경되지 않아 직접 변경해야 하는 서비스는 무엇인가?,현대해상 보험과 에스케이매직 정수기,하나카드:23609
오토할부/오토캐쉬백 안내/신청/취소,오토캐시백을 받기 위해서는 어떻게 해야 하나요?,가상 계좌에 선입금하고 카드로 결제하기,하나카드:23613
신용공여기간 안내,카드사 앱에는 실적을 확인할 수 있는 메뉴가 있나요?,네.,하나카드:23607
프리미엄 바우처 안내/발급,바우처는 어떻게 사용하면 되니?,문자로 받은 신세계상품권을 이마트 등에서 교환하여 사용하면 돼.,하나카드:23610
선결제/즉시출금,선결제를 하려면 결제 건 영수증이 들어와야 해?,응.,하나카드:23608
신용공여기간 안내,4월 카드 대금을 미리 결제할 수 있나요?,"아니요, 아직 금액이 확정되지 않아 불가능합니다.",하나카드:23611
선결제/즉시출금,결제 금액이 확정되지 않았더라도 선결제 가능한 항목은 뭐야?,"할부 금액, 일시불 금액",하나카드:23618
신용공여기간 안내,카드사 어플에서 카드대금 결제일을 변경할 수 있나요?,네.,하나카드:23620
선결제/즉시출금,카드 결제일에 따라 출금 금액에 어떤 차이가 발생하나요?,수수료 차이로 인해 출금 금액에 차이가 발생함,하나카드:23617
신용공여기간 안내,카드를 발급한 다음 달에는 카드 사용 실적이 없어도 할인 혜택을 받을 수 있어?,"응, 실적이 없어도 할인 적용이 가능해.",하나카드:23611
승인취소/매출취소 안내,카드사에서 해외 결제 취소를 직접 할 수 있나요?,"아니요, 카드사는 해외 결제 취소 권한이 없어 알리익스프레스에 취소 요청을 해야 합니다.",하나카드:23616
장기카드대출 안내,연체되었던 카드 대금 결제 후 완납으로 정정 발송되기까지 얼마나 걸리나요?,평일 기준 2~3일 소요됩니다.,하나카드:23614
신용공여기간 안내,결제일 변경은 어떻게 할 수 있나요?,어플이나 상담원을 통해 변경 가능,하나카드:23620
결제일 안내/변경/취소,이번 달부터 결제일이 변경되나요?,아니요.,하나카드:23638
이벤트 안내,현대백화점 면세점에서 무이자 혜택이 적용되나요?,예.,하나카드:23669
이용내역 안내,카드사에서 해당 결제를 취소할 수 있나?,아니요.,하나카드:23636
한도상향 접수/처리,외국인등록증을 오늘까지 제출하지 않을 경우 한도 상향 심사는 불가해?,응.,하나카드:23634
이용내역 안내,해외 호텔 사용 금액이 완전히 취소된 상태인가요?,"아니요, 나중에 영수증이 매입되면 다시 청구될 수 있습니다.",하나카드:23679
도난/분실 신청/해제,주회원이 카드 재발급을 요청해야 하나요?,예.,하나카드:23701
이용내역 안내,할부 수수료가 매월 다른 이유는 무엇인가?,남아있는 원금에 따라 이자가 발생하기 때문,하나카드:23696
결제대금 안내,미청구된 할부 원금은 얼마야?,180만 원,하나카드:23697
한도상향 접수/처리,어떻게 한도 상향이 처리되었나요?,심사 없이 고객 요청에 따라 즉시 처리되었습니다.,하나카드:23693
한도상향 접수/처리,한도 상향을 정기 한도로 요청되었어?,"응, 상향이 계속 유지 될 수 있도록 정기 한도로 요청되었다.",하나카드:23699
쇼핑케어,쇼핑케어 서비스를 취소한 카드는 정상적으로 사용이 가능한가요?,예.,하나카드:23692
이용내역 안내,주유소에서의 결제 금액의 일부가 승인 거절되었어?,응.,하나카드:23711
선결제/즉시출금,장기 카드론 대출의 상환 방식은 어떻게 진행되고 있나요?,원금 균등 상환 방식,하나카드:23690
승인취소/매출취소 안내,결제 금액이 정상적으로 취소되었어?,응.,하나카드:23705
이용방법 안내,바코드 기계가 없는 곳에서도 바코드 결제가 가능해?,아니.,하나카드:23702
이용방법 안내,분실 해제된 카드는 정상적으로 결제되었나요?,아니요.,하나카드:23707
이용방법 안내,편의점에서 결제할 때 가장 편리한 결제 방법은 어떻게 하는 거야?,바코드로 결제,하나카드:23702
이벤트 안내,이벤트를 통해 받은 포인트는 어떻게 사용할 수 있어?,포인트는 고객이 캐시백으로 받거나 사용처에서 온라인 결제도 가능하다.,하나카드:23713
금리인하요구권 안내/신청,금리인하요구권 신청으로 금리가 1% 인하 되었어?,아니.,하나카드:23717
이용내역 안내,지마켓 연결해 주는 설정을 카드사에서 변경할 수 있어?,아니.,하나카드:23714
교육비,스쿨뱅킹으로 급식비 카드 등록은 완료됐어?,응.,하나카드:23715
입금내역 안내,카드에서 출금된 금액은 ATM에서 인출되었나요?,아니요.,하나카드:23720
결제계좌 안내/변경,해외에서 카드 사용 시 결제 방식은 어떻게 진행되나요?,달러 유에스디 신용결제로 외화 계좌에서 결제일에 출금 청구됨,하나카드:23744
승인취소/매출취소 안내,카드 청구서에 카드 결제 취소 내역이 포함된 이유가 뭐야?,카드 결제 취소가 청구서가 작성되고 나서 되었기 때문에 청구서에는 표기가 되는 거야.,하나카드:23749
단기카드대출 안내/실행,현금 서비스의 현재 이자율은 몇 프로인가?,15.4%,하나카드:23762
단기카드대출 안내/실행,카드사가 은행 대출 이율을 알 수 있나요?,아니요.,하나카드:23762
선결제/즉시출금,리볼빙 서비스를 해지하면 추후 재이용이 어려울 수 있나요?,예.,하나카드:23760
선결제/즉시출금,이월된 금액은 어떻게 청구될 예정인가요?,이월된 금액은 다음 달에 합산되어 청구될 예정입니다.,하나카드:23760
결제대금 안내,신용카드는 사용한 후 바로 선결제를 할 수 있어요?,아니요.,하나카드:23766
선결제/즉시출금,단기 카드 대출 납부금액에는 수수료도 포함된 거야?,응.,하나카드:23768
선결제/즉시출금,왜 처음 인출을 시도한 계좌에서 결제가 실패했나요?,잔액 부족으로 인해 결제가 실패했습니다.,하나카드:23764
한도 안내,재발급 받은 카드의 번호랑 분실한 카드의 번호는 같아?,아니.,하나카드:23770
단기카드대출 안내/실행,대출 실행을 위한 카드 비밀번호 인증은 어떻게 했지?,상담사가 연결해 준 ARS에 카드 비밀번호를 눌렀다.,하나카드:23776
결제대금 안내,11월 11일에 승인된 아파트 관리비는 얼마야?,50만 원,하나카드:23779
이용내역 안내,보험 납부 시 할부 개월 수가 있나요?,"예, 할부 개월 수가 있습니다.",하나카드:23777
"정부지원 바우처 (등유, 임신 등)",교육 급여 바우처는 어떤 방식으로 사용할 수 있나요?,체크카드 포인트처럼 가맹점에서 사용 가능,하나카드:23804
"정부지원 바우처 (등유, 임신 등)",성인용품을 살 때 교육 급여 바우처를 사용할 수 있어?,아니.,하나카드:23804
이용방법 안내,카드 포인트 적립 기준은 어떻게 구분돼?,월 적립형과 일 적립형으로 구분되어 있어.,하나카드:23809
연체대금 안내,카드 연체 대금의 납부가 지연되면 어떻게 돼?,카드 사용이 일시 정지되거나 카드 한도가 하향될 수 있어.,하나카드:23803
서비스 이용방법 안내,카드 이용 후 청구 할인 금액은 어떻게 확인할 수 있나요?,앱의 이용 내역에서 건별 내역을 클릭하여 확인,하나카드:23811
"정부지원 바우처 (등유, 임신 등)",교육 급여 바우처는 어떻게 사용할 수 있어?,물품 구매 등에 사용할 수 있다.,하나카드:23812
입금내역 안내,카드 대금 청구가 확정되기 전에도 가상계좌를 통해 결제할 수 있어?,"아니, 청구 금액이 확정되지 않으면 결제가 안 돼.",하나카드:23876
"정부지원 바우처 (등유, 임신 등)",교육 급여 포인트는 어떻게 사용할 수 있나요?,물품 구매 시 포인트로 차감 가능,하나카드:23812
선결제/즉시출금,카드 해지 시 청구 예정 금액 완납 후 나중에 청구될 수 있는 항목은 뭐야?,"미매입 금액, 후불 교통 카드 사용 금액, 문자 수수료, 자동 이체 이용 금액 등은 추후 청구될 수 있어.",하나카드:23863
이용방법 안내,모바일 결제 서비스에 카드 등록하는 건 카드 소지자가 직접 해야 해?,응.,하나카드:23862
한도상향 접수/처리,한도 심사를 위한 소득 서류 확인 절차가 어떻게 돼?,손님이 공공 마이 데이터 이용에 동의하면 심사부에서 서류 확인이 가능해.,하나카드:23880
입금내역 안내,가상 계좌에 선결제하고 남은 차액은 어떻게 처리돼?,내일 중에 결제 계좌로 환급돼.,하나카드:23876
심사 진행사항 안내,통신 요금 할인 금액은 카드 실적에 따라 달라져?,응.,하나카드:23881
입금내역 안내,선결제한 금액이 다시 청구될 가능성이 있나요?,"아니요, 이미 반영되어 다시 청구되지 않아요.",하나카드:23883
매출구분 변경,일시불로 결제한 금액을 할부로 변경하게 되면 추가 할부 수수료는 면제됩니까?,"아니요, 할부 수수료가 부과됩니다.",하나카드:23882
결제대금 안내,결제 날짜에 따라 이자가 달라지나요?,"네, 결제 날짜가 달라지면 첫 달 이자가 달라질 수 있어요.",하나카드:23884
입금내역 안내,선결제한 금액이 왜 이번 달 명세서에 반영되지 않았습니까?,선결제가 명세서 발송 후에 이루어졌기 때문에 이번 달 명세서에 반영되지 않았습니다.,하나카드:23883
결제대금 안내,부문 무이자 할부도 가능한가요?,"네, 가능합니다.",하나카드:23884
이용내역 안내,해외에서 카드 사용 후 전표 접수에 보통 얼마나 소요되나요?,5영업일에서 일주일에서 열흘 정도,하나카드:23886
이용내역 안내,체크 카드와 신용 카드의 환급 처리 방식이 다른가요?,아니요.,하나카드:23886
도난/분실 신청/해제,카드를 찾아주러 전화한 사람의 성함은 무엇인가요?,확인되지 않았습니다.,하나카드:23894
이용방법 안내,제휴카드 사용 실적에 포함되지 않는 항목은 무엇인가?,보험료,하나카드:23900
이벤트 안내,해당 카드의 무이자 할부 서비스는 어떻게 적용되나요?,매달 업종별로 무이자 할부 이벤트가 진행됩니다.,하나카드:23898
결제일 안내/변경/취소,결제일을 변경한 후에 바로 재변경이 가능한가요?,"아니요, 일정 기간 동안 재변경이 불가해요.",하나카드:23909
결제일 안내/변경/취소,결제일을 바꾼 후에 60일이 지나지 않았어도 결제일을 바꿀 수 있지?,아니.,하나카드:23928
가상계좌 예약/취소,미납 금액을 처리할 수 있는 방법은 무엇인가?,연결 계좌로 즉시 출금 또는 가상계좌 문자 발송,하나카드:23919
이용내역 안내,카드 결제 시 처음에는 할인 금액이 즉시 차감되나요?,"아니요, 처음 결제 시에는 원래 금액으로 결제되고 나중에 청구일에 할인 금액이 차감됩니다.",하나카드:23927
선결제/즉시출금,이중 출금이 되면 환불 요청을 따로 해야 돼?,아니.,하나카드:23926
선결제/즉시출금,나무페이 앱에서 리볼빙 이월된 금액을 결제할 수 있어?,응.,하나카드:23931
프리미엄 바우처 안내/발급,전체 사용 내역을 문자로 받는 서비스는 이용료가 얼마야?,300원,하나카드:23925
오토할부/오토캐쉬백 안내/신청/취소,카드사의 캐시백률은 오토 설계사를 통해서 하는 것보다 몇 %가 높아?,영업점마다 약간 다르지만 0.1% 정도 차이가 난다.,하나카드:23942
승인취소/매출취소 안내,카드사에서 결제 취소 내역을 즉시 확인할 수 있나요?,"아니요, 영업일 기준 2-3일 정도 소요됩니다.",하나카드:23935
결제대금 안내,이번 달 예상 결제 금액은 얼마인가요?,"7,000,000원",하나카드:23939
오토할부/오토캐쉬백 안내/신청/취소,본인 명의의 차량을 구매하는 건가요?,"예, 본인 명의의 차량을 구매합니다.",하나카드:23942
한도상향 접수/처리,단기 카드 대출 한도도 함께 상향되었나요?,예.,하나카드:23952
선결제/즉시출금,카드 대금이 어떻게 부분 결제되었나요?,고객이 선택한 부분 결제 금액에 맞추어 일시불과 할부 결제건 일부를 포함하여 결제했습니다.,하나카드:23946
승인취소/매출취소 안내,취소 금액은 실제 카드 결제 대금에서 제외되었나요?,예.,하나카드:23949
승인취소/매출취소 안내,왜 카드 명세서에 취소된 금액이 남아 있었나요?,청구 작업 이후에 취소되었기 때문입니다.,하나카드:23949
한도 안내,현재 카드 한도 증액 신청이 가능한가요?,"아니요, 증액 신청은 현재 불가능합니다.",하나카드:23954
일부결제대금이월약정 해지,어떻게 리볼빙 서비스 해지가 진행되었나요?,상담사가 재신청 불가 가능성을 안내한 후 고객의 동의하에 해지를 진행했습니다.,하나카드:23968
"정부지원 바우처 (등유, 임신 등)",신청이 완료되면 어떻게 바우처가 충전되나요?,온라인 신청 후 대략 5영업일 후에 포인트가 충전됩니다.,하나카드:23959
단기카드대출 안내/실행,이자율은 19.9%로 설정되었나요?,예.,하나카드:23962
선결제/즉시출금,어떻게 결제 금액이 산정되었나요?,원금과 이자를 수기 계산했습니다.,하나카드:23961
선결제/즉시출금,상환 금액은 수수료 포함해서 출금되었나요?,"예, 수수료가 포함된 금액이 출금되었습니다.",하나카드:23965
선결제/즉시출금,선결제 이후 남은 대출 원금이 있나요?,"예, 남아 있습니다.",하나카드:23961
단기카드대출 안내/실행,대출 금액 신청 후 적용되는 이율은 얼마인가요?,17.01%,하나카드:23960
한도 안내,신용 등급이 카드 한도에 작용이 될 수 있나요?,예.,하나카드:23954
한도상향 접수/처리,한도 상향 심사 접수를 위해 필요한 것은 무엇입니까?,신용정보 조회 동의,하나카드:23976
심사 진행사항 안내,재산이 있으면 카드 발급이 가능하나요?,"예, 본인 명의 부동산과 같이 재산 자격이 충족되면 카드 발급이 가능합니다.",하나카드:23966
한도 안내,현재 사용 가능 한도가 확인되었나요?,예.,하나카드:23973
한도 안내,윤선생에서 취소한 금액이 예상 결제 금액에 포함되었나요?,"아니요, 취소 금액은 포함되지 않았습니다.",하나카드:23973
포인트/마일리지 안내,온라인 쇼핑 적립 금액은 사용한 월의 다음 달 며칠 이내에 적립되나요?,평일 기준 15일 이내,하나카드:23979
승인취소/매출취소 안내,에스엠에스 서비스를 신청하면 요금이 얼마나 부가되나요?,300원,하나카드:23987
승인취소/매출취소 안내,카드 포인트가 일정량 쌓이면 현금으로 캐시백 받을 수 있어?,응.,하나카드:23987
"정부지원 바우처 (등유, 임신 등)",교육 급여 포인트는 학원비로 사용할 수 있나요?,"예, 학원비로 사용할 수 있습니다.",하나카드:23992
"정부지원 바우처 (등유, 임신 등)",교육 급여 바우처로 사용할 수 없는 품목은 무엇인가?,"주점, 주류 전문점, 공과금, 온라인 상품권, 유흥주점 등",하나카드:23994
승인취소/매출취소 안내,가맹점에서 결제 내역을 확인할 수 없다고 했나?,"예, 가맹점에서 결제 내역이 없다고 확인했습니다.",하나카드:23997
"정부지원 바우처 (등유, 임신 등)",롯데마트나 하이마트에서 바우처 사용이 가능한가요?,"네, 롯데마트와 하이마트에서 바우처 사용이 가능합니다.",하나카드:24001
교육비,교육 급여 바우처 포인트는 체크카드에서 바로 사용되나요?,네.,하나카드:24000
"정부지원 바우처 (등유, 임신 등)",교육 급여 바우처로 온라인 상품권 구매가 가능한가요?,아니요.,하나카드:23994
쇼핑케어,쇼핑케어 서비스는 어떻게 제공되는 상품인가?,유료 상품,하나카드:24002
"정부지원 바우처 (등유, 임신 등)",교육 급여 바우처는 어떻게 사용할 수 있나요?,체크카드 포인트처럼 가맹점에서 승인 시 자동 차감,하나카드:24008
이벤트 안내,안과 병원도 일반 병원 업종 코드로 무이자 할부 서비스를 받을 수 있나요?,"예, 일반 병원 업종 코드를 사용하고 있다면 무이자 할부 서비스를 받을 수 있습니다.",하나카드:24003
"정부지원 바우처 (등유, 임신 등)",교육 바우처는 법인 카드와 가족 카드로도 사용할 수 있는 거야?,아니.,하나카드:24004
일부결제대금이월약정 해지,리볼빙 서비스 해지 후 이월된 금액을 납부할 수 있는 방법은 무엇인가?,가상계좌로 입금하거나 출금 요청,하나카드:24015
"정부지원 바우처 (등유, 임신 등)",교육 급여 바우처를 이용해 상품권을 살 수 있어?,"아니, 교육 급여 바우처로 살 수 없어.",하나카드:24008
결제일 안내/변경,결제일 변경 시 기존 이용 금액이 변경된 결제일에 정상적으로 청구될 수 있나?,"아니요, 기존 이용 금액이 변경 후 결제일에 청구되지 않을 수 있습니다.",하나카드:24017
매출구분 변경,할부 결제된 카드 결제를 일시불로 변경할 수 있는 방법은 무엇인가요?,카드 어플에서 변경 가능,하나카드:24016
결제대금 안내,이월된 금액에 대해 발생하는 이자는 얼마인가?,이자가 발생됨,하나카드:24019
선결제/즉시출금,오늘 결제 시 수수료를 포함한 총 결제 금액은 얼마인가?,카드 대금 총액,하나카드:24052
"정부지원 바우처 (등유, 임신 등)",바우처로 결제할 수 없는 서비스는 무엇인가?,"보험, 전화요금, 우편요금, 공과금, 국세, 지방관세, 상품권, 선불 전자지급 수단 충전, 기부금",하나카드:24044
한도상향 접수/처리,카드의 한도를 상향하고자 하는 사람은 누구야?,고객,하나카드:24051
한도상향 접수/처리,카드사에서 한도 상향 신청 시 최소 단위는 얼마인가요?,원 단위로 신청 가능,하나카드:24055
연체대금 즉시출금,이월된 금액의 결제는 어떻게 진행되었나요?,등록된 은행 계좌에서 출금,하나카드:24058
일부결제대금이월약정 해지,카드 해지 후 리볼빙 서비스 재가입이 가능한가?,"아니, 차후에 재가입이 어려울 수 있습니다.",하나카드:24062
장기카드대출 안내,카드 한도와 카드론 대출 한도는 서로 다른 개념인가?,"예, 카드 한도와 카드론 대출 한도는 서로 다른 개념입니다.",하나카드:24069
일부결제대금이월약정 해지,카드 포인트의 유효기간은 얼마나 되지?,적립된 날로부터 5년,하나카드:24062
일부결제대금이월약정 해지,해지한 카드는 어떻게 버려야 하나요?,해지한 카드는 두 번 이상 잘라서 폐기하여야 합니다.,하나카드:24062
한도 안내,현금 서비스 한도는 매달 고정으로 정해져 있습니까?,아니요.,하나카드:24077
일부결제대금이월약정 해지,카드 해지 시 연회비 중 남은 기간에 대한 금액을 환불받을 수 있나?,"예, 결제 계좌로 평일 기준 5일 이내에 환불받을 수 있습니다.",하나카드:24085
이용내역 안내,청구서 작업은 내일 날짜로 진행되나요?,"예, 청구서 작업은 내일 날짜로 진행됩니다.",하나카드:24079
이용내역 안내,티머니 보증금 1만 원은 결제일에 돈이 인출되나요?,"아니요, 결제일에 돈이 인출되지 않고 한도에서 승인된 금액입니다.",하나카드:24081
이용내역 안내,선결제할 금액이 확정되지 않은 이유는 무엇인가요?,청구서 작업이 아직 완료되지 않아서,하나카드:24079
이용내역 안내,티머니 보증금이 청구되지 않는 이유는 무엇인가요?,보증금은 단지 한도 차감일 뿐 실제 결제나 청구가 발생하지 않기 때문입니다.,하나카드:24081
이용내역 안내,체크카드로 결제한 것을 취소하면 다시 입금되는 거야?,응.,하나카드:24093
선결제/즉시출금,카드 해지 후 환급금은 결제 은행으로 입금될 예정인가?,"네, 평일 기준 5일 이내에 환급됩니다.",하나카드:24082
이용내역 안내,페이 앱을 통해 선결제를 진행하다가 안 되면 어떻게 해야 합니까?,고객센터로 전화해서 처리해야 합니다.,하나카드:24079
일부결제대금이월약정 해지,카드 해지 처리를 한 카드는 어떻게 해야 합니까?,잘게 잘라서 폐기해야 합니다.,하나카드:24085
이용내역 안내,체크카드로 사용한 매출 취소 내역은 확인되었나요?,네.,하나카드:24093
도난/분실 신청/해제,분실 신고 해지를 하려면 반드시 무엇을 소지하고 있어야 해?,해당 카드,하나카드:24128
이벤트 안내,이번 달은 몇 월이야?,7월,하나카드:24119
이용내역 안내,송송 의료 재단은 무슨 종류의 가맹점으로 분류돼?,종합 병원,하나카드:24121
도난/분실 신청/해제,카드를 재발급 받으면 변경되는 건 뭐지?,카드번호와 유효 기간,하나카드:24126
도난/분실 신청/해제,정지된 카드의 자동이체 해지 신청은 본인이 직접해야 해?,응.,하나카드:24127
도난/분실 신청/해제,카드 분실 해제를 하려면 반드시 무엇을 갖고 있어야 해?,찾은 카드,하나카드:24127
도난/분실 신청/해제,카드 재발급을 받으려면 소유주인 자녀가 직접 전화해야 해?,응.,하나카드:24125
도난/분실 신청/해제,잃어버린 카드에 자동 납부 등록이 되어 있어?,응.,하나카드:24128
이용내역 안내,최근에 후불교통 카드 요금 승인이 빨라졌나요?,예.,하나카드:24134
도난/분실 신청/해제,보이스피싱 문자는 무슨 내용이었나요?,도로 교통법 위반에 관련된 내용이었습니다.,하나카드:24133
프리미엄 바우처 안내/발급,바우처는 자동으로 발급되나요?,"아니요, 고객이 직접 신청해야 됩니다.",하나카드:24136
심사 진행사항 안내,미등록 회원이 ARS로 본인 확인을 하려면 무엇을 입력해야 해?,주민번호 열세 자리,하나카드:24132
가상계좌 안내,선결제하면 즉시 카드를 쓸 수 있나요?,예.,하나카드:24142
도난/분실 신청/해제,보이스 피싱 피해가 우려되는 카드는 어떻게 해야 하나요?,분실신고를 하고 재발급 신청을 하면 돼요.,하나카드:24133
도난/분실 신청/해제,찾은 카드를 갖고 있지 않아도 카드 분실 해지를 할 수 있나요?,"아니요, 반드시 가지고 있어야 해요.",하나카드:24137
결제일 안내/변경,결제일 변경 후 얼마 동안 재변경이 불가해?,60일 이내,하나카드:24138
선결제/즉시출금,다른 회사의 카드 연체가 없음을 확인하려면 무얼 보내줘야 해?,완납증명서,하나카드:24139
심사 진행사항 안내,카드가 왜 발급되지 않았어?,본인 확인이 등록되지 않아서,하나카드:24140
도난/분실 신청/해제,후불교통 기능의 경우 분실 해지 후 얼마나 있어야 사용 가능해?,"평일 기준 3, 4영업일 이후부터 이용 가능해.",하나카드:24137
청구지 안내/변경,청구서를 우편과 문자로 다 받아 볼 수 있어?,"아니, 둘 중에 하나만 가능해.",하나카드:24143
이용방법 안내,카드 어플에 가입하게 되면 결제 계좌를 다시 등록해야 되나요?,예.,하나카드:24141
일부결제대금이월약정 해지,리볼빙 서비스 해지는 어떻게 할 수 있습니까?,앱이나 상담사를 통해 해지할 수 있습니다.,하나카드:24146
청구지 안내/변경,문자 메시지 청구서에서 결제 내역을 확인할 수 있어?,응.,하나카드:24143
도난/분실 신청/해제,상담 센터의 업무 시간은 몇 시까지입니까?,저녁 6시,하나카드:24148
오토할부/오토캐쉬백 안내/신청/취소,결제 취소 시 환불 절차는 어떻게 진행되나요?,"결제 취소 시 은행 영업점의 환불 계좌로 환급되며, 오토론 입금액이 결제 금액보다 많을 경우의 차액은 일주일 이내에 결제 계좌로 자동 환급됩니다.",하나카드:24145
이용내역 안내,이번 결제에 포함된 항목들은 무엇인가요?,"주요 항목으로는 SK텔레콤 자동 납부 요금, 코원에너지서비스, 그리고 전기 요금이 포함되어 있습니다.",하나카드:24153
오토할부/오토캐쉬백 안내/신청/취소,추가로 자동차 금액을 결제할 때 주어지는 캐시백은 얼마야?,정해진 금액에 따라 각각 1%로 와 0.5% 야.,하나카드:24152
입금내역 안내,체크카드로 교통카드를 이용할 경우 후불로 청구가 되나요?,예.,하나카드:24160
일부결제대금이월약정 해지,이월된 금액을 납부하려면 무엇이 선행되어야 해?,연체된 금액부터 먼저 납부해야 해.,하나카드:24163
이벤트 안내,매달 목표금액만큼 사용하면 얼마를 캐시백으로 받을 수 있어?,30000원,하나카드:24165
결제계좌 안내/변경,비밀번호 변경후 얼마동안 다시 변경할 수 없어?,60일,하나카드:24174
이용방법 안내,새로 발급받은 카드를 페이앱에 새로 등록해야 온라인 결제를 할 수 있어?,응.,하나카드:24166
일부결제대금이월약정 해지,리볼빙 서비스를 해지하고 난 후 다시 가입할 수 있어?,"아니, 가입이 안 될 수도 있어.",하나카드:24188
선결제/즉시출금,결제되지 않은 나머지 금액에는 무엇이 포함되어 이월되었어?,수수료 금액,하나카드:24182
선결제/즉시출금,남아 있는 할부 금액을 전액 납부하려면 가상계좌에 입금하기만 하면 되는 거야?,"아니, 입금 후 다시 고객센터로 연락을 줘야 해.",하나카드:24185
연체대금 즉시출금,이월 금액은 원금만 결제하면 되나요?,"아니요, 이자도 함께 내야 해요.",하나카드:24183
선결제/즉시출금,변경된 결제 계좌로 이월된 금액이 빠져나갔어?,"아니, 원래 등록된 은행 계좌로 결제됐어.",하나카드:24182
한도상향 접수/처리,심사 결과는 오늘이나 내일 바로 알 수 있어?,응.,하나카드:24192
가상계좌 안내,가상계좌에 결제 금액을 오늘 몇 시까지 입금해야 해?,밤 11시 30분까지,하나카드:24190
가상계좌 안내,카드의 명의가 다른 사람에게 결제 금액을 알려줄 수 있어?,"아니, 본인의 동의가 있어야 알려 줄 수 있어.",하나카드:24190
결제 대금 안내,라이트할부는 전월 실적을 달성해야 할인을 받을 수 있나요?,네.,하나카드:24193
한도상향 접수/처리,일시 한도 사용 기간이 종료돼도 결제한 만큼 한도가 복원되지?,"아니, 일시 한도 사용 기간이 끝나면 카드 사용 금액이 정기 한도를 초과하는 경우 카드 사용이 제한돼.",하나카드:24202
한도상향 접수/처리,정기 한도로 한도 상향을 하기 위해서는 어떻게 해야 해?,카드사의 한도 상향 심사를 받아야 하고 상향 여부는 심사 후에 확인할 수 있어.,하나카드:24202
한도상향 접수/처리,카드 일시 한도는 얼마 동안 이용할 수 있어?,6개월,하나카드:24202
프리미엄 바우처 안내/발급,"국세, 지방세, 공과금, 수도, 전기 요금의 경우 카드 실적에서 제외되지?",응.,하나카드:24209
일부결제 대금이월약정 해지,문자 알림 서비스는 문자 이용 건수에 따라 내야 할 요금이 다르지?,"아니, 이용 건수에 상관없이 한 달에 1,000원을 요금으로 내면 돼.",하나카드:24212
서비스 이용방법 안내,상수도 요금은 카드 실적에 포함이 되지?,"아니, 상수도 요금이나 공과금은 카드 실적 제외 대상이야.",하나카드:24213
도난/분실 신청/해제,재발급 후에 분실한 카드를 찾으면 재발급을 취소할 수 있나요?,"아니요, 분실한 카드를 찾아도 재발급을 취소할 수 없어요.",하나카드:24220
선결제/즉시출금,부분 결제가 불가능한 할부 건은 총 몇 개야?,2개,하나카드:24218
오토할부/오토캐쉬백 안내/신청/취소,가상 계좌는 무엇으로 발송했나요?,카카오 알림톡,하나카드:24226
선결제/즉시출금,계좌 확인을 위해 무엇으로 인증해야 합니까?,에이알에스,하나카드:24233
오토할부/오토캐쉬백 안내/신청/취소,결제하고 남은 차액은 카드 결제 계좌로 환급받을 수 있어?,응.,하나카드:24226
이용내역 안내,엘지 통신요금은 아직 결제 금액에 들어가지 않았어?,응.,하나카드:24227
연체대금 안내,연체 정보가 공유되면 신용도에 영향이 생길 수 있어?,응.,하나카드:24229
전화요금,카드사에서 직접 자동이체를 연결할 수 있나요?,"아니요, 렌탈 회사로 직접 연락해야 자동이체를 연결할 수 있습니다.",하나카드:24230
소득공제 확인서/종합소득세 안내,한 장으로 발급되는 월별 내역서는 무슨 용도야?,연말정산용,하나카드:24243
결제대금 안내,카드 명세서는 결제 후 즉시 변경될 수 있나요?,"아니요, 명세서는 이미 작성되어 변동할 수 없습니다.",하나카드:24247
연회비 안내,SR카드에 연회비 10만 원이 추가로 부과되는 서비스의 이름은 뭐야?,혜택 플러스,하나카드:24250
이벤트 안내,지금 카드사에서 진행하고 있는 카드 발급 관련 이벤트는 몇 개야?,1개,하나카드:24254
일부결제대금이월약정 해지,리볼빙 서비스는 할부 결제에도 적용돼?,"아니, 일시불 결제에만 적용돼.",하나카드:24253
이용내역 안내,해외 결제의 경우 전표가 매입되려면 얼마 정도의 시간이 걸려?,1주일에서 2주일 정도 걸려.,하나카드:24255
명세서 재발송,할인 내역은 문자에서도 확인할 수 있어?,"아니, 청구서에서만 볼 수 있어.",하나카드:24263
이벤트 안내,지금 진행하는 이벤트는 무엇을 기준으로 해당 여부를 결정해?,이벤트 직전 6개월 동안 신용 결제 이력 여부로 결정해.,하나카드:24262
결제일 안내/변경/취소,결제일을 바꾸고 나서 60일이 지나지 않아도 다시 결제일을 바꿀 수 있어?,"아니, 60일 이내에는 바꿀 수 없어.",하나카드:24261
장기카드대출 실행,포인트를 얼마 이상 가지고 있어야 엘엠에스 이용 요금이 포인트로 납부돼?,300포인트 이상 있어야 해.,하나카드:24267
결제일 안내/변경/취소,결제일 변경 시 두 달분이 청구될 수 있는 항목에 자동이체도 포함돼 있지?,응.,하나카드:24261
이벤트 안내,단말기 할인 등록을 취소하는 건 카드사에서도 할 수 있어?,"아니, 통신사에서 해야 돼.",하나카드:24262
승인취소/매출취소 안내,취소 금액이 반영된 카드 대금이 청구되는 날은 몇 월 며칠이야?,9월 26일,하나카드:24272
이용내역 안내,본인 확인 절차에 이름 확인도 포함됐어?,응.,하나카드:24269
교육비,신청한 교육비 자동 납부는 학교에서 최종 승인 이후 얼마의 시간이 걸릴 예정이야?,최대 일주일,하나카드:24292
이벤트 안내,카드 이벤트로 기간 안에 금액을 결제 금액을 충족시키면 얼마의 캐시백을 받을 예정이야?,5만 원 이상,하나카드:24282
가상계좌 안내,리볼빙 서비스를 해지하게 되면 이월된 금액 전부를 납부하는 거야?,응.,하나카드:24289
교육비,교육비 자동 납부 등록을 해지하려면 어떻게 해야해?,학생이 직접 학교에 납부 방법을 스쿨뱅킹으로 변경하거나 전학 또는 자퇴 등의 사유가 일어나면 자동 해지가 돼.,하나카드:24287
교육비,교육비 자동 납부 일자는 카드 회사가 알 수 있어?,"아니, 학교에서 진행이 되는 거라 카드 신청만 가능해.",하나카드:24292
서비스 이용방법 안내,통신사에서 제공하는 월정액 요금제의 할인율은 얼마야?,25%,하나카드:24297
서비스 이용방법 안내,월정액 요금제의 청구 금액을 담당하는 곳은 카드사야?,"아니, 통신사에서 담당해.",하나카드:24297
이벤트 안내,케이티 자동이체 가맹점 추가 할인 프로모션 혜택은 무기한 제공되나요?,"아니요, 일정 기간 동안만 제공됩니다.",하나카드:24301
한도상향 접수/처리,직장 근로자의 소득은 무엇을 통해 확인해 볼 수 있어?,직장 건강 보험료,하나카드:24300
선결제/즉시출금,출금 후 한도가 다시 복원되나요?,"네, 결제일이 지나면 다시 한도가 복원되어 추가적으로 이용할 수 있어요.",하나카드:24307
이벤트 안내,"안내장의 QR 코드를 스캔한 후, 프로모션 대상 여부를 확인하려면 무슨 정보를 입력해야 하나요?","성명, 생년월일, 휴대폰 번호",하나카드:24301
"정부지원 바우처 (등유, 임신 등)",바우처 지원금은 통장으로 입금되나요?,"아니요, 카드로 직접 지급됩니다.",하나카드:24296
도시가스,도시가스 요금 결제 승인 결과는 전화로만 안내되나요?,"아니요, 문자 알림 서비스에 가입된 고객에게는 처리 결과가 문자로 안내됩니다.",하나카드:24302
장기카드대출 안내,대출은 오래된 순서대로 갚는 것이 더 유리한가요?,"아니요, 이자율이 높은 대출부터 상환하는 것이 유리합니다.",하나카드:24304
교육비,학생 식별번호 없이 자동이체를 변경할 수 있나요?,"네, 학생의 생년월일, 이름, 학교 정보를 제공하면 등록을 진행할 수 있어요.",하나카드:24308
입금내역 안내,미납 요금에 연회비가 포함되어 있나요?,"아니요, 연회비는 미납 요금에 포함되지 않았으며, 별도로 처리됩니다.",하나카드:24311
결제일 안내/변경,결제일을 변경하면 이번 달에 두 번 결제가 될 수도 있습니까?,"네, 경우에 따라 두 달분이 청구될 수 있습니다.",하나카드:24309
안심클릭/▲▲페이/기타페이 안내,정수기 렌탈비와 교재비의 자동이체 변경을 위해 별도로 전화 문의를 해야 하나요?,"네, 고객이 별도로 문의해야 해요.",하나카드:24317
이벤트 안내,카드가 없어도 구독 이벤트에 참여할 수 있나요?,"아니요, 신용카드나 체크카드를 발급받아야 참여할 수 있어요.",하나카드:24312
교육비,왜 자동납부 신청한 카드의 이용이 불가능할 경우 다른 유효 카드를 사용하는 거에 대한 동의를 받고 있나요?,요금 미납 방지를 위해서입니다.,하나카드:24308
이용내역 안내,통신사에서 결제를 취소해 주었나요?,"아니요, 정상 거래로 취급해서 취소해 주지 않았어요.",하나카드:24306
교육비,교육비 자동이체를 새 카드로 변경하려면 어떻게 해야 하나요?,"기존 자동이체를 해지한 후, 새 카드로 다시 등록해야 합니다.",하나카드:24308
이벤트 안내,구독 서비스를 정기 구독하면 건당 몇 포인트를 적립받을 수 있나요?,5000포인트,하나카드:24312
결제대금 안내,지난달과 이번 달의 수수료 금액은 왜 차이가 나는 거지?,수수료는 날짜별로 계산하기 때문이야.,하나카드:24310
결제대금 안내,카드 명세서에 결제 취소한 부분이 반영되어 있나요?,네.,하나카드:24310
결제대금 안내,왜 장기 카드 대출 한도가 줄어들 수 있지?,"고객의 신용 평점, 부채, 소득 등이 달라질 수 있어서야.",하나카드:24313
선결제/즉시출금,선결제 후에 이번 달에 추가 청구 될 수 있는 내역은 무엇이 있나요?,"후불 교통 이용 금액, 자동이체 연결 건, 미매입 건, 에스엠에스 수수료 등이 있어요.",하나카드:24322
안심클릭/▲▲페이/기타페이 안내,왜 앱에서 결제가 안 되었던 거지?,결제 수단이 제대로 설정되지 않았기 때문이야.,하나카드:24317
안심클릭/▲▲페이/기타페이 안내,앱에 카드가 제대로 등록되었는지 어떻게 확인하나요?,결제 버튼을 다시 눌러보면 카드가 선택된 상태인지 확인할 수 있습니다.,하나카드:24317
신용공여기간 안내,카드대금을 결제하고 나면 누적금액은 어떻게 되나요?,초기화됩니다.,하나카드:24327
명세서 재발송,명세서 재발송 기간은 얼마나 걸리지?,"평일 기준 3,4일",하나카드:24319
가상계좌 안내,기존 결제 계좌에서 이중 출금이 발생할 경우 환급받을 수 있나요?,"네, 결제 계좌로 환급돼요.",하나카드:24329
선결제/즉시출금,카드 우수 회원이라는 것은 무엇인가요?,"우수 회원은 고객이 일정 기간 동안 특정 금액 이상을 사용했을 때 부여되는 등급으로, 카드 사용 실적에 따라 등급이 결정됩니다.",하나카드:24324
연체대금 즉시출금,연체금을 납부한 후 결제 잔고를 비워 두어야 하나요?,"네, 하루 동안 잔고를 비워둬야 이중 출금이 되지 않아요.",하나카드:24320
결제계좌 안내/변경,국내 면세점에서 체크카드 사용 시 달러로 결제가 가능한가요?,"아니요, 국내에서는 원화로만 결제가 가능하고, 달러로는 결제되지 않습니다.",하나카드:24325
이용내역 안내,리볼빙 금액은 어떻게 발생하게 되는 거죠?,결제일에 잔액이 부족할 경우 리볼빙 금액이 자동으로 이월됩니다.,하나카드:24333
포인트/마일리지 전환등록,통신사 연결을 해지한 후에도 통신사 할인 카드를 유지해야만 하나요?,"아니요, 보유하지 않아도 돼요.",하나카드:24326
선결제/즉시출금,대출 한도가 부여되지 않으면 대출을 받을 수 없나요?,"네, 대출 한도가 부여되지 않은 상태에서는 대출을 이용할 수 없습니다.",하나카드:24324
이용내역 안내,이번 달 청구 예상 금액이 확인되나요?,"아니요, 아직 청구서가 작성되지 않았어요.",하나카드:24331
이용내역 안내,1회차와 2회차에 대한 취소 금액은 환불되었나요?,"예, 환불되었습니다.",하나카드:24334
이용내역 안내,리볼빙 금액을 모두 납부하면 더 이상 이월되지 않나요?,"네, 남은 금액을 모두 납부하면 더 이상 리볼빙 금액이 발생하지 않아요.",하나카드:24333
이용내역 안내,6개월 할부로 결제할 때 적용되는 이율은 얼마야?,15.85%,하나카드:24343
프리미엄 바우처 안내/발급,전월 실적이 얼마 이상이어야 특별 적립을 받을 수 있나요?,"전월 실적이 100,000원 이상이어야 특별 적립을 받을 수 있습니다.",하나카드:24350
프리미엄 바우처 안내/발급,바우처 서비스는 매달 적립되나요?,"아니요, 1년에 한 번씩만 적립됩니다.",하나카드:24350
선결제/즉시출금,모바일로도 선결제가 가능하지?,응.,하나카드:24351
한도상향 접수/처리,한도는 사용한 금액을 결제하면 다시 복원되나요?,네.,하나카드:24355
가상계좌 안내,현금서비스는 선결제하면 바로 사용할 수 있지?,"아니, 10일부터 사용할 수 있어.",하나카드:24354
한도상향 접수/처리,한도 심사 시 사업이나 근로 소득을 확인하기 위해 사용되는 데이터는 무엇인가요?,공공 마이 데이터,하나카드:24355
가상계좌 안내,가상계좌로 추가 금액을 결제할 수 있나요?,"아니요, 미납금액에 대해서만 가능합니다.",하나카드:24362
선결제/즉시출금,현금서비스를 이용할 경우 무엇이 하락할 수 있나요?,신용점수,하나카드:24370
한도상향 접수/처리,현금서비스는 어떻게 상환하는 거야?,원하는 개월 수로 신청하면 개월 수에 따라 원금과 이자를 나누어 결제일에 상환하게 돼.,하나카드:24375
서비스 이용방법 안내,앱에서 결제 버튼은 어떻게 이용하는 거야?,카드사 페이 앱으로 연동되므로 카드를 등록해서 모바일 결제할 때 이용할 수 있어.,하나카드:24374
승인취소/매출취소 안내,카드 결제를 취소하면 처리가 완료되는 데 얼마나 걸려?,"보통 2, 3일 정도 소요돼.",하나카드:24376
도난/분실 신청/해제,분실 신고한 카드를 다시 사용하려면 카드 주인이 직접 전화해야 해?,응.,하나카드:24385
한도 안내,할부 결제가 안 되는 업종은 뭐야?,"주류업소, 유흥업소 등",하나카드:24377
도난/분실 신청/해제,분실 신고한 카드는 체크 카드가 맞아?,"아니, 신용 카드야.",하나카드:24385
도난/분실 신청/해제,카드 분실 해제 방법은 뭐야?,카드를 찾은 후 카드사에 연락하거나 어플에서 직접 해제 처리해야 해.,하나카드:24386
선결제/즉시출금,대출을 받으면 이율은 항상 똑같아?,"아니, 상황에 따라 달라져.",하나카드:24387
오토할부/오토캐쉬백 안내/신청/취소,오토캐시백을 받을 수 없는 카드는 뭐야?,가족 카드와 법인 카드,하나카드:24390
오토할부/오토캐쉬백 안내/신청/취소,체크 카드의 경우 차량 구매 시 지급되는 캐쉬백이 얼마나 돼?,0.8%,하나카드:24390
한도 안내,카드를 해지하면 사용한 금액은 어떻게 청구돼?,탈회하지 않으면 손님의 결제 계좌로 연결돼서 청구돼.,하나카드:24392
한도 안내,카드 한도는 카드마다 따로 부여돼?,"아니, 주민등록 번호 기준으로 부여되는 것이고 카드별로 부여되는 것은 아니야.",하나카드:24392
이벤트 안내,카드를 사용하지 않아도 초년도 연회비는 납부해야 해?,"응, 초년도에는 사용 여부와 관계 없이 발급 비용이 부과되기 때문에 납부해야 해.",하나카드:24399
승인취소/매출취소 안내,카드 결제가 취소 확정되면 카드사에서 알림 문자를 발송해?,응.,하나카드:24391
승인취소/매출취소 안내,가맹점에서 결제 취소 후 카드사에 데이터를 전송하는 데 걸리는 기간이 얼마나 돼?,보통 평일 기준 3일 정도 소요되고 길면 일주일도 걸릴 수 있어.,하나카드:24391
수기환급 처리,가상계좌번호를 착각해서 잘못 입금했다면 해당 금액을 은행에서 환급받을 수 있어?,"아니, 은행에서는 도와줄 수 없기 때문에 카드사로 연락해서 환급받아야 해.",하나카드:24402
연회비 안내,가나다 카드의 연회비 중 제휴 연회비 명목으로 부과된 것은 얼마야?,"10,000원",하나카드:24397
프리미엄 바우처 안내/발급,바우처는 매년 자동 발급되니?,"아니, 매년 전화로 신청해야 해.",하나카드:24404
도난/분실 신청/해제,카드를 재발급 받으면 카드 번호가 달라져?,응.,하나카드:24408
이용내역 안내,1월 5일 할부 결제 건은 할부 수수료를 지불해야 하나요?,"아니요, 무이자이기 때문에 할부 수수료는 부과되지 않습니다.",하나카드:24410
도난/분실 신청/해제,카드를 재발급 신청하면 분실 카드를 찾더라도 재발급 취소가 가능하지?,"아니, 카드 재발급을 진행하면 나중에 분실 카드를 찾더라도 재발급 취소가 되지 않아.",하나카드:24416
결제대금 안내,포인트 유효기간이 지나기 전에 카드사에서 안내가 나오지?,응.,하나카드:24423
이벤트 안내,결제 계좌 변경 이벤트에 참여할 경우 총 몇 장의 스타벅스 쿠폰을 받을 수 있어?,4장,하나카드:24424
서비스 이용방법 안내,1만 원 할인 혜택을 적용받기 위해서는 전달에 카드를 얼마 이상 사용해야 합니까?,삼십만 원,하나카드:24436
이벤트 안내,카드사에서 진행하고 있는 공항 라운지와 관련된 이벤트는 이번 연도 말일까지 진행되지?,응.,하나카드:24429
한도상향 접수/처리,차량 구매 시 한도 천만 원을 상향하기 위해 제출해야 할 서류는 무엇인가요?,차량 매매 계약서,하나카드:24440
서비스 이용방법 안내,5월 달에 카드 실적이 충족되면 6월 달에 카드 할인을 받을 수가 있습니까?,예.,하나카드:24436
이용내역 안내,해외에서 카드 결제 시 어떻게 결제해야 절감이 됩니까?,유에스 달러로 결제해야 합니다.,하나카드:24441
결제대금 안내,20000포인트 적립을 받으려면 해당 카드는 두 달 연속 얼마 이상을 사용해야 합니까?,이십만 원,하나카드:24442
이용내역 안내,해외에서 카드 사용 시 브랜드 수수료가 부과됩니까?,예.,하나카드:24441
이용내역 안내,에스케이텔레콤에서 이만 원 할인이 들어간 이유는 무엇인가요?,엘지헬로비전보다 에스케이 텔레콤 건이 먼저 승인이 들어갔기 때문입니다.,하나카드:24443
선결제/즉시출금,단기 카드 대출과 일시불 건을 포함한 최종 선결제 금액은 얼마였나요?,"639,000원",하나카드:24450
오토할부/오토캐쉬백 안내/신청/취소,가상계좌 입금을 취소하면 자동 환불이 되나요?,"아니요, 환불을 요청해야 합니다.",하나카드:24457
도난/분실 신청/해제,분실된 카드는 번호 확인이 가능한가요?,"네, 분실된 카드는 번호 확인이 가능합니다.",하나카드:24458
선결제/즉시출금,대출 철회 완료 건은 취소가 가능한가요?,"아니요, 취소가 불가능합니다.",하나카드:24456
이용내역 안내,승인 취소 처리가 완료되는 데 소요되는 시간은 얼마인가요?,승인 취소 처리는 평일 기준으로 3일에서 4일 정도 걸립니다.,하나카드:24462
오토할부/오토캐쉬백 안내/신청/취소,오토백 서비스를 취소하고 다시 신청하려면 처음부터 다시 시작해야 하나요?,네.,하나카드:24457
이용내역 안내,나라카드의 발급 비용은 얼마인가요?,"나라카드의 발급 비용은 1,000원입니다.",하나카드:24460
결제일 안내/변경/취소,결제일 변경에 대한 이용 기간 안내는 무엇으로 받을 수 있나요?,문자 메시지로 받을 수 있습니다.,하나카드:24466
쇼핑케어,쇼핑 케어의 월 이용 요금은 얼마야?,5000원,하나카드:24475
결제일 안내/변경/취소,결제일 변경 후 다시 변경하려면 얼마나 시간이 지나야 하나요?,60일이 지나야 다시 변경할 수 있습니다.,하나카드:24466
일부결제대금이월약정 해지,카드 해지 후 자동이체는 해당 기관에 변경 신청을 해야 하나요?,"네, 자동이체가 연결된 경우에는 해당 기관에 변경 신청을 해야 합니다.",하나카드:24467
이벤트 안내,2024년 7월까지 적용되는 이벤트는 무엇인가요?,통신비 할인 이벤트입니다.,하나카드:24471
결제대금 안내,카드 한도 복원 시 제외되는 항목은 무엇인가요?,"카드 한도 복원 시 제외되는 항목은 대출 원금, 이자, 연회비, 그리고 수수료입니다.",하나카드:24473
결제대금 안내,한도 복원은 일시불 및 할부로 사용한 원금만 해당하나요?,네.,하나카드:24473
결제일 안내/변경/취소,나무원체크카드로 실적 얼마를 충족해야 1만 5000원을 할인받을 수 있어?,100만 원,하나카드:24476
결제대금 안내,왜 선결제 후에도 청구되는 금액이 있을 수 있습니까?,후불 교통카드 이용 내역이나 에스엠에스 이용 요금 등 자동 이체 건은 선결제 가능 금액에 포함되지 않습니다.,하나카드:24526
서비스 이용방법 안내,공항 라운지를 이용할 때 무엇을 제시하면 됩니까?,"항공권과 여권, 해당 혜택 카드입니다.",하나카드:24530
이용내역 안내,해외 카드 승인 내역이 현재 카드 대금으로 청구 접수된 상태인가요?,"아니요, 아직 승인만 되었고 카드 대금으로 청구 접수되지 않은 상태입니다.",하나카드:24605
승인취소/매출취소 안내,만약 해외 결제가 되면 결제 금액은 어떻게 처리돼?,환불처리,하나카드:24540
한도상향 접수/처리,통신 요금 제휴 할인을 받으려면 먼저 무엇이 필요한가요?,통신사에 제휴 할인 등록을 해야 합니다.,하나카드:24602
한도상향 접수/처리,카드 한도 상향은 즉시 처리되나요?,"아니요, 카드 한도 상향은 즉시 처리되지 않고 심사를 통해 결정됩니다.",하나카드:24602
프리미엄 바우처 안내/발급,세금 결제 시 신용카드나 체크카드에 직접적인 세금이 부과되나?,"아니요, 카드로 결제 시 직접적인 세금은 부과되지 않습니다.",하나카드:24606
결제일 안내/변경,결제일 변경 후 다시 변경이 어려운 기간은 얼마인가요?,60일 이내입니다.,하나카드:24607
가상계좌 예약/취소,가상계좌에 추가 입금할 수 있나요?,"아니요, 추가 입금은 불가능합니다.",하나카드:24608
이벤트 안내,캐시백 혜택은 결제 금액이 얼마 이상이면 적용이 되나요?,결제 금액이 10만 원 이상일 경우 캐시백 혜택이 적용됩니다.,하나카드:24617
특별한도/임시한도/일시한도 안내/신청,소득 서류를 제출하지 않고도 실시간으로 소득을 확인할 수 있는 방법은 무엇인가요?,공공 마이데이터 서비스,하나카드:24619
승인 취소/매출취소 안내,해외 결제 쪽에서 결제 취소한 이유를 바로 알 수 있습니까?,"아니요, 해외 사이트에서 직접 취소한 경우 이유를 바로 확인할 수 없습니다.",하나카드:24622
승인 취소/매출취소 안내,거래 후 취소된 건은 모두 몇 건 입니까?,2건,하나카드:24622
일부결제 대금이월약정 해지,카드에 등록된 자동이체 서비스는 무엇이었나요?,카드에는 아파트 관리비 자동이체와 이월 약정 서비스가 등록되어 있었습니다.,하나카드:24632
선결제/즉시출금,에스엠에스 유료 서비스와 무료 서비스의 차이는 무엇입니까?,"에스엠에스 무료 서비스는 사용하신 금액이 일정 금액 이상인 경우만 승인 취소, 매출 취소 금액을 안내하여 발송하는 서비스입니다.",하나카드:24623
선결제/즉시출금,은행 계좌 확인은 어떻게 합니까?,에이알에스,하나카드:24625
선결제/즉시출금,대금을 선납한 이후에 추가로 청구될 수 있는 금액을 안내했습니까?,네.,하나카드:24625
가상 계좌 안내,미납금을 가상 계좌를 안내받은 당일에 보내지 않아도 되나요?,"아니요, 미납금을 안내받은 날 보내지 않으면 금액이 달라집니다.",하나카드:24624
"정부지원 바우처 (등유, 임신 등)",바우처로 결제하려면 어떻게 해야 해?,사용처에 바우처로 쓴다고 말해야 해.,하나카드:24628
결제일 안내/변경,변경된 결제일에 대한 안내는 무엇을 통해 받을 수 있어?,문자로,하나카드:24630
결제일 안내/변경,결제일을 변경해도 등록된 결제계좌에서 자동이체되는 거지?,응.,하나카드:24630
이벤트 안내,엘지유플러스 제휴 카드 발급 시 관리비가 실적에 포함되나요?,"아니요, 관리비는 실적에서 제외됩니다.",하나카드:24642
"정부지원 바우처 (등유, 임신 등)",임신 출산 바우처와 포인트 결제를 둘 다 사용할 때 먼저 차감되는 건 뭐지?,임신 출산 바우처,하나카드:24628
이용내역 안내,확인된 버스비 한달 결제 건은 모두 얼마지?,98건,하나카드:24636
도난/분실 신청/해제,재발급 업무 처리는 평일 기준으로 얼마 정도 걸리지?,5일,하나카드:24643
일부결제 대금이월약정 해지,카드 해지 후 연회비는 돌려받지 못하나요?,"아니요, 남은 연회비는 평일 기준 5일 이내에 결제 계좌로 환불됩니다.",하나카드:24632
이벤트 안내,추가 할인 프로모션 혜택을 받으려면 직전 6개월 이내 카드 사용 이력이 없어야 하나요?,예.,하나카드:24642
일부결제 대금이월약정 안내,이월된 금액은 결제 계좌에 채워 놓으면 자동으로 빠져나가?,"아니, 연체가 아니라서 자동 출금은 되지 않아.",하나카드:24654
이용내역 안내,제휴 할인 등록을 신청하면 지나간 내용도 할인이 적용돼?,"아니, 제휴 할인 등록을 한 후부터만 할인이 돼.",하나카드:24651
선결제/즉시출금,리볼빙 서비스를 해지하면 나중에 이용하고 싶어도 바로 신청할 수 없어?,"아니, 바로 신청할 수 있어.",하나카드:24647
이용내역 안내,카드사에 전화해서 문의한 사람은 대표님이야?,"아니, 기사님이 전화했어.",하나카드:24648
이용내역 안내,해당 카드로 호텔 비용을 결제한 건 10월 며칠쯤이야?,1일쯤,하나카드:24648
이용내역 안내,해당 카드로 10월 1일에 거래된 건 두 건이야?,응.,하나카드:24648
승인 취소/매출취소 안내,할부 거래로 이미 납부가 된 거래를 결제 취소하면 어떻게 돼?,낸 금액만큼 다시 돌려받을 수 있어.,하나카드:24656
결제일 안내/변경,결제 대금을 선결제하면 한도가 새롭게 생성되는 거야?,응.,하나카드:24665
전화요금,청구서에서 할인 내역을 확인할 수 있나요?,"예, 확인할 수 있습니다.",하나카드:24662
연체대금 안내,무이자 할부는 모든 가맹점에서 가능해?,"아니, 가맹점마다 달라서 확인하고 이용해야 해.",하나카드:24660
이벤트 안내,부분 무이자 할부 서비스는 가맹점마다 동일해?,"아니, 가맹점마다 조금씩 달라.",하나카드:24658
이벤트 안내,해당 무이자 할부 서비스를 대형 마트에서도 받을 수 있어?,"아니, 못 받아.",하나카드:24658
연체대금 안내,빠져나간 연체금액에 이자가 포함된 거야?,응.,하나카드:24660
결제계좌 안내/변경,우수 회원들만의 혜택이 제공되는 별도의 이벤트들이 있어?,응.,하나카드:24657
선결제/즉시출금,할부 5건 모두 수수료를 내야 되는 것들이야?,"아니, 1건은 수수료가 없어.",하나카드:24663
한도상향 접수/처리,외국인 등록증을 정해진 기간 안에 보내지 않으면 한도 상향 심사를 못 받아?,"아니, 서류 없이 심사될 수 있어.",하나카드:24667
결제일 안내/변경,결제일 변경하고서 다시 변경하려면 얼마 뒤에 해야 해?,60일,하나카드:24665
선결제/즉시출금,왜 앱에서는 단기 카드 대출 내역이 보이지 않았나요?,당일 이용건이라 아직 전산 접수기 되지 않았기 때문입니다.,하나카드:24664
선결제/즉시출금,단기 카드 대출과 할부의 한도 기간은 동일해?,"아니, 달라.",하나카드:24664
선결제/즉시출금,핸드폰 요금을 자동납부로 신청하지 않고 즉시 출금할 때 할인 혜택을 받을 수 있어?,"아니, 할인 혜택을 못 받아.",하나카드:24668
승인 취소/매출취소 안내,취소 전표가 카드사로 접수되는 데 얼마나 걸려?,"평일 기준 2, 3일 정도",하나카드:24666
입금내역 안내,이월된 금액은 어떻게 계산되지?,이월된 금액에는 원금과 이자가 포함되어 부과돼.,하나카드:24674
결제일 안내/변경,결제일을 바꾸면 이용 기간에 따라 두 달 치 금액이 부과될 수 있는 것은 뭐야?,단기 카드 대출 또는 자동이체,하나카드:24678
가상 계좌 예약/취소,오늘 가상계좌에 입금하면 한도는 바로 복원되는 거야?,응.,하나카드:24670
이용내역 안내,자동 납부로 승인된 이용 내용이 카카오톡 메시지가 아닌 문자로 안내될 수도 있어?,응.,하나카드:24677
선결제/즉시출금,이미 청구된 카드 금액의 경우 즉시 출금을 해도 할인받을 수 있어?,응.,하나카드:24668
선결제/즉시출금,이번 달 청구 금액에 통신 요금이 왜 빠진거야?,신용 기간이 달라서,하나카드:24672
매출구분 변경,무이자 할부 혜택은 결제 당시에만 받을 수 있어?,응.,하나카드:24673
선결제/즉시출금,리볼빙 서비스를 이용하면 대금과 같이 청구되는 것은 뭐야?,이자,하나카드:24675
한도상향 접수/처리,행정안전부는 왜 카드사에 개인 신용 정보를 제공해?,"심사와 분쟁 해결, 민원 처리를 조속히 실시하기 위해서이다.",하나카드:24680
연회비 안내,후불 교통 카드의 결제 금액은 결제일에 합산해서 청구돼?,응.,하나카드:24679
이벤트 안내,6월에는 모든 손해보험사에 3개월 무이자 이벤트가 적용돼?,"아니, 상담원이 안내한 세 군데에만 적용돼.",하나카드:24686
이용내역 안내,일부 결제 금액 이월 약정 서비스의 다른 이름은 뭐야?,리볼빙,하나카드:24691
이용내역 안내,상담이 진행된 날짜는 며칠이야?,결제일인 15일의 전날인 14일이다.,하나카드:24692
이용내역 안내,카드사에서 진행하는 무이자 행사가 적용되는 대표적인 업종으로는 뭐가 있어?,"온라인, 병원, 약국이 있어.",하나카드:24697
연체대금 즉시출금,수수료가 포함된 이월 금액은 내일 결제해도 같은 금액이야?,"아니, 오늘이 지나면 금액이 달라져.",하나카드:24696
결제대금 안내,카드사는 토요일에 왜 결제를 안 해?,토요일은 휴무이기 때문에,하나카드:24700
도난/분실 신청/해제,카드 분실 신고를 등록한 것은 카드사가 아니야?,응.,하나카드:24695
교육비,교육비 자동이체 등록을 변경하려면 카드 번호만 수정하면 돼?,"아니, 기존 등록 카드를 먼저 취소하고 다시 등록해야 돼.",하나카드:24705
이벤트 안내,"7,000원 캐시백 이벤트 조건을 맞추려면 신용카드로 얼마 이상 써야 돼?","50,000원 이상",하나카드:24701
결제대금 안내,결제일이 토요일이면 평일로 넘어가서 결제돼?,응.,하나카드:24700
이벤트 안내,이벤트로 캐시백되는 금액은 결제 계좌로 받을 수 있어?,응.,하나카드:24701
연체대금 안내,토요일에도 이월 금액 결제를 요청할 수 있어?,"아니, 토요일에는 영업을 안 해서 할 수 없어.",하나카드:24706
교육비,자동이체 자동 승계 항목에 학교 납입금도 포함돼?,아니.,하나카드:24705
매출구분 변경,할부 이자는 개월 수가 늘어나도 똑같아?,"아니, 개월 수가 늘면 이자도 늘어.",하나카드:24708
오토할부/오토캐쉬백 안내/신청/취소,해당 카드사에서 접수하는 가상 계좌로 입금해서 결제하면 몇 %의 캐시백율이 적용돼?,1.3%,하나카드:24709
도난/분실 신청/해제,재발급 요청한 카드를 받는 데 며칠 정도 걸려?,평일을 기준으로 5일 정도 걸려.,하나카드:24713
특별한도/임시한도/일시한도 안내/신청,일시적으로 상향된 한도가 이용 종료되는 날은 무슨 요일이야?,월요일,하나카드:24711
이벤트 안내,"7,000원 캐시백 이벤트 조건에 맞는 결제 수단은 뭐야?",등록된 신용카드로 결제해야 돼.,하나카드:24701
승인취소/매출취소 안내,일주일 후에도 환급이 안 되면 이의 신청이 필요한가요?,"예, 이의 신청이 필요합니다.",하나카드:24717
도난/분실 신청/해제,분실신고 해제된 카드의 후불 교통 기능은 바로 사용할 수 있어?,"아니, 오늘 분실 등록하여서 내일부터 다시 이용할 수 있어.",하나카드:24721
이용내역 안내,통신 요금 청구 할인은 통신사에 문의해야 하나요?,"아니요, 통신 요금 청구 할인은 통신사가 아닌 카드사에 문의해야 합니다.",하나카드:24718
승인취소/매출취소 안내,환급 지연이 카드 해외 이용 정지 때문인가요?,"아니요, 카드 정지와는 무관합니다.",하나카드:24717
승인취소/매출취소 안내,해외에서 결제할 경우에도 체크카드는 바로 출금 처리가 되는 거야?,응.,하나카드:24717
승인취소/매출취소 안내,결제일 이전에 취소 처리가 되면 카드 대금에 포함되지 않나요?,예.,하나카드:24728
결제대금 안내,이번 달은 청구되는 카드 결제 대금이 없나요?,"아니요, 당월 12일까지 이용한 금액이 청구됩니다.",하나카드:24734
선결제/즉시출금,상담 중에 실적에 따른 할인 혜택이 설명되었나요?,예.,하나카드:24744
결제대금 안내,결제일이 어떻게 변경되었나요?,14일에서 26일로,하나카드:24734
이용내역 안내,어떻게 통신 요금 할인 금액이 처리되나요?,원래 결제 금액에서 할인 금액을 제외하고 남은 금액만 출금됩니다.,하나카드:24738
이벤트 안내,어떻게 로얄 등급 혜택을 받을 수 있나요?,카드를 발급받고 일정 금액을 사용하면 혜택을 받을 수 있습니다.,하나카드:24736
한도상향 접수/처리,소득 서류 없이 한도 상향 신청을 할 수 있나요?,"네, 서류 없이도 심사 요청은 가능합니다.",하나카드:24755
이용내역 안내,이번 청구서에서 통신 요금 할인 혜택이 적용되었습니까?,예.,하나카드:24738
선결제/즉시출금,선결제를 통해 당월 청구 금액이 완납되었나요?,예.,하나카드:24739
이벤트 안내,로얄 등급 혜택을 받을 수 있는 이벤트의 참여는 필수인가요?,"아니요, 이벤트 참여는 필수가 아닙니다.",하나카드:24736
선결제/즉시출금,누적 카드 금액 납부 후에도 추가 금액이 청구될 수 있나요?,"예, 자동이체 금액, 수수료, 후불 교통비 등 매입이 덜 된 금액은 청구서를 통해 확인해야 합니다.",하나카드:24744
선결제/즉시출금,어떻게 보험료 환급이 이루어졌나요?,부분 취소가 확정되어 취소 금액이 고객의 계좌로 환급 처리되었습니다.,하나카드:24742
선결제/즉시출금,잘못 납부한 결제를 취소할 수 있나요?,"네, 취소할 수 있어요.",하나카드:24752
이벤트 안내,적립된 포인트는 현금처럼 계좌로 입금이 가능한가요?,"네, 가능합니다.",하나카드:24751
이벤트 안내,매달 일정 금액 이상 두 달 동안 카드를 쓰게 되면 몇 포인트를 적립 받을 수 있나요?,20000 포인트,하나카드:24751
이벤트 안내,카드 발급 후 커피 쿠폰을 받는 조건은 무엇인가요?,생활 요금을 자동납부하면 아메리카노 스타벅스 쿠폰을 받을 수 있어요.,하나카드:24751
이용내역 안내,할부 이용 건은 실제 카드 사용 여부와 관계없이 청구되나요?,"예, 이용하지 않아도 할부가 남아있다면 청구됩니다.",하나카드:24747
한도상향 접수/처리,결제일이 지나도 카드를 사용할 수 있나요?,"네, 결제일에 금액을 납부하면, 납부한 금액만큼 수수료를 제외하고 한도가 복원되어 다시 사용 가능합니다.",하나카드:24768
한도상향 접수/처리,카드 한도와 신용 대출은 어떻게 다른 거지?,"카드 한도는 일시불, 할부, 현금 서비스 등의 정기 한도이고, 신용 대출은 별개의 사항이야.",하나카드:24757
선결제/즉시출금,결제를 하고 나면 한도가 복원되나요?,"네, 결제한 원금만큼 한도가 복원됩니다.",하나카드:24762
선결제/즉시출금,보습 학원의 결제 건도 이번 달 결제 내역에 포함되어 있었나요?,"네, 이미 결제한 내역에 포함되어 있었어요.",하나카드:24758
한도 안내,카드별 한도가 무엇입니까?,한 카드를 일정 한도로만 사용하겠다고 설정해 놓은 것입니다.,하나카드:24766
입금내역 안내,공과금은 카드 실적에 포함되지 않나요?,"네, 포함되지 않아요.",하나카드:24767
결제계좌 안내/변경,통신사에서는 계좌를 변경하려면 어떻게 하라고 했지?,카드 발급한지 이틀이 안 됐기 때문에 직접 방문하라고 했어.,하나카드:24761
이용내역 안내,이번 달에 할부로 청구된 건수는 몇 건인가요?,총 6건,하나카드:24747
도난/분실 신청/해제,분실 해제가 완료되면 바로 카드를 사용할 수 있습니까?,"네, 바로 정상적으로 카드를 사용할 수 있습니다.",하나카드:24772
한도 안내,웹페이지에서는 한도가 변경되지 않고 그대로 보이나요?,"네, 총한도는 그대로 보이는 것이 맞습니다.",하나카드:24766
입금내역 안내,선결제가 실적 충족에 영향을 미치나요?,"아니요, 실적은 선결제를 하여도 없어지지 않으므로 무관합니다.",하나카드:24767
이용내역 안내,해당 해외 결제 건은 승인이 되었나요?,"네, 해당 결제는 정상적으로 승인되었어요.",하나카드:24773
이벤트 안내,부분 무이자 이벤트는 이자가 있는 방식인가요?,"네, 일부 기간 동안 이자가 있는 방식입니다.",하나카드:24778
승인취소/매출취소 안내,홀딩 상태인 금액은 에이티엠기에서 인출할 수 있나요?,"아니요, 홀딩 상태라서 인출할 수 없어요.",하나카드:24769
도난/분실 신청/해제,카드 분실 해제를 위해 필요한 정보는 무엇인가요?,"고객의 휴대폰 번호, 생년월일, 결제 은행, 카드 번호 끝 4자리, 휴대폰으로 받은 인증번호, 비밀번호 4자리 입력이 필요합니다.",하나카드:24772
결제일 안내/변경,결제일 변경 후 60일 이내에 재변경이 가능한가요?,"아니요, 결제일 변경 후 60일 이내에는 재변경이 어려울 수 있습니다.",하나카드:24791
이벤트 안내,무이자 할부 이벤트는 매월 업종별로 진행되나요?,네.,하나카드:24778
이벤트 안내,모든 업종에서 무이자 할부가 가능한가요?,"아니요, 업종별로 무이자 할부 가능 여부가 다르며, 일부 업종에서는 부분 무이자만 적용될 수 있습니다.",하나카드:24778
이용내역 안내,통신 요금은 카드로 자동이체 되나요?,"네, 통신 요금은 카드로 자동이체됩니다.",하나카드:24776
이벤트 안내,은행을 방문해서 이벤트 결제 계좌를 변경할 수 있나요?,"아니요, 은행을 방문해서 이벤트 결제 계좌를 변경할 수 없습니다.",하나카드:24781
오토할부/오토캐쉬백 안내/신청/취소,신용카드 신청 시 배송까지 걸리는 시간은 얼마나 되나요?,약 일주일이 걸립니다.,하나카드:24794
결제일 안내/변경/취소,결제일 변경 시 기존 이용 금액이 변경된 결제일에 청구될 수 있나요?,"아니요, 기존 이용 금액이 변경된 결제일에 청구되지 않을 수 있습니다.",하나카드:24801
도난/분실 신청/해제,시간을 지정하여 카드 배송을 받을 수 있어?,아니.,하나카드:24800
오토할부/오토캐쉬백 안내/신청/취소,카드 발급이 완료되면 무엇으로 알 수 있나요?,카드 발급이 완료되면 안내 문자를 통해 알 수 있습니다.,하나카드:24794
선결제/즉시출금,총 결제 금액에서 미매입 건으로 빠진 건 얼마야?,"210,000원",하나카드:24793
선결제/즉시출금,현대아울렛에서 사용한 금액은 할부였나요?,"네, 현대아울렛에서 사용한 금액은 할부였습니다.",하나카드:24795
결제일 안내/변경,단기 카드 대출이나 자동이체의 경우 무슨 유의사항이 있나요?,"단기 카드 대출이나 자동이체의 경우, 이용 기간에 따라 두 달분이 청구될 수 있습니다.",하나카드:24791
이용내역 안내,카드 명세서에 있는 마이너스는 무이자 할부 할인을 의미하지?,응.,하나카드:24808
한도상향 접수/처리,한도 상향 심사 결과는 뭐로 받아볼 수 있어?,문자로,하나카드:24811
특별한도/임시한도/일시한도 안내/신청,일시 한도는 정기 한도와 합산하여 이용할 수 있나요?,"예, 일시 한도는 정기 한도와 합산하여 이용할 수 있습니다.",하나카드:24830
도난/분실 신청/해제,카드는 분실 신고 해제 후 바로 사용이 가능한가요?,네.,하나카드:24832
결제대금 안내,결제일 당일에는 리볼빙 비율 변경이 가능한가요?,"아니요, 결제일 당일에는 리볼빙 비율 변경이 불가능합니다.",하나카드:24841
결제대금 안내,리볼빙 서비스에서 최소로 결제해야 하는 금액 비율은 얼마인가?,30%,하나카드:24841
결제대금 안내,리볼빙 서비스에서는 할부 결제도 포함되나요?,아니요.,하나카드:24841
결제대금 안내,리볼빙 서비스는 일시불 금액 중 최소 몇 퍼센트를 결제해야 하나요?,30%,하나카드:24841
도난/분실 신청/해제,가맹점 번호는 어떻게 알려주었나요?,고객의 핸드폰에 문자로 전달했어요.,하나카드:24854
연회비 안내,연회비는 무조건 선지급을 해야 하나요?,네.,하나카드:24848
결제 대금 안내,대출 상환 기간은 몇 개월로 설정되었나요?,10개월로 설정되었습니다.,하나카드:24847
선결제/즉시출금,왜 즉시 출금으로 카드 대금을 결제해도 이중 납부될 수 있어?,즉시 출금해도 자동이체 출금이 접수되어 있기 때문에 이중으로 출금될 수 있어.,하나카드:24856
서비스 이용방법 안내,보험 중에서 마일리지 적립이 가능한 게 뭐야?,4대 보험을 제외한 일반 보험은 마일리지가 적립돼.,하나카드:24861
한도상향 접수/처리,한도 심사 결과는 오늘 알 수 있어?,"응, 빠르면 오늘, 늦어도 내일에는 확인할 수 있어.",하나카드:24858
결제 대금 안내,카드 정지를 해제하려면 어떻게 해야 해?,연체 대금을 완납하고 완납 증명서를 제출해야 해.,하나카드:24860
선결제/즉시출금,선결제를 위한 계좌는 어떻게 등록됐어?,에이알에스 연결을 통해,하나카드:24864
서비스 이용방법 안내,카드를 발급받은 후 비밀번호 등록은 어떻게 해야 해?,기존에 카드를 발급받아 이용 중이라면 비밀번호는 승계되므로 따로 등록하지 않아도 돼.,하나카드:24861
교육비,교육비 결제 카드는 어떻게 신청해야 해?,카드사 고객센터에 연락하면 등록 신청해 줘.,하나카드:24866
선결제/즉시출금,온라인 홈플러스에서 결제한 건은 카드 실적에 포함돼?,"아니, 마트 결제 건은 실적에서 제외돼.",하나카드:24867
선결제/즉시출금,카드 대금이 이중으로 출금된 경우 어떻게 처리돼?,출금 다음 날 결제 계좌로 환급돼.,하나카드:24867
일부결제대금이월약정 안내,일시불과 할부 중 리볼빙으로 이월이 가능한 결제가 뭐야?,일시불 결제,하나카드:24871
연체대금 안내,연체 대금을 결제하는 방법이 뭐야?,"결제 계좌에 잔고를 유지하는 방법, 가상계좌로 입금하는 방법, 상담사를 통해 즉시 출금하는 방법이 있어.",하나카드:24879
이용내역 안내,쿠팡에 등록한 카드 정보를 카드사에서 변경해 줄 수 있어?,"아니, 손님이 직접 변경해야 해.",하나카드:24875
연체대금 즉시출금,즉시 출금 후 결제일에 이중 출금되는 경우에는 어떻게 처리돼?,익영업일 오전에 결제 계좌로 환급돼.,하나카드:24883
한도상향 접수/처리,소득 서류를 보내지 않고도 한도 상향 심사를 받으려면 어떻게 해야 해?,공공 마이데이터 서비스 이용 동의를 해야 한다.,하나카드:24886
이용방법 안내,일반 결제를 등록할 때 카드 번호를 기재해야 하나요?,네.,하나카드:24887
결제계좌 안내/변경,마이너스 통장에서도 카드 대금 결제가 가능한가요?,"네, 마이너스 통장의 한도가 있다면 카드 대금 결제가 가능합니다.",하나카드:24894
오토할부/오토캐쉬백 안내/신청/취소,차량을 할부로 구매해도 캐시백이 지급돼?,"아니, 차량을 일시불로 결제해야 캐시백을 받을 수 있어.",하나카드:24899
이용방법 안내,카드를 신규로 발급하면 교체 발급하는 것보다 혜택이 더 많은가요?,"아니요, 신규 발급과 교체 발급 모두 혜택은 동일하게 적용됩니다.",하나카드:24893
이용방법 안내,바우처를 사용하려면 카드 발급 후 일정 금액 이상 사용하여야 하나요?,네.,하나카드:24893
결제일 안내/변경/취소,미매입 건의 경우에는 선결제가 불가하고 나중에 청구될 수 있어?,응.,하나카드:24896
결제일 안내/변경/취소,결제일 변경 후 50일 이내에 재변경할 수 있습니까?,"아니요, 결제일 변경 후 60일 이내에는 재변경이 어렵습니다.",하나카드:24896
이용내역 안내,디비 손해보험에서 자동이체 되고 있는 건은 몇 건이야?,2건,하나카드:24895
연회비 안내,현재 연회비가 면제되는 카드가 있나요?,"아니요, 현재 연회비가 면제되는 카드는 없습니다.",하나카드:24901
안심클릭/▲▲페이/기타페이 안내,카드 앱에 카드를 등록하려면 어떻게 해야 해?,카드 앱에 들어가면 보이는 가운데 결제창에 결제 수단 추가에서 카드 등록을 하여야 한다.,하나카드:24900
결제계좌 안내/변경,결제일 당일에 계좌 변경이 가능한가요?,"아니요, 결제일 당일에는 변경이 불가능합니다.",하나카드:24903
결제일 안내/변경/취소,교육비 자동 납부 접수 후 처리까지 기간이 얼마나 걸려?,일주일 정도,하나카드:24910
결제계좌 안내/변경,몇 시부터 몇 시 사이 결제 계좌 변경이 가능한가요?,오전 6시부터 밤 10시 사이에 결제 계좌 변경이 가능합니다.,하나카드:24903
결제일 안내/변경,결재일 변경 후 얼마 동안 재변경이 어려운가요?,60일 이내,하나카드:24919
결제일 안내/변경,변경된 결제일에 대한 이용 기간은 유선으로 안내가 되는 건가요?,"아니요, 문자로 받을 수 있습니다.",하나카드:24924
결제일 안내/변경,카드 실적이 충분한데도 왜 할인이 적용되지 않았나요?,실적 적용 기간 동안 사용한 금액이 기준 금액을 충족하지 못했기 때문입니다.,하나카드:24924
이용내역 안내,가나다 카드를 계속 사용하려면 연회비 납부해야 해?,"아니, 가나다 카드는 연회비가 없는 카드라서 연회비를 납부하지 않아도 돼.",하나카드:24907
이용내역 안내,매월 쿠팡 와우 멤버십 비용으로 결제되고 있는 금액은 얼마야?,"2,900원",하나카드:24907
오토할부/오토캐쉬백 안내/신청/취소,가상계좌 정보는 무엇으로 전달되었나요?,카카오톡으로 발송되었어요.,하나카드:24912
결제일 안내/변경,결제 계좌를 변경하면 며칠 동안 재변경이 안되나요?,60일,하나카드:24924
한도 안내,카드로 지방세를 납부할 때 무이자 할부가 가능해?,"아니, 지금 무이자 할부를 진행하지 않고 있어서 불가능해.",하나카드:24915
가상계좌 안내,결제 계좌에서 이중 출금되는 것을 막으려면 어떻게 해야 해?,결제 계좌의 잔고를 비워야 해.,하나카드:24905
오토할부/오토캐쉬백 안내/신청/취소,가상 계좌 선입금 방식은 할부를 할 수 있어?,"아니, 다 일시불이야.",하나카드:24912
결제일 안내/변경,결제일 변경으로 인해 두 달분이 청구될 수 있어?,"응, 단기 카드 대출이나 자동 이체가 두 달분 청구될 수 있어.",하나카드:24919
결제일 안내/변경/취소,결제일 변경 후에 두 달분이 청구될 수도 있을까요?,"네, 단기 카드 대출이나 자동 이체의 경우 이용 기간에 따라 두 달분이 청구될 수 있습니다.",하나카드:24920
연체대금 즉시출금,리볼빙 결제 비율은 일시불에만 적용되나요?,"네, 일시불에만 적용되며 할부나 카드 대출은 적용되지 않아요.",하나카드:24917
결제계좌 안내/변경,카드 비밀번호를 변경하면 기존 카드를 사용할 수 있나요?,"네, 카드 비밀번호를 변경한 후에 기존 카드를 계속 사용할 수 있습니다.",하나카드:24926
이용내역 안내,상남사는 사용 내역을 팩스로 받으려면 얼마나 시간이 걸린다고 했나요?,30분 정도,하나카드:24925
이용내역 안내,카드 이용 날짜가 다르게 승인이 될 수도 있나요?,"네, 후불 교통 카드 이용의 경우 카드사쪽으로 승인이 오는 날짜가 다를 수 있어요.",하나카드:24922
선결제/즉시출금,오늘 선결제한 금액은 얼마야?,"1,009,876원",하나카드:24923
결제일 안내/변경/취소,결제일을 변경하면 며칠 동안 재변경을 할 수 없나요?,60일 이내에는 재변경이 어려울 수 있습니다.,하나카드:24920
승인취소/매출취소 안내,해외 결제 건 중 취소된 결제 건이 몇 건이죠?,1건,하나카드:24930
승인취소/매출취소 안내,환불 금액은 처음 결제한 금액과 동일한가요?,"네, 처음 출금된 금액과 동일하게 처리됩니다.",하나카드:24933
승인취소/매출취소 안내,환불금이 입금되려면 얼마의 시간이 걸리나요?,취소 확인 후 약 1주일 정도의 시간이 소요될 수 있어요.,하나카드:24933
가상계좌 안내,카드 결제 대금을 즉시 출금하고 나서 이중 출금이 되는 것을 방지하려면 어떻게 해야 하나요?,계좌의 잔액을 비워두어야 합니다.,하나카드:24932
이용내역 안내,카드 승인 이후 결제 내역이 취소되면 카드 이용 한도는 어떻게 돼?,카드 이용 한도는 다시 복원돼.,하나카드:24939
결제대금 안내,복지 포인트 가맹점이 아닌 곳에서 카드로 결제하면 무엇으로 결제가 돼?,신용카드로,하나카드:24943
한도상향 접수/처리,일시 한도의 경우 최장 얼마 동안 사용할 수 있어?,삼 개월,하나카드:24949
결제계좌 안내/변경,이중 출금을 막기 위해서는 어떻게 해야 해?,고객의 결제 계좌에 잔여 금액이 없게 해야 해.,하나카드:24951
이용내역 안내,미매입 상태란 무엇인가요?,상점 측에서 카드사로 매출 전표를 보내지 않아 결제는 되었으나 청구가 이루어지지 않은 상태를 말합니다.,하나카드:24958
이용방법 안내,이용 한도 변경을 할 때 카드 번호를 하나씩 클릭해서 조회하여 변경해야 합니까?,예.,하나카드:24963
이용내역 안내,결제 금액이 이미 사업자에게 입금된 경우에도 취소가 가능합니까?,예.,하나카드:24961
이용방법 안내,보유 중인 카드 전체 한도를 통합해서 사용하려면 무엇을 변경해야 합니까?,그룹 한도와 카드별 한도를 변경해야 합니다.,하나카드:24963
이벤트 안내,이벤트 혜택을 받기 위해서는 사전에 등록이 필요한가?,"예, 이벤트 등록이 필요합니다.",하나카드:24962
이용내역 안내,카드 결제를 90일 뒤에 취소하면 수수료가 나올 수 있어?,응.,하나카드:24961
이벤트 안내,이벤트 등록을 하기 위해서는 문자 발송된 내역에서 무엇을 눌러야 합니까?,유알엘로 에이치티티피에스라고 되어 있는 곳을 눌러야 합니다.,하나카드:24962
선결제/즉시출금,추가 발급받는 카드의 연회비는 얼마입니까?,일만 원,하나카드:24966
선결제/즉시출금,이월된 금액을 즉시 출금할 수 있나요?,예.,하나카드:24975
이용내역 안내,핸드폰 개통 시 발급받은 카드는 뭐에서 할인 적용을 해 주나요?,핸드폰 요금,하나카드:24973
연체대금 즉시출금,카드가 정지된 이유는 무엇입니까?,카드 대금을 연체하여서,하나카드:25004
선결제/즉시출금,결제 후 결제 계좌에 잔고가 있으면 어떻게 되나요?,이중으로 출금될 수 있습니다.,하나카드:24971
가상계좌 안내,연체금을 가상 계좌로 납부할 때 알아야 할 정보는 무엇입니까?,가상계좌는 정해진 시간 안에 납부해야 결제 처리가 되고 계좌에 잔고가 남아 있으면 이중 출금이 될 수 있기 때문에 잔고를 확인하여야 합니다.,하나카드:24998
연체대금 즉시출금,실제 상담을 한 사람은 누구입니까?,고객의 대리인,하나카드:25004
장기카드대출 안내,해당 카드 또는 다른 금융 기관에 연체 이력이 있으면 대출이 안 될 수도 있나요?,예.,하나카드:24974
입금내역 안내,체크카드로 결제된 금액은 무엇이었어?,지하철 버스 이용 요금이었어.,하나카드:24977
장기카드대출 안내,카드 대출 중도 상환 수수료나 위약금은 얼마인가요?,중도 상환 수수료나 위약금은 없습니다.,하나카드:24974
가상계좌 안내,가상계좌 결제 시 유의 사항에 관해 무엇으로 안내받을 수 있다고 했습니까?,문자로,하나카드:24972
단기카드대출 안내/실행,금리 인하를 요구할 때 필요한 정보는 무엇입니까?,고객의 신용 상태입니다.,하나카드:25006
승인취소/매출취소 안내,확인 결과 해당 날짜에 결제한 금액이 환급되지 않았었어?,"아니, 상담사는 고객의 계좌로 환급이 완료됐다고 전했어.",하나카드:24994
단기카드대출 안내/실행,해당 상담으로 에이티엠기기에서 카드로 현금 서비스가 안 된 이유를 알 수 있습니까?,아니요.,하나카드:25000
이용내역 안내,카드 사용 내역을 기간별로 확인할 수 있어?,응.,하나카드:25008
신용공여기간 안내,학원비는 카드 사용 실적에 들어가?,응.,하나카드:24999
연체대금 즉시출금,결제 계좌 변경은 신청 후 바로 처리가 됩니까?,네.,하나카드:25002
이용방법 안내,카드 사용 등록 후 전체 번호는 어떻게 확인합니까?,전체 메뉴에서 카드 관리로 들어가 가려진 정보 확인에 카드 비밀번호를 입력하면 확인할 수 있습니다.,하나카드:25005
이용내역 안내,할인 혜택을 제공받았던 렌탈은 웰릭스입니까?,네.,하나카드:25007
이용내역 안내,이용 내역 확인 시 필요한 정보는 무엇입니까?,"고객 이름, 생년월일, 휴대전화 번호와 자동이체 은행입니다.",하나카드:25008
명세서 재발송,"해당 상담은 공동 상담, 대리인 상담, 개인 상담 중 어떻게 진행되었습니까?",공동 상담으로 진행했습니다.,하나카드:25010
도난/분실 신청/해제,분실한 카드를 찾은 사람은 누구입니까?,손님 본인입니다.,하나카드:25024
오토할부/오토캐쉬백 안내/신청/취소,상담 센터는 몇 시까지가 업무시간입니까?,오후 6시,하나카드:25015
도난/분실 신청/해제,분실 신고 해지를 위해 입력해야 하는 카드 번호는 무엇입니까?,카드 번호 끝 네 자리,하나카드:25024
이용방법 안내,모바일에서 장기 카드 대출의 체크박스 색깔이 뭐야?,초록색,하나카드:25037
결제대금 안내,이용 대금 명세서에 적혀 있는 미결제 잔액에는 할부 금액도 포함되지?,응.,하나카드:25042
한도 안내,카드사에서 카드를 발급받으려고 하는 대상이 누구야?,전화를 건 고객의 어머니,하나카드:25039
안심클릭/▲▲페이/기타페이 안내,해당 상담으로 알 수 있는 앱 알림이 표시되지 않는 이유는 무엇이 있습니까?,휴대폰 알림 설정이 꺼져 있거나 앱에 오랫동안 접속하지 않아 휴면 되었을 경우 알림이 표시되지 않습니다.,하나카드:25025
한도상향 접수/처리,카드 임시 한도는 얼마 동안 유지가 되는 한도야?,12개월,하나카드:25053
한도상향 접수/처리,카드 한도 심사 접수 시 상향하고자 하는 한도 금액의 제한은 없지?,응.,하나카드:25053
결제일 안내/변경/취소,카드 결제 일자를 한 번 변경하면 얼마나 지나야 다시 변경할 수 있어?,60일,하나카드:25067
이용내역 안내,신용 카드는 결제 승인과 동시에 결제 금액이 출금되지?,"아니, 신용 카드는 후불이야. 그러므로 카드 결제 승인이 먼저 이뤄지고 결제 금액 출금은 카드 결제일 날 돼.",하나카드:25070
연체대금 즉시출금,카드 결제일이 토요일이면 금요일에 미리 출금 진행되지?,"아니, 결제일이 주말이거나 공휴일일 경우 그다음 영업일 날 출금이 돼.",하나카드:25060
이용내역 안내,"할부율을 계산하기 위해서 할부 잔액과 기간별 할부 수수료율, 월 이용 일수를 알아야 하지?",응.,하나카드:25073
이용내역 안내,할부 결제를 진행할수록 할부 수수료는 어떻게 변해?,할부 수수료는 점점 줄어들어.,하나카드:25073
도시가스,도시가스 청구 할인은 한 가구당 한 건만 가능합니까?,네.,하나카드:25087
이용내역 안내,아파트 관리비의 경우 카드 실적에 포함되지?,응.,하나카드:25077
결제대금 안내,이마트에서 이용한 할부는 수수료 면제 혜택을 받았나?,"예, 무이자 할부 혜택으로 할부수수료가 면제되었습니다.",하나카드:25076
교육비,스쿨뱅킹이 공과금 계열로 들어갈 경우 카드 실적에 포함되지?,"아니, 공과금 계열로 들어가면은 카드 실적 대상에서 제외돼.",하나카드:25082
도시가스,실적 요건을 맞출 때 할인 받는 도시가스 요금은 몇 %입니까?,10%,하나카드:25087
도시가스,해당 상담에서 안내한 실적 제외 요금은 무엇입니까?,도시가스 요금과 이동통신 요금입니다.,하나카드:25087
일부결제대금이월약정 해지,카드를 해지해도 유지되는 서비스는 무엇입니까?,마일리지 서비스입니다.,하나카드:25094
이용내역 안내,모바일로 카드 이용 내역서를 보면 얼마 동안의 내역을 확인할 수 있어?,최근 일주일,하나카드:25085
이용내역 안내,카드사에서 환승 여부를 알 수 있습니까?,아니요.,하나카드:25101
한도상향 접수/처리,카드 한도 결정에는 무엇이 반영됩니까?,"카드 이용 기간, 실적, 패턴, 점수, 소득, 대출이나 미납 여부 등이 반영됩니다.",하나카드:25102
한도상향 접수/처리,카드 상향 한도는 얼마까지 가능합니까?,고객이 요청한 금액을 상한으로 가능한 금액까지 카드사의 기준에 맞춰 상향됩니다.,하나카드:25098
이용방법 안내,오늘 승인 거절 내역은 없었나요?,예.,하나카드:25106
이용방법 안내,한도 부족으로 결제가 거절되었나요?,"아니요, 한도 부족으로 거절되지 않았습니다.",하나카드:25106
연체대금 즉시출금,연체 대금 출금 처리가 완료되었나요?,예.,하나카드:25110
이벤트 안내,11월에도 사용조건을 충족하면 캐시백을 받을 수 있나요?,예.,하나카드:25109
이용내역 안내,카드와 연결된 계좌는 누구 명의만 가능합니까?,본인,하나카드:25105
단기카드대출 안내/실행,중도 상환 시 수수료가 발생하나요?,"아니요, 중도 상환 수수료가 발생하지 않습니다.",하나카드:25111
단기카드대출 안내/실행,대출 금액에 적용된 금리는 얼마였나요?,15.85%,하나카드:25111
결제계좌 안내/변경,공과금이 카드 실적에 포함되나요?,"아니요, 공과금은 실적에 포함되지 않습니다.",하나카드:25115
이벤트 안내,캐시백 지급 조건이 충족되지 않았나요?,"아니요, 사용 조건이 충족되었습니다.",하나카드:25109
이용내역 안내,요금 미납 방지를 위해서 결제가 되었나요?,예.,하나카드:25121
승인취소/매출취소 안내,승인 취소가 매입 전 이루어졌나요?,예.,하나카드:25123
연체대금 안내,청구서에 할인 금액이 기재 되어 있지 않나요?,"아니요, 청구서에는 이용 금액과 할인 금액, 그리고 입금할 금액이 기재되어 있습니다.",하나카드:25116
승인취소/매출취소 안내,카드 결제가 취소되기 위해서는 얼마나 걸려?,"2, 3 영업일 정도 소요되고 길게는 일주일 정도 걸려.",하나카드:25157
가상계좌 예약/취소,예약 없이도 가상 계좌로 입금이 가능한가요?,"아니요, 예약 없이는 입금할 수 없습니다.",하나카드:25148
이용내역 안내,카드 재발급 시 카드 번호는 원래의 카드 번호와 동일하지?,"아니, 재발급 시 카드 번호는 변경돼.",하나카드:25164
서비스 이용방법 안내,해당 카드는 현금 서비스 한도가 부여돼 있어?,응.,하나카드:25172
서비스 이용방법 안내,해당 카드는 몇 개월 간 할인 적립이 가능해?,24개월,하나카드:25172
도난/분실 신청/해제,보이스피싱과 관련해 정지된 카드는 정지 해제가 불가능해?,응.,하나카드:25166
결제일 안내/변경/취소,카드 결제일 변경이후 며칠 동안 재변경을 할 수 없지?,60일,하나카드:25176
오토할부/오토캐쉬백 안내/신청/취소,선입금 방식으로 결제할 경우 캐시백 비율은 몇 %야?,1.3%,하나카드:25177
이용내역 안내,방콕의 호텔에서 결제가 왜 미뤄지고 있어?,카드 전표가 아직 접수되지 않았기 때문이야.,하나카드:25175
오토할부/오토캐쉬백 안내/신청/취소,가상계좌 문자 수신 후 결제 기한은 며칠이야?,15일,하나카드:25177
오토할부/오토캐쉬백 안내/신청/취소,선입금을 할 경우 입금한 만큼 카드 특별 한도가 발생돼?,응.,하나카드:25177
가상계좌 예약/취소,가상계좌 결제 시 정확한 금액으로 입금해야 정상 처리가 돼?,응.,하나카드:25180
결제일 안내/변경/취소,결제일에 대한 이용 기간은 문자로 발송될 예정이야?,응.,하나카드:25176
이용내역 안내,해외에서 카드를 이용할 경우 카드 수수료는 얼마나 부과되나요?,0.5% 부과됩니다.,하나카드:25186
결제일 안내/변경,카드사에서는 일반적으로 카드 실적을 1일부터 말일까지의 기간의 이용 내역으로 계산하고 있어?,"응, 보통은 1일부터 말일까지로 계산해.",하나카드:25185
가상 계좌 안내,가상 계좌 입금 시 늦어도 11시 30분까지는 입금해야 하는 거지?,응.,하나카드:25205
도난/분실 신청/해제,분실과 관련된 콜센터의 업무는 하루종일 운영되나요?,"네, 24시간 운영되고 있습니다.",하나카드:25195
장기카드대출 안내,카드 이용 한도 관련 심사는 무엇을 바탕으로 이루어져?,고객의 신용 상태나 카드 이용 상황 등을 바탕으로 이루어진다.,하나카드:25200
프리미엄 바우처 안내/발급,해외 호텔 결제 건이 현재 카드 대금 청구에 포함되어 있나요?,"아니요, 현재 카드 대금 청구에 포함되어 있지 않습니다.",하나카드:25194
이벤트 안내,무료 이용 가능 라운지 입장 시 해당 카드와 항공권만 제시하면 되니?,응.,하나카드:25217
한도상향 접수/처리,일시 한도는 정기 한도와 합산되지?,응.,하나카드:25209
가상 계좌 안내,미납금 완제 방법 중 반영이 가장 빠른 게 뭐니?,가상 계좌 입금이 반영이 바로 돼.,하나카드:25205
이용내역 안내,카드 전환 동의는 기한이 정해져 있지?,응.,하나카드:25221
승인 취소/매출취소 안내,가맹점에서 카드사로 취소 전표가 날아가는 데 걸리는 기간은 얼마니?,보통 평일 기준 2~3일 정도 걸려.,하나카드:25212
연체대금 즉시출금,차감 승인된 복지 포인트 처리는 카드 앱에서 확인할 수 있는 거지?,응.,하나카드:25219
오토할부/오토캐쉬백 안내/신청/취소,오토캐시백을 이용하면 1.3%를 현금으로 돌려받는 거지?,응.,하나카드:25218
결제일 안내/변경/취소,결제일 변경 신청 후 재변경이 어려운 기간은 얼마 동안이니?,60일,하나카드:25215
이벤트 안내,국내 공항 라운지 무료 입장 이벤트의 대상 조건이 뭐니?,비자 브랜드 소지자 중 지난달 실적이 조건에 충족하면 돼.,하나카드:25217
가상계좌 예약/취소,청구 확정된 금액은 가상 계좌를 통한 별도의 예약 없이 입금할 수 있나요?,네.,하나카드:25231
선결제/즉시출금,현 시점을 기준으로 도출된 내달 결제 금액은 모두 할부 이용 건에 해당하나요?,"네, 오늘 한도를 복원하면서 이번 달 결제 대금을 결제했기 때문에 내달 청구 금액은 할부 이용 건만 남아 있습니다.",하나카드:25247
이용내역 안내,확인된 내역 중 보험료 자동 이체로 등록된 건은 총 몇 건이야?,6건,하나카드:25253
이용내역 안내,지하철 요금으로 나간 금액은 포인트가 적립돼?,"아니, 상담원이 말하길 교통 요금은 포인트 적립 대상에서 제외되어 있다고 했어.",하나카드:25246
소득공제 확인서/종합소득세 안내,은행에 방문하면 소득 공제 확인서를 받을 수 있어?,"아니, 카드사에서 발급받는 거야.",하나카드:25245
선결제/즉시출금,선결제했더라도 기존의 할부 이자는 그대로 내야 해?,"아니, 선결제했으므로 기존 할부 이자는 더 이상 청구되지 않고, 상담사도 이자가 발생하지 않는다고 안내했어.",하나카드:25259
이용내역 안내,"아이의 수학 학원 결제 건, 이비인후과 진료 건, 백화점 식품 매장 결제 건 중 적립 대상인 건 뭐야?",백화점 식품 매장 결제 건,하나카드:25246
심사 진행사항 안내,은행에서 직접 카드를 발급받을 때 반드시 챙겨야 할 것은 뭐지?,신분증,하나카드:25250
이용내역 안내,"모바일 앱을 통해 옷과 화장품을 구매했다면, 여기서 최대 적립 받을 수 있는 포인트는 얼마야?","10,000포인트",하나카드:25246
결제일 안내/변경,카드 결제일은 변경한 날을 기준으로 6개월간 다시 바꿀 수 없어?,"아니, 60일 간 재변경이 어려워.",하나카드:25255
승인취소/매출취소 안내,결제를 취소한 시점으로부터 최소 며칠이 지났어?,7일,하나카드:25252
가상계좌 안내,카드에 연동된 결제 계좌를 착각해서 연체가 발생한 거였어?,"아니, 고객이 생각한 계좌가 맞았어.",하나카드:25260
결제일 안내/변경,"이름, 휴대전화 번호, 계좌 번호, 생년월일 중 본인 확인 절차에서 활용되지 않은 정보는 뭐야?",계좌 번호,하나카드:25255
연체대금 즉시출금,계좌에 잔고가 남아있을 경우 무슨 일이 발생할 가능성이 있어?,이중 출금될 수 있어.,하나카드:25257
연체대금 즉시출금,카드 이용 정지 해제를 위해 연체 금액을 입금하면 즉시 카드 사용이 가능해지나?,"예, 연체 금액 입금 즉시 카드 이용 정지가 해제됩니다.",하나카드:25257
이용내역 안내,카드사에서 거래 취소를 반영할 때 필요한 건 취소 영수증과 취소 전표 중 뭐야?,취소 전표,하나카드:25263
이용내역 안내,카드사에서 직접 주유소의 결제 문제를 해결해줄 수 있나요?,"아니요, 고객이 직접 해당 주유소에 문의해야 합니다.",하나카드:25263
이용내역 안내,후불 교통 카드 이용액 결제일은 한 달에 두 번 있어?,"아니, 한 달에 한 번씩 결제돼.",하나카드:25264
결제일 안내/변경,한 번 결제일을 바꾸면 몇 달간 유지해야 해?,두 달,하나카드:25262
결제일 안내/변경,결제일을 변경한 후 며칠 이내에는 재변경이 어려울 수 있어?,60일,하나카드:25270
선결제/즉시출금,선결제해도 한도 복원이 안 되는 결제 서비스는 뭐야?,장기 카드 대출,하나카드:25268
결제일 안내/변경/취소,자동이체 등록 건이 있다면 최대 몇 달 치가 일시에 빠져나갈 수 있어?,두 달,하나카드:25258
이용내역 안내,결제 취소가 반영되기까지는 보통 얼마나 걸려?,평일 기준 2~3 영업일,하나카드:25263
프리미엄 바우처 안내/발급,국내선 동반자 무료 왕복 항공권 바우처는 무슨 항공사에서 이용할 수 있어?,대한항공과 아시아나 항공,하나카드:25281
결제일 안내/변경,결제일을 변경해도 단기 카드 대출이나 자동 이체는 이용 기간에 따라 몇 달분이 함께 청구될 수 있어?,두 달분,하나카드:25271
입금내역 안내,해당 선결제 건은 왜 모바일 앱 건별 선결제 이용 항목에서 조회되지 않아?,건별 선결제가 초과되었기 때문이야.,하나카드:25287
결제일 안내/변경/취소,결제일을 변경하면 변경 후 며칠 이내에는 다시 변경하기가 어려울 수 있어?,60일,하나카드:25279
결제일 안내/변경/취소,카드를 본인이 수령해도 따로 등록하는 절차가 필요하지?,"아니, 자동으로 카드 사용 등록이 돼.",하나카드:25279
도난/분실 신청/해제,해제 이후 체크 카드의 후불 교통 기능을 어떻게 써야 해?,평일 기준으로 3일 내지 4일 이후부터 사용해야 해.,하나카드:25286
결제일 안내/변경,해당 은행은 카드의 결제 계좌 변경 시 스타벅스 쿠폰을 발급해 주는 이벤트를 진행하고 있어?,응.,하나카드:25301
프리미엄 바우처 안내/발급,국내선 동반자 무료 왕복 항공권 바우처는 콜센터를 통해서 신청하면 되지?,"아니, 여행 센터로 연락해서 바로 이용한다고 하면 돼.",하나카드:25281
쇼핑케어,쇼핑 시 발생할 수 있는 개인 정보 유출 피해를 예방할 수 있는 서비스가 뭐야?,쇼핑케어 서비스,하나카드:25289
도난/분실 신청/해제,분실 해제한 카드는 후불 교통 기능도 바로 이용 가능하지?,"아니, 평일 기준 2, 3일 뒤에 이용 가능해.",하나카드:25283
이용내역 안내,해외 결제 건의 경우 카드사로 넘어오기까지 5일 내지 7일의 시간이 소요 돼?,응.,하나카드:25295
도시가스,해당 카드사에서 삼천리 도시가스 업체 등록이 가능해?,"아니, 삼천리 도시가스는 등록이 불가능한 업체야.",하나카드:25296
이용내역 안내,바우처 혜택을 받기 위해서는 충족해야 할 카드 실적이 어떻게 돼?,30만 원,하나카드:25303
이용내역 안내,무엇이 국내 카드사로 넘어와야 해외 취소 건에 대한 환불이 가능해져?,취소 전표,하나카드:25295
입금내역 안내,쇼핑케어 서비스 이용 건으로 청구된 금액은 어떻게 돼?,1만 원,하나카드:25300
연체대금 즉시출금,해당 카드의 후불 교통 기능은 바로 사용할 수 있어?,"아니, 2일 내지 3일 후에 쓸 수 있다고 했어.",하나카드:25293
승인취소/매출취소 안내,결제 취소 안내는 문자로 받을 수 있어?,"아니, 알림톡으로 받을 수 있어.",하나카드:25331
이용내역 안내,카드사에서는 사용 건을 문자로 보내지 않았던 거야?,"아니, 계속 보내고 있었어.",하나카드:25339
결제일 안내/변경/취소,에스엠에스 서비스는 무료로 이용할 수 있나요?,"아니요, 유료 서비스이고 300포인트 이상 있는 경우 포인트로 결제됩니다.",하나카드:25347
이용내역 안내,치과에서 카드를 사용한 사람은 누구지?,딸,하나카드:25334
결제일 안내/변경/취소,결제일을 변경하는 경우 얼마 동안 재변경이 불가하지?,변경 후 60일 이내에 재변경이 어려워.,하나카드:25345
"정부지원 바우처 (등유, 임신 등)",올해 바우처에 선정된 사람은 아내야?,"아니, 남편이야.",하나카드:25342
도난/분실 신청/해제,재발급 신청 후 분실 카드를 찾으면 재발급 신청을 취소할 수 있나요?,"아니요, 재발급 신청은 취소 불가합니다.",하나카드:25355
이용내역 안내,네이버 페이로 결제할 경우 무엇으로 결제되지?,자체적인 가상번호,하나카드:25370
수기환급 처리,복지 포인트를 현금으로도 받을 수 있나요?,"네, 요청 시 통장으로 입금 처리됩니다.",하나카드:25363
이벤트 안내,자동차 보험료 캐시백 이벤트는 해당 금액을 상품권으로 지급하지?,"아니, 통장으로 입금해 줘.",하나카드:25365
이벤트 안내,디비손해보험 홈페이지나 모바일에서 무엇을 신규 갱신할 경우 캐시백을 제공받을 수 있어?,자동차 보험료,하나카드:25365
결제일 안내/변경/취소,결제일 변경 후 며칠 동안 재변경을 할 수 없지?,60일,하나카드:25371
이용내역 안내,매달 일정 금액 이상 사용하면 무조건 할인을 받을 수 있어?,"아니, 실적에서 제외되는 금액이 있으니 그걸 제외한 금액을 조건에 맞게 사용해야 해.",하나카드:25373
이용내역 안내,해당 카드는 이자율이 얼마야?,5.9%,하나카드:25373
이용내역 안내,무이자 할부는 실적에서 제외돼?,응.,하나카드:25373
결제대금 안내,나이스평가정보가 아는 것 중 카드사가 모르는 것도 있어?,응.,하나카드:25396
가상계좌 안내,"다른 은행, 타계좌를 이용해 입금하면 입금 당일 바로 한도 복원이 가능한가요?","아니요, 입금한 날이 아닌 다음날 한도 복원이 돼요.",하나카드:25375
이용내역 안내,자동이체 취소 증빙자료는 카드사가 갖고 있어?,"아니, 카드사는 갖고 있지 않아.",하나카드:25395
결제일 안내/변경/취소,결제일 변경 시 기존 이용 금액이 변경 후 결제일에 그대로 청구될 수 있나?,"아니요, 단기 카드 대출이나 자동이체의 경우 이용 기간에 따라 두 달분이 청구될 수 있습니다.",하나카드:25387
선결제/즉시출금,연회비 결제는 잔여 한도 복원에 영향을 주나요?,"아니요, 연회비를 결제해도 잔여 한도가 복원되지 않아요.",하나카드:25384
결제일 안내/변경/취소,결제일을 변경한 후 며칠 이내에 다시 변경할 수 없어?,60일,하나카드:25387
결제일 안내/변경/취소,실비 보험료는 카드 실적으로 인정되지 않아?,"아니, 인정돼.",하나카드:25394
결제대금 안내,나이스평가정보에서 알림이 오면 무조건 신용이 떨어졌다는 뜻이야?,"아니, 신용이 조회되거나 바뀌었다는 것이지 무조건 떨어진 건 아니야.",하나카드:25396
결제일 안내/변경,매월 1일부터 말일까지의 금액이 청구되는 결제일은 며칠이야?,12일,하나카드:25392
결제일 안내/변경,결제일 변경 후 60일 이내 재변경이 가능한가?,"아니요, 재변경이 어려울 수 있습니다.",하나카드:25392
이용내역 안내,지역 화폐 충전 금액이 부족한 경우 이용 금액은 어떻게 결제돼?,결제 계좌에서 출금된다.,하나카드:25397
서비스 이용방법 안내,로컬 브랜드 카드의 연회비가 비자 브랜드 카드의 연회비보다 더 저렴해?,응.,하나카드:25399
포인트/마일리지 전환등록,"6,300포인트를 가진 사람은 53,018포인트를 가진 사람과 무슨 관계야?",배우자,하나카드:25406
쇼핑케어,작년 2월 10일에 발송된 문자에 이용료는 얼마라고 안내됐어?,"7,900원",하나카드:25416
한도상향 접수/처리,심사 결과가 나오면 무엇으로 확인할 수 있어?,문자메시지나 알림 톡으로 확인할 수 있어.,하나카드:25414
쇼핑케어,쇼핑케어 서비스 내역 중 구매 물품을 손실 보상받을 수 있는 내용도 있어?,응.,하나카드:25416
이용내역 안내,통신요금 할인을 위해 채워야 하는 실적에 통신요금도 들어가?,"아니, 통신요금은 포함 안 돼.",하나카드:25412
이용방법 안내,앱에서 페이로 결제하려면 카드를 따로 등록해야 돼?,응.,하나카드:25413
결제계좌 안내/변경,자동이체 출금을 오후 출금으로 적용하면 18시 이전에 출금돼?,"아니, 18시 이후에 진행돼.",하나카드:25422
한도상향 접수/처리,소득을 확인하려면 소득 서류를 꼭 보내야 해?,"아니, 공공 마이데이터 서비스로 확인할 수 있어.",하나카드:25414
결제대금 안내,원래는 카드를 만들면 통신 비용 결제 카드로 자동 연결돼?,"아니, 고객이 직접 연결해야 해.",하나카드:25408
이용방법 안내,결제 수단 추가 창을 찾으려면 카드를 오른쪽에서 왼쪽으로 밀면 돼?,"아니, 왼쪽에서 오른쪽으로 밀어야 돼.",하나카드:25413
포인트/마일리지 전환등록,카드주의 캐시백 접수는 3시 1분에 처리됐어?,"아니, 카드주 배우자의 접수가 3시 1분에 처리됐어.",하나카드:25406
도시가스,도시가스 자동이체로 기존에 등록된 가족 카드는 연결 해지됐어?,응.,하나카드:25418
결제대금 안내,은행 대출을 카드 결제하는 것도 카드사에 신청할 수 있어?,"아니, 은행에 문의해야 돼.",하나카드:25415
일부결제대금이월약정 해지,추후에 청구될 수도 있는 내역에 최근 후불 교통카드 이용 내역도 포함돼?,응.,하나카드:25417
이용방법 안내,어플을 통해 할부금액를 선결제할 때 전액 결제만 할 수 있어?,"아니, 일부 납부도 할 수 있어.",하나카드:25423
도난/분실 신청/해제,신고자는 카드 분실 장소를 알고 있어?,"아니, 몰라.",하나카드:25428
가상계좌 예약/취소,선결제가 가상계좌를 통해 결제가 완료되었나요?,예.,하나카드:25432
결제계좌 안내/변경,변경한 계좌에서 결제대금이 출금되는 건 몇 월부터야?,11월부터,하나카드:25427
도난/분실 신청/해제,카드 재발급 신청을 할 수 있는 방법에 어플로 하는 방법도 있어?,응.,하나카드:25428
장기카드대출 안내,한도를 이번 달에 재산정할 수 있나요?,"아니요, 이번 달에는 불가능합니다.",하나카드:25435
한도 안내,장기 카드 대출도 한도에 포함되나요?,예.,하나카드:25433
연체대금 즉시출금,어떻게 결제 금액을 가상계좌에 입금해야 정상 처리되나요?,당일 기준 전액을 정확한 금액으로 입금해야 정상 처리됩니다.,하나카드:25443
결제계좌 안내/변경,결제일을 변경하면 기존 금액은 어떻게 처리되나요?,"변경된 결제일에 청구되지 않을 수 있으며, 대출금은 두 달분이 청구될 수 있습니다.",하나카드:25444
승인취소/매출취소 안내,나중에 실제로 출금될 금액은 현재 명세서에 반영이 되어 있어?,"아니, 명세서는 작성 이후에 취소되어서 결제일에 최종적으로 출금될 금액이 반영될 예정이야.",하나카드:25436
이용내역 안내,통신사 자동이체를 해지했어도 카드사에서 결제가 다시 될 수 있어?,"아니, 카드 승인 이력이 없으면 자동이체 결제가 되지 않아.",하나카드:25445
이용내역 안내,보증금 2만 원은 매달 결제 처리가 될 예정이야?,"아니, 한 번만 2만 원이 결제 처리가 될 예정이야.",하나카드:25448
승인취소/매출취소 안내,청구서를 통해 마일리지 적립 내용을 확인할 수 있나요?,"네, 상세 내역을 보면 됩니다.",하나카드:25465
이용내역 안내,사용하지 않는 체크카드는 해지할 수 있나요?,네.,하나카드:25476
이벤트 안내,카드사에서 진행하는 무이자 이벤트는 무엇에 따라 대상이 변경되지?,업종에 따라 매달 변경됩니다.,하나카드:25470
프리미엄 바우처 안내/발급,초년도 사용 실적이 얼마여야 바우처를 받을 수 있나요?,"초년도 사용 실적이 50,000원 이상이어야 바우처를 받을 수 있습니다.",하나카드:25472
결제대금 안내,리볼빙 서비스 약정 비율은 20%인가?,"예, 리볼빙 서비스 약정 비율은 20%입니다.",하나카드:25473
결제대금 안내,오토 케어 프리미엄 서비스의 주요 혜택은 무엇인가요?,차량 정보 조회와 차량 가치 및 신용정보 조회 서비스입니다.,하나카드:25473
승인취소/매출취소 안내,결제 취소가 반영된 최종 누적 금액은 얼마인가요?,"134,000원",하나카드:25474
결제대금 안내,오토 케어 프리미엄 서비스 요금은 얼마인가요?,"매월 5,000원입니다.",하나카드:25473
승인취소/매출취소 안내,쿠팡에서 결제한 금액이 취소되었나요?,"네, 취소되어 누적 금액에서 차감되었습니다.",하나카드:25474
승인취소/매출취소 안내,누적 금액에서 차감된 내역을 무엇으로 받을 수 있나요?,누적 금액에서 차감된 내역은 문자로 받을 수 있습니다.,하나카드:25474
포인트/마일리지 안내,포인트를 현금으로 받을 수 있나요?,네.,하나카드:25484
신용공여기간 안내,카드 사용 기간은 결제일에 따라 다를 수 있나요?,네.,하나카드:25481
결제일 안내/변경/취소,결제일을 변경하면 두 달 이내로는 재변경이 어렵나요?,네.,하나카드:25479
선결제/즉시출금,선납 시 본인 명의 계좌로만 결제가 가능한가요?,"예, 본인 명의 계좌로 결제가 가능합니다.",하나카드:25477
이용내역 안내,카드 해지 시 유의사항은 무엇으로 받을 수 있나요?,카드 해지 시 유의사항은 문자로 받을 수 있습니다.,하나카드:25476
청구지 안내/변경,문자 명세서를 확인할 때 무엇이 필요한가요?,문자 명세서를 확인할 때는 생년월일 입력만 필요합니다.,하나카드:25478
심사 진행사항 안내,신청한 카드 중 하나가 왜 수령되지 않았나요?,카드 접수만 되었고 발급이 진행되지 않았습니다.,하나카드:25483
가상계좌 안내,해지한 카드의 연회비가 왜 남아 있는 거죠?,"원래는 연회비 전체가 청구되었으나, 부분 출금이 이루어져 남은 금액이 있습니다.",하나카드:25498
도난/분실 신청/해제,새 카드 발급에 걸리는 기간은 얼마나 되나요?,평일 기준 5일 소요됩니다.,하나카드:25482
청구지 안내/변경,문자로 명세서를 받을 경우 URL을 통해 청구된 세부 내역을 확인할 수 있나요?,"네, 확인할 수 있습니다.",하나카드:25485
선결제/즉시출금,카드 대출 기간 변경은 가능한가요?,"아니요, 카드 대출 기간 변경은 불가능합니다.",하나카드:25480
오토할부/오토캐쉬백 안내/신청/취소,캐시백 지급 비율은 얼마인가요?,실제 승인된 금액의 0.8%입니다.,하나카드:25492
승인취소/매출취소 안내,매입이 완료된 결제건의 환불은 어떻게 처리되나요?,"가맹점에서 매입 취소 영수증이 카드사로 접수되어야 하며, 이 과정에서 시간이 걸립니다.",하나카드:25495
심사 진행사항 안내,은행에서 즉시 발급 가능한 카드는 무엇인가요?,즉시 발급 가능한 카드는 후불 교통 기능이 포함된 비자카드입니다.,하나카드:25483
결제일 안내/변경,결제일 변경 시 단기 카드 대출 대금 등은 이용 기간에 따라 얼마가 청구될 수 있어?,두 달치가 청구될 수 있다.,하나카드:25490
심사 진행사항 안내,은행에서 즉시 발급 가능한 카드는 후불 교통 이용 가능한 비자카드입니까?,"예, 맞습니다. 후불 교통 이용 가능한 비자카드만 즉시 발급이 가능합니다.",하나카드:25483
결제대금 안내,선결제 시 이자와 원금 일부만 납부할 수 있나요?,"네, 전체 금액이 아닌 이자와 일부 원금만 선결제하는 것도 가능합니다.",하나카드:25493
한도상향 접수/처리,한도가 늘어난 후에 다시 낮추려면 어떻게 해야 하죠?,한도를 낮추고 싶으면 다시 연락하여 하향 조정을 요청해야 합니다.,하나카드:25497
선결제/즉시출금,선결제 금액에 수수료나 연회비가 포함된 금액이 복원되나요?,"아니요, 선결제 금액 중 수수료나 연회비는 제외되고, 원금만 한도 복원에 반영됩니다.",하나카드:25494
한도상향 접수/처리,한도 증액은 특정 기간 동안만 유효한가요?,"아니요, 증액된 한도는 계속 등록되어 있습니다.",하나카드:25497
이용내역 안내,원화 결제 차단 서비스를 이용하면서 국내에서 카드로 결제한다면 결제가 정상적으로 진행되지 않아?,"아니, 국내에서는 해당 서비스를 이용해도 결제가 진행돼.",하나카드:25487
승인취소/매출취소 안내,해지한 지 오래된 카드의 정보를 받을 수 있나요?,"네, 오늘 해지된 게 아니라면. 해지한 지 오래된 카드라도 정보 제공이 가능합니다.",하나카드:25496
선결제/즉시출금,카드 선결제 시 결제 대금 전체를 다 결제해야 하나요?,"아니요, 부분 결제만 해도 됩니다.",하나카드:25494
승인취소/매출취소 안내,카드 취소 두 건이 모두 청구되었나요?,"아니요, 두 건 다 취소되었지만 한 건만 청구되었어요.",하나카드:25499
승인취소/매출취소 안내,결제 취소 버튼을 눌러야만 환불이 제대로 처리되나요?,"아니요, 이미 카드로 환불 처리가 완료되었기 때문에 결제 취소 버튼을 따로 누를 필요는 없어요.",하나카드:25495
오토할부/오토캐쉬백 안내/신청/취소,캐시백을 받기 위한 결제 조건은 무엇인가요?,일시불로 특정 금액 이상을 발급받은 체크카드로 결제해야 합니다.,하나카드:25492
이용내역 안내,이번 달 명세서에서 통신요금 할인이 왜 적용되지 않은 거죠?,이번 달에는 통신요금이 카드로 승인되지 않았기 때문입니다.,하나카드:25502
장기카드대출 실행,에스엠에스 서비스 요금을 포인트로 납부할 수 있나요?,"네, 일정 포인트 이상이면 포인트에서 우선 납부됩니다.",하나카드:25509
도난/분실 신청/해제,가맹점 대표는 카드 취소와 카드 주인에게 알리는 것을 원하고 있나?,"예, 카드 취소와 카드 주인에게 알리기를 원하고 있습니다.",하나카드:25518
이용방법 안내,카드 사용 등록은 어떻게 합니까?,카드 관리 메뉴에서 사용 등록을 진행하면 됩니다.,하나카드:25503
한도상향 접수/처리,한도가 요청한 금액만큼 상향되지 않으면 어떻게 되나요?,"전액 상향이 불가할 경우, 가능한 금액으로 한도가 상향돼요.",하나카드:25507
선결제/즉시출금,선결제를 하면 이번 달 결제 대금이 청구되지 않나요?,"아니요, 일시불 결제는 이번 달에 청구되지 않지만, 할부 결제는 일부 금액이 청구될 수 있습니다.",하나카드:25506
승인취소/매출취소 안내,해지한 카드로 결제한 항목을 취소할 수 있나요?,"네, 해지한 카드라도 카드번호나 승인번호가 있으면 취소가 가능합니다.",하나카드:25496
승인취소/매출취소 안내,카드 취소한 건이 왜 일부만 환급 된 거야?,"두 건 모두 취소 처리되었으나, 한 건은 청구 전에 취소되어 환급될 금액이 없기 때문이야.",하나카드:25499
이용내역 안내,통신요금 할인을 받는 조건은 무엇인가요?,"전월에 카드 실적이 충족되고, 해당 월에 통신요금이 자동이체로 카드 승인되면 할인을 받을 수 있습니다.",하나카드:25502
이용방법 안내,선불카드 사용 금액은 소득공제 대상이 되나요?,"네, 별도의 등록 절차 없이 연말정산 시 국세청에서 자동으로 확인됩니다.",하나카드:25503
선결제/즉시출금,선결제 후 남은 잔액은 변경될 수도 있어?,"응, 변경될 수 있어.",하나카드:25504
이용방법 안내,자녀 명의로 발급받은 카드가 왜 거래 승인 거절이 된 거죠?,사용 등록이 완료되지 않아서 거래가 거절되었어요.,하나카드:25503
한도상향 접수/처리,정기 한도와 특별 한도 중 먼저 한도가 차감되는 건 뭐야?,특별 한도,하나카드:25516
이용내역 안내,분실한 카드의 자동이체 항목들이 새 카드로 자동으로 승계되나요?,"아니요, 자동으로 승계되지 않을 수 있으며, 가맹점의 정책에 따라 달라집니다.",하나카드:25511
이용내역 안내,캐리어와 에스케이텔레콤의 자동이체는 왜 꼭 가맹점으로 문의를 해야 하죠?,재발급으로 카드번호가 변경되기 때문입니다.,하나카드:25511
도난/분실 신청/해제,"사업자 번호, 대표자 이름, 습득 카드 번호 중 가맹점 확인 절차와 관련되지 않은 정보는 뭐야?",습득 카드 번호,하나카드:25518
쇼핑케어,선불로 멤버십 이용료를 결제해야 관련 혜택을 받을 수 있어?,"아니, 멤버십 서비스는 후불로 결제돼.",하나카드:25512
이용방법 안내,주기적 일회성 자동이체 등록은 무엇을 뜻하는 건가요?,고객의 카드 앱에 은행 계좌가 등록되었다는 의미입니다.,하나카드:25510
안심클릭/▲▲페이/기타페이 안내,카카오톡 알림은 카드사 앱에서 신청할 수 있어?,"아니, 카카오톡에서 신청해야 해.",하나카드:25519
안심클릭/▲▲페이/기타페이 안내,카드사에서 발송하는 SMS 알림은 무료야?,"응, 무료로 이용하는 대신 일정 금액 이상일 경우에만 발송돼.",하나카드:25519
결제일 안내/변경/취소,버스와 지하철 이용 대금도 하이브리드 결제 한도에 포함돼?,응.,하나카드:25520
안심클릭/▲▲페이/기타페이 안내,카드사 앱에서 마이혜택 결제는 어떻게 생긴 아이콘이야?,동그란 형태로 표시되어 있어.,하나카드:25519
이용내역 안내,분실한 카드에 자동 이체 연결해 놓은 관리비는 카드 번호가 변경되면 따로 신고해야 해?,"아니, 바뀐 카드 번호로 자동 승계가 이루어져.",하나카드:25538
도난/분실 신청/해제,체크 카드 발급 수수료는 얼마야?,"2,000원",하나카드:25541
도난/분실 신청/해제,분실 해제한 카드는 내일부터 사용할 수 있어?,"아니, 지금부터 사용할 수 있어.",하나카드:25536
이용내역 안내,쇼핑케어와 관련한 사용 금액이 다음 달에도 청구될 예정이야?,"아니, 이번이 마지막으로 청구된 거야.",하나카드:25540
도난/분실 신청/해제,카드 재발급을 신청하면 다음 날 수령할 수 있어?,"아니, 평일 기준 5일 이내로 받을 수 있어.",하나카드:25541
이용내역 안내,현대홈쇼핑에 등록된 카드는 왜 사용할 수 없어?,분실 신고로 정지된 카드라서 사용할 수 없어.,하나카드:25542
이용내역 안내,10월 5일에 결제된 금액은 얼마야?,"15,000원 결제됐어.",하나카드:25550
도난/분실 신청/해제,체크카드를 발급하는 데는 수수료가 부과되지 않지?,"아니, 부과돼.",하나카드:25558
도난/분실 신청/해제,카드 분실 관련 상담은 평일 영업시간에만 가능하지?,"아니, 24시간 내내 가능해.",하나카드:25560
도난/분실 신청/해제,카드 분실 해지는 유선상으로만 할 수 있어?,"아니, 페이 앱이나 홈페이지 등을 통해서 직접 분실 해지할 수도 있어.",하나카드:25575
이벤트 안내,실적에는 복지 포인트 매출도 포함돼?,"아니, 세금과 복지 포인트 매출 등은 실적에 포함되지 않아.",하나카드:25579
이용내역 안내,에스케이텔레콤 결제는 한 번에 전액 납부되었나요?,"아니요, 에스케이텔레콤 결제는 할부로 납부되었습니다.",하나카드:25602
이용내역 안내,매출표가 접수되려면 얼마나 걸려?,보통 평일 기준 10일 정도 소요되고 그보다 더 걸릴 수도 있어.,하나카드:25586
승인취소/매출취소 안내,결제 취소가 카드사에 바로 반영되나요?,"아니요, 가맹점에서 카드사로 취소 전표를 요청해야 반영됩니다.",하나카드:25601
한도상향 접수/처리,해외에서 사용하는 경우 체크카드 결제의 출금 처리 시간은 얼마나 걸리나요?,3~4일 정도 걸립니다.,하나카드:25593
서비스 이용방법 안내,국민연금과 건강보험료는 왜 자동 출금 처리되지 않았어?,카드 사용 등록이 되지 않았기 때문이야.,하나카드:25612
선결제/즉시출금,오늘 결제하면 결제일에 결제하는 것보다 이자 금액이 더 적은가?,"예, 이자가 일할계산되어 오늘 결제하면 이자 금액이 더 적습니다.",하나카드:25619
승인취소/매출취소 안내,카드 결제 취소가 반영되는 데 얼마나 걸리나요?,영업일 기준 2~3일 정도 소요됩니다.,하나카드:25601
선결제/즉시출금,카드 재발급 시 현금 인출은 가능한가요?,"아니요, 카드 재발급 시 현금 인출은 불가능합니다.",하나카드:25597
이용내역 안내,할부 결제 시 수수료는 매달 동일한 금액으로 청구되나요?,"아니요, 할부 결제 시 수수료는 매달 달라질 수 있습니다.",하나카드:25603
가상계좌 안내,가상 계좌에 관한 유의 사항은 무슨 방식으로 전달될 예정인가요?,유의 사항은 문자 메시지로 전달될 예정입니다.,하나카드:25604
서비스 이용방법 안내,오토 신용카드는 주유소와 충전소에서 사용 시 적용되는 할인율이 어떻게 돼?,15%,하나카드:25617
서비스 이용방법 안내,이번 달에 오토 신용카드 주유 할인 혜택을 받을 수 있나요?,"아니요, 전월 실적을 충족하지 못해 이번 달에는 할인 혜택을 받을 수 없습니다.",하나카드:25617
도난/분실 신청/해제,보이스피싱 관련 건으로 카드 분실 해제 처리가 가능해?,"아니, 분실 해제는 불가능하고 카드 재발급만 가능해.",하나카드:25614
선결제/즉시출금,현금 서비스 금액에 무엇이 추가되어 상환해야 할 금액이 늘어난 거야?,이자,하나카드:25619
한도상향 접수/처리,소득증빙 서류 제출은 무슨 방법으로 가능한가요?,"소득증빙 서류는 팩스, 이메일, 공공 마이데이터를 통해 제출할 수 있습니다.",하나카드:25609
서비스 이용방법 안내,12월은 왜 주유소에서 15% 할인 적용을 못 받아?,11월 실적이 미충족되었기 때문이야.,하나카드:25617
한도상향 접수/처리,무엇을 거쳐야 한도 상향 여부를 파악할 수 있어?,심사,하나카드:25625
결제일 안내/변경/취소,해외에서 체크 카드로 원화 결제를 할 경우 수수료 책정이 어떻게 돼?,3~8%의 수수료가 추가로 더 납부될 수 있어.,하나카드:25628
결제계좌 안내/변경,전체 문자 서비스의 이용 요금이 포인트에서 차감되려면 포인트가 얼마나 있어야 해?,300 포인트 이상,하나카드:25634
결제계좌 안내/변경,해외 소규모 가맹점의 경우 카드 이용이 제한될 수 있기 때문에 미리 무엇을 준비하는 것이 좋아?,환전,하나카드:25626
장기카드대출 안내,후불 교통 이용 건이 있다면 추후에 사용 요금이 청구될 수 있어?,응.,하나카드:25620
한도 안내,할부 결제를 하면 잔여 한도는 어떻게 돼?,남은 할부 개월 수만큼 한도가 줄어든 상태로 지속돼.,하나카드:25632
승인취소/매출취소 안내,카드 결제를 취소하면 카드사에 취소 정보가 전달되는 데 기간이 얼마나 걸려?,"바로 처리될 수도 있지만 일반적으로는 평일 기준 3, 4일 정도 소요돼.",하나카드:25637
선결제/즉시출금,케이티 통신 요금에 대한 결제는 왜 승인 거절된 거야?,카드 한도가 부족했기 때문이야.,하나카드:25630
가상계좌 예약/취소,일시불을 할부로 전환하려면 금액이 어느 정도 이상이 되어야 해?,응.,하나카드:25642
연체대금 즉시출금,미납 대금 즉시 출금 후 이중 출금을 방지하려면 어떻게 해야 해?,출금된 원계좌의 잔고를 비워야 해.,하나카드:25640
승인취소/매출취소 안내,카드사의 실수로 취소 문자가 발송되지 않았어?,"아니, 카드사에 가맹점의 취소 정보가 아직 전달되지 않아서 문자를 발송할 수 없었어.",하나카드:25637
이벤트 안내,카드 사용 실적이 모자라면 통신 요금 할인을 받을 수 없어?,응.,하나카드:25641
이용내역 안내,에스케이텔레콤 자동 이체는 새로 발급받은 카드로 자동 승계됐어?,응.,하나카드:25646
결제일 안내/변경/취소,결제일 변경 시 두 달분이 청구될 수 있는 내역이 뭐야?,단기 카드 대출과 자동이체,하나카드:25643
결제일 안내/변경,카드 대금 결제일이 토요일인 경우에는 일요일에 출금돼?,"아니, 월요일에 출금돼.",하나카드:25651
선결제/즉시출금,선결제하면 카드 한도가 복원되나요?,"네, 선결제한 금액만큼 카드 한도가 복원됩니다.",하나카드:25669
결제일 안내/변경,카드 대금은 왜 주말에 출금되지 않아?,카드사에서 평일에 출금 요청을 하기 때문이야.,하나카드:25651
결제대금 안내,어르신 무임 교통카드가 있으면 무조건 버스를 무료로 탈 수 있어?,"아니, 교통 회사에 따라 운임을 내야 하는 경우도 있어.",하나카드:25659
결제대금 안내,결제가 완료되었어도 결제 대금이 청구될 수 있어?,"응, 미매입 건이 있거나 후불 교통 카드 이용 금액, SMS 수수료, 자동이체 이용 금액이 있다면 청구될 수 있어.",하나카드:25655
이벤트 안내,가나다라 카드를 월 30만 원 사용했을 때 최대 얼마까지 통신 요금을 할인받을 수 있나요?,월 최대 1만 원까지 할인받을 수 있습니다.,하나카드:25663
이용내역 안내,중복으로 결제된 건을 취소하려면 어떻게 해야 하나요?,가맹점에 연락하여 승인 번호를 알려주고 취소 요청을 해야 합니다.,하나카드:25664
포인트/마일리지 안내,카드 포인트는 1년 이내에 사용하지 않으면 소멸되나요?,"아니요, 포인트 적립 시점을 기준으로 5년 이내에만 사용하면 됩니다.",하나카드:25660
이벤트 안내,LG유플러스 요금 할인을 받을 수 있는 카드의 이름은 뭐야?,"ABC카드, 가나다라카드",하나카드:25663
연체대금 즉시출금,카드 결제 대금이 이중 출금되는 것을 방지하려면 어떻게 해야 하나요?,결제 계좌의 잔고를 비워두어야 합니다.,하나카드:25658
가상계좌 예약/취소,카드 대금을 일부 선결제하면 사용 가능 한도가 늘어나나요?,"네, 선결제한 만큼 한도가 복원되어 사용 가능 한도가 늘어납니다.",하나카드:25671
일부결제대금이월약정 해지,카드 해지와 관련한 안내 사항은 문자로 받을 수 있나요?,"네, 문자로 받을 수 있습니다.",하나카드:25668
결제일 안내/변경,카드 결제일 변경 시 자동이체의 경우 이용 기간에 따라 몇 개월 분이 청구될 수 있어?,2개월,하나카드:25689
이벤트 안내,이번 달 신용카드 결제 기록이 있어도 ABC 카드 프로모션 혜택을 받을 수 있나요?,"아니요, ABC 카드의 프로모션을 받기 위해서는 6개월간 신용카드 사용 기록이 없어야 합니다.",하나카드:25663
가상계좌 예약/취소,가상 계좌로 입금할 때 은행 선택은 불가한가요?,"아니요, 여러 은행 중 원하는 은행으로 선택할 수 있습니다.",하나카드:25671
포인트/마일리지 전환등록,카드 포인트는 적립된 날로부터 얼마나 지나면 소멸하지?,5년,하나카드:25677
연회비 안내,적립된 포인트를 현금처럼 사용할 수 있습니까?,예.,하나카드:25693
도난/분실 신청/해제,분실한 자녀 카드에 들어 있는 기능은 무엇인가요?,교통 카드 기능,하나카드:25695
선결제/즉시출금,타 은행이어도 본인 계좌이면 카드사에서 즉시 출금을 진행할 수 있습니까?,예.,하나카드:25706
가상계좌 안내,가상계좌에 필요한 금액보다 더 많이 입금해도 상관없지?,"아니, 정확한 금액을 입금해야 해.",하나카드:25696
이벤트 안내,카드로 국세를 납부할 경우 부과되는 수수료가 얼마야?,0.8%,하나카드:25681
일부결제대금이월약정 안내,카드 대금 결제를 최소 결제 비율로 변경하면 수수료가 부과됩니까?,예.,하나카드:25709
승인취소/매출취소 안내,환불 처리 후 포인트가 입금되기까지 며칠 정도 기다려야 합니까?,10일 정도,하나카드:25707
일부결제대금이월약정 안내,일부 결제 금액 이월 약정 서비스를 이용할 수 있는 결제 조건은 무엇인가요?,일시불 금액,하나카드:25709
이벤트 안내,해당 카드를 사용할 때 얼마 이상 사용 건은 문자 알림 서비스를 무료로 이용하고 있나요?,오만 원,하나카드:25708
이벤트 안내,카드 이용 대금 명세서를 우편과 문자메시지로 같이 받을 수 있어?,아니.,하나카드:25708
이용내역 안내,결제를 취소하고 다시 결제하면 무이자 할부를 받을 수 있나요?,예.,하나카드:25704
이벤트 안내,가전 업종은 무이자 할부 이벤트에 포함돼?,"응, 3개월과 6개월 부분 무이자가 가능해.",하나카드:25763
한도 안내,체크카드의 한도를 변경할 수 있나요?,"네, 원하면 일일 및 월간 한도를 변경할 수 있습니다.",하나카드:25913
오토할부/오토캐쉬백 안내/신청/취소,차량 구매 시 일부 금액만 카드 결제로 해도 캐시백 혜택을 받을 수 있나요?,"네, 일정 금액 이상 카드 결제 시 가능합니다.",하나카드:25847
연체대금 즉시출금,결제 계좌 잔고를 비워둬야 하는 이유는 무엇인가요?,이중 출금을 방지하기 위해 잔고를 비워 두는 것이 좋습니다.,하나카드:25850
오토할부/오토캐쉬백 안내/신청/취소,오토캐시백 혜택이 적용되지 않는 카드는 무엇인가요?,가족 카드와 법인 카드입니다.,하나카드:25847
승인취소/매출취소 안내,승인 취소 문자 알림 서비스에서 무료로 제공되는 승인 건의 기준 금액은 얼마인가요?,"10,000원",하나카드:25845
소득공제 확인서/종합소득세 안내,신용카드 사용 금액 확인서는 소득공제용으로 사용할 수 있나요?,"네, 이 서류는 소득공제용으로도 사용할 수 있습니다.",하나카드:25922
오토할부/오토캐쉬백 안내/신청/취소,차량 구매 시 오토캐시백 혜택으로 얼마나 돌려받을 수 있나요?,1.3%를 캐시백으로 돌려받을 수 있습니다.,하나카드:25847
가상계좌 안내,미납요금은 계좌이체만 가능한가요?,네.,하나카드:25921
수기환급 처리,카드 대금 명세서와 이용 금액이 다른 이유는 무엇인가요?,데이터 청구 작업 이후에 처리된 이용 내역이 다음 달로 이월될 수 있기 때문입니다.,하나카드:25919
가상계좌 안내,가상계좌는 무슨 은행 계좌로 발송됐나요?,나라은행,하나카드:25841
이용방법 안내,핸드폰 소액결제는 차단이 가능한가요?,"네, 핸드폰에서 설정을 변경하면 차단할 수 있습니다.",하나카드:25923
결제계좌 안내/변경,이중 출금을 방지하려면 무엇을 해야 하나요?,이중 출금을 방지하려면 계좌의 잔고를 비워두어야 합니다.,하나카드:25924
수기환급 처리,이중 출금된 금액은 환불 처리되나요?,네.,하나카드:25919
이용내역 안내,"할인 적용되는 금액에 비해 통신비가 저렴할 경우, 그 차액은 다른 항목에서 할인받을 수 있나요?","아니요, 오로지 통신비에만 할인이 적용됩니다.",하나카드:25936
이용내역 안내,자동차 보험 금액이 청구 금액에 포함되었지?,아니.,하나카드:25926
선결제/즉시출금,대한은행 계좌에서 출금이 가능했나요?,"아니요, 자금 부족으로 출금이 불가했습니다.",하나카드:25928
결제일 안내/변경/취소,결제일은 변경 후 7일이 지나야 다시 변경할 수 있어?,"아니, 60일이 지나야 변경할 수 있어.",하나카드:25931
선결제/즉시출금,결제 후 추가로 발생할 요금이 있나요?,"네, 미매입 건, 후불 교통 카드 이용 금액, SMS 수수료, 자동 이체 이용 금액이 있을 경우 추가 청구될 수 있습니다.",하나카드:25929
연체대금 즉시출금,카드의 정지 상태가 해제되더라도 즉시 사용할 수 없는 기능은 무엇인가요?,교통 기능입니다.,하나카드:25944
이용내역 안내,할부 회차가 진행될수록 수수료가 적어지는 것은 수수료율이 낮아져서인가요?,"아니요, 납부할수록 원금이 줄어들기 때문입니다.",하나카드:25949
이벤트 안내,카드사의 이벤트 내용에 따르면 무이자 혜택 적용은 3개월 혹은 6개월 할부 시에만 가능해?,"응, 3개월이나 6개월 할부로 결제할 때만 혜택이 적용돼.",하나카드:25930
오토할부/오토캐쉬백 안내/신청/취소,오토캐시백을 위해 생성된 계좌에는 일요일을 제외한 요일에만 입금이 가능해?,"응, 일요일에는 입금이 불가능해.",하나카드:25962
선결제/즉시출금,카드 대금을 선결제한 이후에도 추후에 일부 대금이 청구될 수 있어?,"응, 미매입된 건 등이 있을 경우 추가 청구될 수 있어.",하나카드:25933
결제계좌 안내/변경,혹시나 대금이 이중 출금되었더라도 1영업일 오전에 환급될 예정이야?,"응, 환급될 예정이야.",하나카드:25948
연체대금 즉시출금,카드 대금 미납 시 카드 사용이 즉시 정지되나?,"예, 완납되지 않은 금액이 있으면 카드 사용이 정지됩니다.",하나카드:25944
결제계좌 안내/변경,평일 기준 3영업일 내로 미납금을 결제하지 않으면 신용 평가에 차질이 생길 수 있어?,"아니, 평일 기준 5영업일 내로 결제하지 않으면 차질이 생겨.",하나카드:25948
한도상향 접수/처리,한도 상향 심사 결과는 무엇으로 안내될 예정이었어?,문자 메시지로 안내될 예정이었다.,하나카드:25950
오토할부/오토캐쉬백 안내/신청/취소,차량 결제를 취소하였다가 재결제할 경우 오토캐시백 이벤트에 다시 참가할 수 없어?,"아니, 재등록 후 참가할 수 있어.",하나카드:25962
한도상향 접수/처리,특정 은행의 예적금을 보유하고 있을 경우 한도 상향 심사에 유리해?,"응, 유리해.",하나카드:25950
장기카드대출 안내,소득 대비 금융 부채 비율도 대출 이용 한도 산정에 영향을 미칠 수 있어?,"응, 영향을 미칠 수 있어.",하나카드:25965
신용공여기간 안내,무이자 할부로 결제한 건은 통신비 할인을 위한 실적에 포함돼?,"아니, 포함되지 않아.",하나카드:25968
한도상향 접수/처리,소득 확인을 위해 서류 대신 이용할 수 있는 서비스는 무엇입니까?,공공 마이데이터 서비스,하나카드:25990
입금내역 안내,미납 수수료는 결제대금에 포함됩니까?,네.,하나카드:25985
이용내역 안내,세이프 가드는 카드사에서 제공하는 서비스입니까?,아니요.,하나카드:25983
연체대금 즉시출금,상담 내용에서 일부 결제 금액 이월 약정 서비스를 무엇이라 부르니?,리볼빙 서비스라고 해.,하나카드:25993
연체대금 즉시출금,다음 글에서 리볼빙 서비스는 결제 금액 전액을 이월하는 서비스이니?,"아니, 최소 금액은 결제되어야 하고 나머지 일부 금액을 이월해 주는 서비스야.",하나카드:25993
승인취소/매출취소 안내,카드 결제 시 보안을 위해 영수증에 카드 번호가 바뀌어서 찍히는 것을 무엇이라 하니?,대체 카드번호라고 해.,하나카드:26006
프리미엄 바우처 안내/발급,공항 라운지 이용권을 받으려면 연관된 특정 앱에 회원 가입을 해야 하니?,"응, 특정 앱에 회원 가입해서 카드 등록, 본인 인증 과정을 거쳐야 해.",하나카드:26007
결제계좌 안내/변경,한도는 결제일 다음 날 복원되나요?,네.,하나카드:25987
이용내역 안내,5월 1일부터 시작되는 교통비 할인 서비스가 뭐지?,K-패스,하나카드:26022
프리미엄 바우처 안내/발급,공항 라운지 이용권을 사용할 때 제휴 카드 없이 이용권만 있으면 되니?,"아니, 이용권 외에 제휴 실물 카드가 있어야 하고 또 여권, 항공권도 지참해야 돼.",하나카드:26007
결제대금 안내,카드 대금을 결제일 4시 이후에 게좌에 입금했을 때 생길 수 있는 문제는 뭐죠?,당일 출금이 안 될 수도 있어요.,하나카드:26019
도난/분실 신청/해제,분실 신고한 카드를 찾아서 다시 사용하려면 어떻게 해야 하지?,카드 분실 신고 해제등록을 해야 해.,하나카드:26015
결제대금 안내,10월 16일에 카드로 결제한 커피값은 10월 20일까지 납부해야 하나요?,"아니요, 11월 20일에 납부하면 돼요.",하나카드:26020
도난/분실 신청/해제,분실 신고 해제처리 후에 가장 먼저 한 일은 뭐지?,비밀번호 인증,하나카드:26015
한도 안내,추가 발급받는 카드를 배송 전에 빨리 사용하고 싶으면 어떻게 하면 되지?,카드 앱에 카드를 등록해서 앱에서 결제하면 돼.,하나카드:26023
결제대금 안내,혹시 오늘 카드 결제 계좌에서 대금이 출금되지 않는다면 어떻게 해야 연체를 피할 수 있지?,오늘 안에 가상계좌로 입금 처리해야 해.,하나카드:26019
이용내역 안내,K-패스 서비스 홈페이지가 따로 있나요?,네.,하나카드:26022
연체대금 안내,연체된 카드 대금을 출금한 뒤 이중 출금을 막으려면 어떻게 해야 하나요?,하루 동안 잔고를 비워 두어야 해요.,하나카드:26025
한도 안내,온라인으로도 카드 추가 발급이 되나요?,네.,하나카드:26023
도시가스,도시가스와 상수도 관리비를 카드로 결제할 때 수수료가 발생하지 않아?,응.,하나카드:26033
도난/분실 신청/해제,먼저 발급받은 카드와 뒤에 발급된 카드 중에 무슨 카드의 분실 해제한 거야?,먼저 발급받았던 카드를 분실 해제했어.,하나카드:26054
결제대금 안내,쿠팡 할부는 현재 납부 회차가 몇 회차 남아 있니?,5회차가 남아 있어.,하나카드:26093
이용내역 안내,이용 대금 명세서에 교통 대금의 이용 일시가 11월 20일이라고 적혀 있었어?,"응, 실제로는 10월 29일에 이용했지만 후불제라서 11월 20일로 적히게 된 거야.",하나카드:26055
도난/분실 신청/해제,재발급한 카드는 내일 바로 배송될 거야?,"아니, 평일 기준으로 5일 이내에 배송될 거야.",하나카드:26058
결제일 안내/변경,카드 이용 한도를 다 쓴 경우 결제일 전에 어떻게 하면 잔여 한도가 복원되지?,선결제를 하면 남아 있는 잔여 한도가 복원돼.,하나카드:26041
장기카드대출 안내,장기 카드 대출을 최대한 이용할 경우 대략 몇 년이나 쓸 수 있니?,보통 3년에서 4년 정도야.,하나카드:26087
서비스 이용방법 안내,케이패스 회원 전환을 하면 기존 카드의 서비스를 그대로 받을 수 있나요?,"네, 케이패스 회원 전환에 동의를 하면 기존 카드의 서비스를 그대로 받을 수 있습니다.",하나카드:26059
결제대금 안내,카드 앱을 깔면 잔여포인트를 바로 알 수 있는 거니?,응.,하나카드:26093
결제일 안내/변경,결제일을 변경한 첫 달에는 단기 카드 대출이나 자동 이체의 경우 두 달분이 청구될 수도 있어?,응.,하나카드:26041
장기카드대출 안내,장기 카드 대출 한도는 월 초에 변경될 가능성이 있니?,응.,하나카드:26087
도난/분실 신청/해제,새로 받은 카드는 왜 마지막에 분실로 등록되었을까?,잘못 눌렀기 때문이야.,하나카드:26065
매출구분 변경,카드 종류에 따라 무이자 할부가 제공되는 경우와 그렇지 않은 경우가 있는 거니?,응.,하나카드:26091
오토할부/오토캐쉬백 안내/신청/취소,실물 카드가 없이 카드 번호만 알아도 결제가 가능하니?,응.,하나카드:26086
매출구분 변경,할부에서 일시불로 변경해도 수수료를 부담해야 해?,"아니, 결제일에 결제한 금액만 전액 청구돼.",하나카드:26091
일부결제대금이월약정 해지,정기 한도 상향 신청은 리볼빙 서비스를 이용 중이라도 가능하니?,응.,하나카드:26089
일부결제대금이월약정 해지,리볼빙은 무슨 서비스야?,이월 약정 서비스,하나카드:26089
선결제/즉시출금,리볼빙을 등록한 상태인데 카드 결제일에 출금 계좌에 잔액이 부족하면 어떻게 돼?,리볼빙을 등록한 경우는 이월 처리돼.,하나카드:26088
이용내역 안내,카드를 한도 사용 중이어도 한도 상향이 가능한 거야?,"아니, 한도로 카드를 이용 중일 경우 한도 상향은 힘들어.",하나카드:26085
일부결제대금이월약정 해지,리볼빙 서비스를 이용 중인 회원도 특별 한도 상향이 가능하니?,"아니, 리볼빙을 이용 중인 회원은 특별 한도 상향 신청이 불가능해.",하나카드:26089
도난/분실 신청/해제,정지된 카드로 자동 납부하게 연결된 건은 청구가 중지되나요?,"아니요, 보유 중인 카드 중 한 가지로 청구될 수 있습니다.",하나카드:26069
이용내역 안내,취소 요청 후 평일 기준으로 전표 접수되기까지 얼마나 걸려?,2일에서 3일.,하나카드:26074
단기카드대출 안내/실행,대출을 받기 위해 필요한 카드 비밀번호는 ARS를 통해 입력하는 거니?,응.,하나카드:26083
장기카드대출 안내,매달 상환해야 하는 원금을 미리 정한 다음 상환하는 방식을 뭐라고 불러?,원금 균등 상환 방식,하나카드:26087
이용방법 안내,카카오톡 어플의 톱니바퀴 모양으로 생긴 아이콘이 설정 메뉴야?,응.,하나카드:26081
이용방법 안내,카카오톡으로 카드 사용 알림을 받으려면 어떻게 해야 해?,카카오톡 설정으로 들어가 푸시 알림을 등록하면 돼.,하나카드:26081
일부결제대금이월약정 안내,약정 비율이 15%이면 이월되는 금액은 어떻게 돼?,15%는 청구되고 나머지 85% 금액이 이월돼.,하나카드:26072
가상계좌 예약/취소,가상 계좌로 선결제할 경우 몇시까지 입금해야 해?,오후 11시 30분 이전,하나카드:26073
선결제/즉시출금,장기 카드 대출금의 일부를 선결제하면 수수료는 안 내도 되니?,"아니, 수수료를 부담해야 해.",하나카드:26079
일부결제대금이월약정 안내,리볼빙 서비스의 해지는 앱에서도 가능하니?,응.,하나카드:26072
가상계좌 예약/취소,문자 알림 서비스를 받으려면 이용 요금을 내야 해?,응.,하나카드:26073
선결제/즉시출금,자동이체 걸어 논 상태로 선결제해도 되는 거야?,응.,하나카드:26079
가상계좌 예약/취소,대출받은 기록이 남지 않게 하는 방법을 뭐라고 불러?,대출 철회,하나카드:26075
선결제/즉시출금,결제 금액이 확정된 이후 선결제하면 어떻게 돼?,당월에 더 이상 결제 안 해도 돼.,하나카드:26079
연회비 안내,카드를 분실 신고하면 연결된 모바일 결제 서비스도 사용 못하니?,응.,하나카드:26080
이용내역 안내,카드 사용이 정상적으로 취소되면 청구가 안 되므로 환급할 금액이 없는 거지?,응.,하나카드:26085
한도 안내,카드 한도를 하향하는 경우는 심사가 필요 없지?,응.,하나카드:26076
연회비 안내,카드를 분실 신고한 이후에 해당 카드를 찾으면 재발급 신청한 카드는 취소할 수 있어?,"아니, 재발급 취소가 어려울 수 있어.",하나카드:26080
서비스 이용방법 안내,카드 상품을 변경하려면 어떻게 하면 되니?,카드사에 문의하면 돼.,하나카드:26078
이용내역 안내,실물 카드로 결제한 경우 정확한 이용 내역을 문의하려면 뭐를 알아야 해?,카드 승인번호,하나카드:26082
한도 안내,카드 한도를 상향하려면 심사까지 얼마나 걸려?,평일 기준 하루나 이틀 정도 걸려.,하나카드:26076
한도 안내,카드 문자 서비스에 등록할 수 있는 전화번호는 몇 개야?,1개,하나카드:26076
선결제/즉시출금,콜센터를 통해 이월된 카드 대금을 완납 처리할 수 있니?,응.,하나카드:26088
선결제/즉시출금,단기 카드 서비스 이용 금액은 선결제 시 수수료를 안내도 되니?,"아니, 선결제하는 날까지 발생한 수수료를 내야 해.",하나카드:26090
가상계좌 예약/취소,대출 상환을 결제일 전에 하려면 가상 계좌를 통해 입금하는 거야?,응.,하나카드:26075
도난/분실 신청/해제,교통 카드 기능이 복원되려면 며칠이나 걸려?,"평일 기준 2, 3일 소요돼.",하나카드:26077
도난/분실 신청/해제,정보 보호를 위해 카드 비밀 번호는 뭐를 통해 입력하도록 되어 있니?,에이알에스 연결을 통해 본인이 직접 입력하도록 되어 있어.,하나카드:26077
선결제/즉시출금,카드 번호로 본인 인증을 할 때 에이알에스에 연결되면 무엇을 입력해야 하니?,카드의 시브이시 번호,하나카드:26103
프리미엄 바우처 안내/발급,카드를 해지하면 연회비는 어떻게 되니?,이미 납부된 연회비는 일할계산 후 남은 금액은 환불돼.,하나카드:26108
도난/분실 신청/해제,에이알에스에 연결된 후 카드 비밀번호를 눌러야 하는 사람은 누구니?,고객,하나카드:26102
신용공여기간 안내,결제일에 따라 약정된 사용 기간을 신용공여기간이라고 하니?,응.,하나카드:26104
선결제/즉시출금,결제일에 카드 대금이 출금되지 않게 하려면 어떻게 해야 해?,당월 청구 예정인 카드 대금 전부를 선결제하면 돼.,하나카드:26090
신용공여기간 안내,교통 카드 내역서에 찍히는 지하철 이용 날짜는 왜 실제 날짜와 다른 거야?,"지하철 후불 이용은 무승인 매입이라 일괄적으로 접수되고, 접수된 날짜를 기준으로 기재하기 때문이야.",하나카드:26104
선결제/즉시출금,리볼빙을 이용하면 결제 금액에 수수료가 포함돼 청구되니?,응.,하나카드:26090
선결제/즉시출금,오늘 날짜로 선납 시 매출 취소 건은 어떻게 되니?,결제일에 환급 처리 돼.,하나카드:26096
결제대금 안내,리볼빙 결제 대금은 얼마를 넣어야 연체금을 물지 않지?,결제 대금 중 고객이 설정한 비율의 최소 금액을 납부해야 해.,하나카드:26130
교육비,카드 변경 후 바로 출금이 되었습니까?,아니요.,하나카드:26152
가상계좌 안내,결제 계좌에 잔고가 남아 있으면 출금이 계속 시도됩니까?,네.,하나카드:26155
한도 안내,체크카드 해외 한도의 화폐 단위는 무엇이지?,달러,하나카드:26163
결제계좌 안내/변경,상담을 통해 알 수 있는 통신비 납부 방법은 무엇입니까?,카드를 통해 납부하거나 은행 계좌로 바로 납부할 수도 있습니다.,하나카드:26159
선결제/즉시출금,리볼빙 서비스로 납부해야 할 금액을 뭐라고 해?,최소 결제 금액,하나카드:26671
한도 안내,체크카드에는 한도가 있나요?,"예, 일일 한도와 월간 한도가 있습니다.",하나카드:26163
오토할부/오토캐쉬백 안내/신청/취소,오늘 차량 구매대금을 다 결제하면 바로 캐시백이 지급돼?,"아니, 안 돼.",하나카드:26667
수기환급 처리,선결제를 취소하여 환불받을 수 있어?,응.,하나카드:26670
한도 안내,개인 업체도 가전으로 사업자 등록되어 있으면 특별 한도 조건이 되는 거야?,응.,하나카드:26164
선결제/즉시출금,결제금액이 연체가 되어도 며칠 안에 납부를 해야 신용도에 문제가 없어?,5영업일,하나카드:26671
한도 안내,한도 상향 대상자의 경우 무엇에 따라 선정되나요?,카드사가 정한 내부 기준에 따라 선정됩니다.,하나카드:26686
결제대금 안내,리볼빙 약정 비율 100%는 결제일에 카드 대금 100% 완납하는 것이야?,응.,하나카드:26672
승인취소/매출취소 안내,무엇이 접수되어야 지급된 결제 금액이 환불 될 수 있어?,전표,하나카드:26677
선결제/즉시출금,콜센터를 통해 선결제하지 않아도 연체금 및 이월금은 계좌에 잔고가 있을 시 자동으로 출금되나요?,"아니요, 이월금은 결제 계좌에 잔고가 있어도 출금되지 않으므로 콜센터를 통해 선결제해야 합니다.",하나카드:26689
결제대금 안내,문자로 카드 명세서를 받을 경우 세부 내역은 확인이 불가능해?,"아니, 카드별 금액을 통해 확인할 수 있어.",하나카드:26688
일부결제대금이월약정 해지,이월된 금액 15만 원은 이자를 제외한 금액이야?,응.,하나카드:26705
연체대금 즉시출금,연체 금액이 이중으로 출금되면 다시 환불받을 수 있어?,응.,하나카드:26716
승인취소/매출취소 안내,카드를 분실 해지하고 다시 사용하려면 무엇을 가진 상태로 연락해야 돼?,실물 카드,하나카드:26731
이용내역 안내,통신 요금은 왜 실적에서 제외돼?,할인받는 매출 건이기 때문이다.,하나카드:26715
이용내역 안내,항공 모빌에이 회사의 업종은 뭐야?,인터넷 쇼핑업,하나카드:26718
오토할부/오토캐쉬백 안내/신청/취소,오토 캐시백을 이용할 수 있는 신용 카드의 종류는 정해져 있어?,"아니, 본인 명의이기만 하면 어떤 종류의 신용 카드이건 상관없어.",하나카드:26719
이용내역 안내,3만 원이 결제된 가맹점과 2만 원이 결제된 가맹점의 업종은 같아?,응.,하나카드:26718
이용내역 안내,청구서에 나오는 금액은 무조건 할인된 금액이야?,응.,하나카드:26715
일부결제대금이월약정 해지,카드 해지 시 남은 기간의 연회비를 환급받을 수 있나요?,"예, 결제 은행으로 평일 기준 5일 이내에 환급됩니다.",하나카드:26722
결제계좌 안내/변경,리볼빙 서비스가 적용되면서 이월된 카드 대금은 얼마야?,"174,200원",하나카드:26724
오토할부/오토캐쉬백 안내/신청/취소,결제가 자동 이체로 처리되면 카드사에서 알 수 있는 정보는 뭐야?,카드사는 고객이 구매한 자동차의 회사를 알 수 있다.,하나카드:26719
승인취소/매출취소 안내,스카이에서 카드가 승인되지 않도록 카드사에서 막을 방법이 있어?,"아니, 할 수 없어.",하나카드:26731
안심클릭/▲▲페이/기타페이 안내,선결제는 페이 어플에서는 할 수 없어?,"아니, 가입하면 할 수 있어.",하나카드:26728
프리미엄 바우처 안내/발급,내년에는 이용 조건을 갖추면 바우처가 자동으로 신청돼?,"아니, 고객이 신청해야 돼.",하나카드:26737
프리미엄 바우처 안내/발급,바우처로 신청할 수 있는 신세계 상품권 교환권의 가격은 얼마야?,"50,000원",하나카드:26737
안심클릭/▲▲페이/기타페이 안내,페이 앱을 다운로드한 뒤 가입하면 카드 이용 내역 명세서를 확인할 수 있어?,응.,하나카드:26728
도난/분실 신청/해제,카드 분실 신고를 해제하면 후불 교통 기능도 바로 이용할 수 있어?,"아니, 2, 3일이 지나야 이용할 수 있어.",하나카드:26733
포인트/마일리지 안내,케어 서비스를 선택하면 전월 실적이 충족된 경우 병원에서 이용하는 금액은 몇 %가 적립돼?,이용 금액의 10%,하나카드:26734
선결제/즉시출금,이월 금액에는 수수료가 포함되어 있었나요?,네.,하나카드:26744
포인트/마일리지 안내,전 가맹점에서 페이 결제 시 기본 적립률은 1%인가요?,"아니요, 기본 적립률은 0.5%입니다.",하나카드:26734
결제일 안내/변경/취소,남아 있는 카드 대금을 결제하지 않아도 결제일을 바꿀 수 있어?,"아니, 카드 대금이 있으면 결제해야 결제일을 바꿀 수 있어.",하나카드:26736
연체대금 즉시출금,이월 금액에 대한 수수료는 매일 부과되나요?,네.,하나카드:26759
이벤트 안내,단말기 대금 할인 이벤트에 참가하려면 얼마 동안 신용 카드를 이용하지 않았어야 해?,최근 6개월 동안 이용하지 않았어야 한다.,하나카드:26805
청구지 안내/변경,에스엠에스 서비스는 무료 서비스인가요?,아니요.,하나카드:26784
선결제/즉시출금,카드사 홈페이지에서도 카드 대금을 선결제할 수 있나요?,네.,하나카드:26785
결제대금 안내,수수료 없는 카드를 은행에 가서 신청하려면 무엇을 가지고 가야 하지?,신분증,하나카드:26786
가상계좌 예약/취소,"카드가 정지되는 경우, 미납금 결제 후 따로 정지 해제를 요청해야 하나요?","아니요, 미납금 완납 시 자동으로 해제됩니다.",하나카드:26794
승인취소/매출취소 안내,신용 카드로 결제한 건을 청구 기간 안에 취소하게 되면 환불 금액이 없나요?,"네, 취소된 금액은 신용카드 청구 금액에서 차감 처리됩니다.",하나카드:26820
이벤트 안내,카드사의 이벤트 내용은 매달 변경되나요?,"네, 조금씩 변경됩니다.",하나카드:26805
선결제/즉시출금,리볼빙 서비스를 이용하는 상황에서 이월이 발생할 경우 그 금액에 대한 수수료가 부과되나요?,"네, 수수료가 부과됩니다.",하나카드:26810
일부결제대금이월약정 해지,리볼빙 서비스 해지 시 추후 가입이 불가능할 수도 있어?,"응, 추후 가입이 불가능할 수 있어.",하나카드:26806
결제일 안내/변경/취소,미납금을 납부하기 전에는 결제일 변경이 불가능해?,"아니, 결제일은 미납금이 있어도 변경 가능해.",하나카드:26819
결제 대금 안내,체크 카드 발급 수수료는 최초 발급 후 세 달에 걸쳐 청구돼?,"아니, 최초 발급 시에만 청구돼.",하나카드:26812
선결제/즉시출금,자동차 구매 대금을 선결제하려면 연체금을 먼저 모두 납부해야 해?,"응, 연체금이 없어야 대금의 선결제가 가능해.",하나카드:26815
이벤트 안내,왜 카센터에서 카드 수수료가 발생했나요?,고객의 카드는 카센터에서 무이자 할부가 적용되지 않아서입니다.,하나카드:26823
선결제/즉시출금,리볼빙 이월된 금액을 납부하려면 어떻게 해야 하나요?,즉시 출금 처리기 안되기 때문에 따로 출금 요청을 해야 합니다.,하나카드:26830
이용내역 안내,이용 내역을 앱에서도 조회할 수 있나요?,"네, 카드 앱 또는 페이 앱을 통해 확인하실 수 있습니다.",하나카드:26822
한도상향 접수/처리,직장을 다니지 않거나 사업체를 가지고 있지 않은 경우에도 공공 마이데이터 서비스 이용 동의를 하면 카드사가 직접 소득을 확인할 수 있어?,"아니, 직장이나 사업체가 없는 경우에는 공공 마이데이터를 통해 소득 자료를 확인할 수 있는 대상이 아니야.",하나카드:26845
결제 계좌 안내/변경,결제 계좌를 변경했는데 왜 다음 달 결제일부터 적용되는 거죠?,이번 달 결제일은 이미 지나갔기 때문입니다.,하나카드:26825
결제 대금 안내,장기 카드 대출 이용 건을 제외하면 명세서에 기재된 결제 건수는 몇 건이야?,2건이다.,하나카드:26816
선결제/즉시출금,카드 전표 미매입 상태가 무엇인가요?,미매입 상태란 가맹점에서 카드사로 전표가 아직 전달되지 않은 상태를 말해요.,하나카드:26832
선결제/즉시출금,결제 계좌를 변경한 후 카드를 재발급 받게 되면 어떻게 되나요?,입출금 기능을 사용할 수 없어요.,하나카드:26824
이벤트 안내,병원이나 약국에서는 무이자 할부가 가능한가요?,"네, 병원이나 약국과 같은 업종에서는 무이자 할부가 가능합니다.",하나카드:26823
일부결제 대금이월약정 해지,해지 후 남은 포인트는 어떻게 처리할 수 있나요?,남은 포인트는 가맹점에서 현금처럼 사용하거나 요청 시 캐시백으로 전환할 수 있어요.,하나카드:26821
이용내역 안내,주차장 이용 거래 내역을 영수증과 같은 이미지로 받아볼 수 있나요?,"아니요, 수기로 작성한 이용 내역을 이미지로 받거나, 텍스트로 작성한 문자를 받아 볼 수 있어요.",하나카드:26822
선결제/즉시출금,현재 남은 금액을 모두 결제하려면 어떻게 해야 하나요?,"즉시 출금을 신청하거나, 오늘 자동 출금이 완료된 후 앱에서 선결제를 진행하면 됩니다.",하나카드:26826
안심클릭/▲▲페이/기타페이 안내,카드 혜택 변경은 얼마나 자주 할 수 있나요?,혜택 변경은 한 달에 한 번 가능합니다.,하나카드:26828
안심클릭/▲▲페이/기타페이 안내,생활 요금 자동 이체 시 할인 혜택은 무엇인가요?,"전월 실적에 따라 아파트 관리비, 전기세, 가스비 금액의 10%까지 할인받을 수 있습니다.",하나카드:26828
선결제/즉시출금,이벤트 때 등록했던 계좌를 다른 은행 계좌로 변경할 수 있나요?,"네, 변경 가능합니다.",하나카드:26824
선결제/즉시출금,현금 서비스 금액의 일부를 상환할 수 있나요?,"네, 가능합니다.",하나카드:26831
선결제/즉시출금,선결제를 통해 신용카드 한도를 복원할 수 있나요?,"네, 선결제를 진행하면 결제한 금액만큼 신용카드 한도가 복원됩니다.",하나카드:26832
일부결제 대금이월약정 안내,전화로 리볼빙 서비스를 해지하거나 결제 비율을 100%로 변경할 수 있나요?,"네, 전화상으로도 해지나 비율 변경이 가능합니다.",하나카드:26829
선결제/즉시출금,미매입 금액은 선결제를 진행할 수 없나요?,"네, 미매입 금액은 제외하고 선결제 가능합니다.",하나카드:26832
일부결제 대금이월약정 안내,이월된 금액을 지금 결제해도 되나요?,"네, 선결제를 원하면 지금 바로 할 수 있으며, 앱이나 전화로 결제 가능합니다.",하나카드:26829
선결제/즉시출금,리볼빙 서비스를 해지할 수 있나요?,"네, 언제든지 해지 가능합니다.",하나카드:26830
선결제/즉시출금,이번 달 청구 금액에 현금 서비스 금액도 포함되어 있었나요?,"네, 포함되어서 청구되었어요.",하나카드:26831
연체대금 안내,결제일을 놓쳐 카드가 연체되면 수수료가 발생하나요?,"네, 연체된 금액에 대해 일할 계산으로 수수료가 발생합니다.",하나카드:26833
연체대금 안내,이월된 금액을 별도로 결제하지 않으면 어떻게 되나요?,다음 달 결제 금액에 같이 청구됩니다.,하나카드:26833
교육비,자동납부 카드 등록을 위해 필요한 정보는 무엇인가요?,"휴대폰 번호, 생년월일, 이름, 카드 종류, 결제 은행, 아이 식별번호가 필요합니다.",하나카드:26835
도난/분실 신청/해제,분실된 카드를 나중에 찾으면 어떻게 해야 하나요?,"분실 해제 요청을 위해 고객센터로 연락하여, 카드를 소지한 상태에서 해제 절차를 진행하면 됩니다.",하나카드:26839
교육비,교육비 카드 등록 완료 후 학교에서 승인이 필요한가요?,"네, 학교의 최종 승인이 필요합니다.",하나카드:26835
교육비,등록된 카드가 사용 불가능할 경우 어떻게 되나요?,요금 미납을 방지하기 위해 다른 유효한 카드로 자동 대체될 수 있습니다.,하나카드:26835
교육비,학생이 학교를 옮기게 되면 자동 이체가 자동으로 해지돼?,응.,하나카드:26841
안심클릭/하나페이/기타페이 안내,카드사 앱에는 신용카드와 체크카드만 등록할 수 있어?,"아니, 신용카드와 체크카드뿐만 아니라 선불카드도 등록할 수 있어.",하나카드:26843
선결제/즉시출금,리볼빙 이월 금액을 결제하려면 앱에서 무엇을 검색해야 하나요?,리볼빙 이월금액 결제라고 입력해서 검색하면 관련 기능을 찾을 수 있어요.,하나카드:26826
교육비,"초등학교, 중학교, 고등학교, 대학교 학비 중 실적으로 합산되지 않는 건 뭐야?",대학교,하나카드:26841
이용내역 안내,여러 장의 카드를 겹쳐서 후불 교통 기능을 사용할 수 있는 방법이 있나요?,"아니요, 여러 장을 겹쳐 사용할 때 단말기에서 제대로 인식하지 못할 수 있기 때문에, 한 장씩 사용하는 것이 좋습니다.",하나카드:26838
이용내역 안내,"티머니를 카드사 앱이 아니라 티머니 앱에서 등록한 경우에도, 카드사 앱에서 해지할 수 있어?","아니, 등록한 곳에서 해지해야 하므로, 티머니 앱에서 처리해야 해.",하나카드:26849
장기카드대출 안내,신청일을 기준으로 몇 주 이내에 대출을 철회할 수 있어?,2주,하나카드:26851
이용내역 안내,새로 발급받은 신용카드가 예민하여서 단말기 인식을 못 하는 건가요?,"아니요, 카드에는 특별한 옵션이나 문제가 없습니다.",하나카드:26838
결제대금 안내,이번 달 청구된 카드 일시불 금액은 얼마인가?,상세 금액 확인 필요,하나카드:26847
승인취소/매출취소 안내,결제가 취소된 내역 중 청구 금액이 차감되는 방식으로 처리되는 건 몇 건이지?,3건,하나카드:26850
장기카드대출 안내,대출금을 중도 상환하게 되면 2~3일 동안만 대출 기록이 남아있어?,"아니, 중도 상환은 대출 기록이 계속 남아있어.",하나카드:26851
결제대금 안내,이번 달 결제한 건에 대해 청구 할인을 받게 되면 당월 카드 대금이 줄어들어?,"아니, 청구 할인으로 환급된 금액은 다음 달 카드 대금에서 차감돼.",하나카드:26854
선결제/즉시출금,선결제 전 잔여 한도와 통신 요금 중 더 금액이 큰 건 뭐야?,통신 요금,하나카드:26856
이용내역 안내,자동 이체가 등록되려면 반드시 거래 당사자의 요청이 선행되어야 해?,"응, 카드사는 거래 당사자의 요청 없이 자동 이체를 등록할 권한이 없어.",하나카드:26857
선결제/즉시출금,선결제하면 할부 원금이 아니라 할부 수수료부터 계산돼?,"응, 할부 수수료가 가장 먼저 결제돼.",하나카드:26858
이용내역 안내,웰컴페이먼츠의 원금과 이자를 합한 금액은 얼마야?,"422,500원",하나카드:26863
결제대금 안내,카드사가 진행한 청구 할인 혜택은 항목별로 한정된 기간 동안 제공됐어?,응.,하나카드:26854
이용내역 안내,자동 이체 금액이 빠져나간 카드는 뭐였어?,강원대학교 병원 카드,하나카드:26857
가상계좌 예약/취소,뭐를 선결제하려면 예약이 필요해?,미 청구된 금액,하나카드:26862
명세서 재발송,9월 29일 결제 건은 왜 결제가 안 됐어?,거래 정지된 분실 도난 카드라 결제가 안 됐어.,하나카드:26860
포인트/마일리지 안내,교통 카드 마일리지 지급은 카드사에서 해주는 거야?,"아니, 카드사에서 해주는 게 아니야.",하나카드:26868
이벤트 안내,실적 조건 충족 여부는 기존에 보유한 다른 카드와 합산해서 결정돼?,"아니, 기존 카드의 실적과 합산되지 않으므로 해당 카드의 실적을 따로 충족해야 해.",하나카드:26855
일부결제대금이월약정 해지,유의 사항은 뭐를 통해 확인할 수 있어?,문자,하나카드:26872
청구지 안내/변경,해지한 카드의 잔액은 앱에서 확인할 수 없어?,"아니, 결제 예정 금액이나 이용 대금 명세서를 통해 확인 가능해.",하나카드:26874
이용방법 안내,오픈 뱅킹 서비스는 해당 카드사의 카드 내역만 확인할 수 있는 서비스지?,"아니, 다른 금융기관의 카드나 은행 내역도 함께 확인할 수 있는 서비스야.",하나카드:26885
"정부지원 바우처 (등유, 임신 등)",교육 급여 바우처는 최근에 적립된 포인트부터 사용되지?,"아니, 먼저 적립된 포인트부터 사용돼.",하나카드:26886
결제계좌 안내/변경,결제일을 변경하면 자동 이체는 이용 기간에 따라 몇 달분이 한꺼번에 청구될 수 있어?,두 달,하나카드:26883
이용내역 안내,해외 결제 건의 매입 소요 시간은 국내 결제 건보다 더 많이 걸리나요?,네.,하나카드:26916
이용방법 안내,카드 앱에서 무슨 버튼을 누르면 결제 수단을 추가할 수 있어?,결제,하나카드:26887
이용방법 안내,카드 앱에 결제 카드를 등록하고 본인 인증을 하면 바로 앱 결제를 할 수 있지?,응.,하나카드:26887
이용내역 안내,알림톡과 SMS 부가 서비스는 동시에 이용할 수 있지?,"아니, 하나만 이용할 수 있어.",하나카드:26884
이용방법 안내,해당 카드사는 연회비를 후청구하지?,"아니, 선청구해.",하나카드:26894
선결제/즉시출금,카드의 비자 브랜드 혜택 내용에 따르면 전월 실적 조건 달성 시 공항 라운지 서비스는 연 몇 회까지 제공돼?,1회,하나카드:26900
한도상향 접수/처리,카드 한도 복원은 카드 대금 결제 이후에 이루어지나요?,네.,하나카드:26907
이벤트 안내,랜덤박스 이벤트에 참여하여 획득한 머니는 즉시 적립되지?,"아니, 다음 날 적립돼.",하나카드:26895
한도상향 접수/처리,심사 결과는 무슨 방식으로 통보되나요?,문자,하나카드:26914
입금내역 안내,이월 금액은 무슨 경우에 발생하나요?,일시불로 사용한 금액에 대해 발생합니다.,하나카드:26912
이용내역 안내,상품 코드가 다르면 다른 카드인가요?,"네, 상품 코드가 다르면 다른 카드로 분류됩니다.",하나카드:26909
입금내역 안내,카드론 결제는 카드값과 함께 진행되나요?,"네, 결제는 함께 진행됩니다.",하나카드:26912
긴급 배송 신청,배송 결과는 무엇으로 알 수 있나요?,문자,하나카드:26937
이벤트 안내,항공권 개인 결제 시 할인이 적용되나요?,아니요.,하나카드:26913
이용내역 안내,결제 내역서는 원화 금액으로도 표기되나요?,"네, 원화 금액으로도 표기됩니다.",하나카드:26920
입금내역 안내,장기 카드 대출은 카드 한도에 포함되나요?,"아니요, 별도의 대출 한도로 관리됩니다.",하나카드:26912
이용내역 안내,해외 원화 결제 시 부과될 수 있는 수수료는 얼마인가요?,3~8%,하나카드:26916
오토할부/오토캐쉬백 안내/신청/취소,캐시백 지급 후 선납이 가능한가요?,"네, 가능합니다.",하나카드:26922
이용내역 안내,해외 결제 시 원화 결제와 달러 결제 중 무엇이 더 유리한가요?,달러 결제가 더 유리합니다.,하나카드:26916
승인취소/매출취소 안내,"반품한 10,000원이 청구서에 포함된 이유는 무엇인가요?",청구서 작성 후 매출 취소가 접수되었기 때문입니다.,하나카드:26923
긴급 배송 신청,카드 배송은 평일 기준 며칠이 소요되나요?,평일 기준 5일이 소요됩니다.,하나카드:26924
한도 안내,만 14세가 되면 체크카드 한도를 변경할 수 있나요?,"네, 가능합니다.",하나카드:26931
특별한도/임시한도/일시한도 안내/신청,소득 증빙은 무슨 방식으로 제출되나요?,공공 마이데이터 서비스를 통해 제출됩니다.,하나카드:26928
이용방법 안내,나라카드도 어플에 등록해서 외화를 충전하여 사용할 수 있나요?,네.,하나카드:26926
도난/분실 신청/해제,새 카드를 등록해도 기존 카드를 계속 사용할 수 있나요?,"아니요, 새 카드가 등록되면 기존 카드는 자동으로 정지되어 사용할 수 없습니다.",하나카드:26927
한도 안내,카드 사용 내역은 무엇으로 받을 수 있나요?,문자로 받을 수 있습니다.,하나카드:26931
심사 진행사항 안내,카드 심사가 중단된 이유는 무엇인가요?,결제 계좌 정보가 누락되었기 때문입니다.,하나카드:26930
선결제/즉시출금,10월에 유효기간이 만료되는 카드는 무엇인가요?,사랑카드,하나카드:26929
한도 안내,만 14세 미만인 자녀의 체크카드 일일 사용 한도는 얼마인가요?,"20,000원",하나카드:26931
오토할부/오토캐쉬백 안내/신청/취소,가상 계좌는 일회성인가요?,네.,하나카드:26933
오토할부/오토캐쉬백 안내/신청/취소,캐시백 지급 기간은 얼마인가요?,한 달 이내입니다.,하나카드:26939
한도상향 접수/처리,공공 마이데이터 이용에 동의하면 무슨 혜택이 있나요?,한도 심사에 필요한 근로 소득 서류를 직접 제출할 필요 없이 신속하게 심사할 수 있습니다.,하나카드:26921
오토할부/오토캐쉬백 안내/신청/취소,가상 계좌에 입금 후 무엇이 발송되나요?,입금 내역에 대한 문자 알림이 발송됩니다.,하나카드:26933
이벤트 안내,카드 연회비는 얼마인가요?,"10,000원",하나카드:26936
이벤트 안내,연회비를 면제받으려면 한 달에 얼마를 사용해야 하나요?,"100,000원 이상 사용해야 합니다.",하나카드:26936
결제계좌 안내/변경,계좌 변경 후 이중 출금을 방지하려면 무엇을 해야 하나요?,기존 계좌의 잔고를 비워둬야 합니다.,하나카드:26932
연회비 안내,나라카드 해지는 가능한가요?,네.,하나카드:26938
매출구분 변경,선결제 후 남은 금액이 얼마인가요?,"40,000원",하나카드:26934
긴급 배송 신청,카드 발급 후 배송 기간은 보통 얼마나 걸리나요?,평일 기준 5일 정도 걸립니다.,하나카드:26937
이용방법 안내,사랑카드에 외화를 충전할 수 있나요?,"네, 가능합니다.",하나카드:26926
오토할부/오토캐쉬백 안내/신청/취소,가상 계좌로 입금한 금액은 무엇인가요?,가상 계좌로 입금한 금액은 자동차 대금 결제를 위한 특별 한도입니다.,하나카드:26933
긴급 배송 신청,긴급 배송을 요청하면 더 빨리 받을 수 있나요?,"네, 긴급 배송을 요청하면 더 빨리 받을 수 있습니다.",하나카드:26937
오토할부/오토캐쉬백 안내/신청/취소,캐시백은 몇 퍼센트 지급되나요?,1.3%,하나카드:26939
결제일 안내/변경/취소,결제일이 변경되면 무엇이 달리 적용되어 청구 금액이 산정되는 거야?,신용공여 기간,하나카드:26942
심사 진행사항 안내,특별 한도는 5개월까지 할부가 가능해?,"아니, 최대 3개월까지 가능해.",하나카드:26952
선결제/즉시출금,한국 산업 인력 개발에서 6개월 할부로 결제한 내역은 무이자 혜택이 있어?,"아니, 이자를 부담해야 해.",하나카드:26948
이용내역 안내,통장 잔고가 부족할 때 최소한의 금액만 결제하고 나머지 금액을 이월시킬 수 있는 서비스가 뭐야?,리볼빙 서비스,하나카드:26950
결제일 안내/변경,결제일을 변경하면 실적 반영일도 변경돼?,"아니, 실적은 말일까지로 동일해.",하나카드:26968
이용내역 안내,다음 달 명세서에서 대중교통 할인 적용된 부분을 확인할 수 있어?,응.,하나카드:26950
이벤트 안내,어떻게 하면 GS25 편의점에서 사용 가능한 5천 원 할인 쿠폰을 받을 수 있어?,GS25 편의점에서 3만 원 이상 구매하면 할인권을 받을 수 있어.,하나카드:26958
이용내역 안내,10월 달에 청구된 대중 교통 이용 요금은 얼마야?,4만 원,하나카드:26955
이벤트 안내,롯데시네마 관람권은 현장 결제 시 사용할 수 있어?,"아니, 롯데시네마 앱 또는 홈페이지에서 사용 가능해.",하나카드:26958
이용내역 안내,카드 승인 취소 요청을 하면 처리 기간은 얼마나 걸려?,"보통 평일 기준 3, 4일 걸리고 지연되면 일주일 정도 걸려.",하나카드:26960
이용내역 안내,문자로 취소 처리 안내를 받으려면 뭘 신청해야 해?,에스엠에스 서비스,하나카드:26960
이용내역 안내,해지하고자 하는 카드에 쌓인 포인트 점수는 어떻게 돼?,"45,650점",하나카드:26957
이용내역 안내,휴대폰 값에 카드사 할인이 적용돼?,"아니, 전체 휴대폰 요금에 할인이 적용되는 거야.",하나카드:26962
가상계좌 예약/취소,카드 대금을 선결제하면 할인 혜택이 있어?,"응, 할부 이자가 조금 줄어.",하나카드:26964
선결제/즉시출금,선결제 후 추가로 청구될 수 있는 내역이 뭐야?,"추가로 발생한 미매입 건, 후불 교통카드 이용 금액, 에스엠에스 수수료, 자동이체 이용 금액 등이 청구될 수 있어.",하나카드:26970
연체대금 즉시출금,즉시 출금 후 미납 금액은 남아있지 않아?,응.,하나카드:26972
도난/분실 신청/해제,재발급 신청한 카드의 배송은 얼마나 걸려?,평일 기준으로 5일 정도 소요돼.,하나카드:26971
입금내역 안내,출금된 카드 사용 내역이 뭐야?,제휴 연회비,하나카드:26973
연체대금 즉시출금,카드 대금이 이중 출금될 경우 어떻게 처리돼?,다음날 은행 영업시간 중에 출금된 계좌로 환급돼.,하나카드:26972
도난/분실 신청/해제,카드 분실 신고 해제 시 문자로 발송하는 인증번호는 몇 자리야?,여섯 자리,하나카드:26977
이용내역 안내,연회비는 카드를 얼마나 사용해야 면제돼?,카드 사용과 관계없이 연회비 면제는 없어.,하나카드:26966
이용내역 안내,해지된 카드로 인한 미처리 문자는 계속 발송될 수 있나?,"예, 결제 부분의 미처리로 인해 계속 문자가 발송될 수 있습니다.",하나카드:26982
승인취소/매출취소 안내,결제 취소가 된 만큼 한도는 복원돼?,응.,하나카드:26978
매출구분 변경,병원이나 의원에서는 현재 몇 개월까지 무이자 할부 결제가 가능한가요?,3개월,하나카드:26993
연체대금 즉시출금,이중 출금이 되지 않게 하려면 어떻게 해야 하나요?,카드 출금 계좌의 잔고를 비워두어야 합니다.,하나카드:26996
연체대금 즉시출금,결제 계좌 변경 시 이중 출금이 발생할 수 있나요?,"네, 결제 계좌 변경 당일에 이중 출금이 발생할 수 있습니다.",하나카드:26996
결제대금 안내,카드 발급 수수료 이천 원이 출금된 날짜는 며칠인가요?,5월 30일,하나카드:27026
일부결제대금이월약정 안내,이월 약정 서비스에 적용되는 결제 건은 무엇입니까?,일시불 결제 금액,하나카드:27028
이벤트 안내,생활 요금을 카드로 자동 납부하면 무엇을 6매 받을 수 있어?,스타벅스 쿠폰,하나카드:27018
이벤트 안내,생활 요금 자동 납부 혜택인 스타벅스 쿠폰 6매는 한꺼번에 지급되지?,"아니, 시간차를 두고 2매씩 세 번에 나눠서 지급돼.",하나카드:27018
포인트/마일리지 전환등록,취소된 후에는 결제 예정 금액을 앱을 통해서도 확인이 가능합니까?,예.,하나카드:27022
매출구분 변경,10월 8일 결제 건의 할부를 3개월에서 6개월로 변경하면 이자 수수료가 몇 %로 됩니까?,19.80%,하나카드:27025
선결제/즉시출금,2월에 이용한 장기 카드 대출금 백오십만 원의 이자는 얼마인가요?,오만 원,하나카드:27021
선결제/즉시출금,해당 카드로 해외에서 달러 출금을 할 수 있습니까?,예.,하나카드:27032
결제대금 안내,기존 체크 카드는 온라인 상태에서 갱신 발급이 됩니까?,"아니요, 고객이 은행을 방문해서 발급받아야 합니다.",하나카드:27026
결제일 안내/변경,결제일 변경 시 두 달분이 청구될 수 있다는 안내를 들었나?,"예, 단기 카드 대출이나 자동이체의 경우 두 달분이 청구될 수 있다는 안내를 들었습니다.",하나카드:27036
결제 계좌 안내/변경,통신 요금은 변경 전 카드 결제 계좌에서 3월과 4월 연속적으로 납부되었습니까?,예.,하나카드:27023
단기카드대출 안내/실행,"대출 실행 후, 신용 상태가 개선되어 요건이 충족되면 금리 인하 요구를 할 수 있습니까?",예.,하나카드:27035
이용내역 안내,결제 계좌의 해당 은행은 카드 대금 출금을 새벽부터 진행합니까?,예.,하나카드:27038
이용내역 안내,결제일이 25일인데 왜 27일에 카드 대금이 출금되었나요?,25일 토요일이어서 다음 월요일인 27일에 출금이 되었습니다.,하나카드:27038
안심클릭/하나페이/기타페이 안내,오픈뱅킹은 카드에서 자동이체 되는 서비스입니까?,아니요.,하나카드:27042
소득공제 확인서/종합소득세 안내,신용 조회 기록은 신용도에 영향을 미치나요?,"아니요, 신용 조회 기록 자체는 영향을 미치지 않습니다.",하나카드:27068
이용내역 안내,카드사는 할부 이자를 무엇으로 표기하고 있나요?,할부 수수료,하나카드:27064
이용내역 안내,에스케이텔레콤 결제 건은 1건인가요?,"네, 에스케이텔레콤 결제 건은 1건만 확인됩니다.",하나카드:27066
오토할부/오토캐쉬백 안내/신청/취소,오토캐시백 이벤트 참여 시 왜 가상 계좌가 부여되어야 해?,일회성으로 특별 한도를 발생시키기 위해서이다.,하나카드:27082
일부결제대금이월약정 해지,해지 후 유의 사항은 무엇으로 확인할 수 있나요?,문자,하나카드:27062
한도 안내,카드는 정지 상태인가요?,"아니요, 정지 상태는 아닙니다.",하나카드:27073
이용내역 안내,SK 통신사로 통신비를 납부할 경우 추가 할인을 받아볼 수 있어?,"아니, 추가 할인은 LG 유플러스에 대해서만 제공돼.",하나카드:27081
결제계좌 안내/변경,무슨 카드를 사용해야 이벤트에 응모할 수 있나요?,사랑 신용카드,하나카드:27078
오토할부/오토캐쉬백 안내/신청/취소,선입금 오토캐시백 이벤트에 참여하려면 얼마나 되는 차량 구매비를 일시불로 결제해야 해?,300만 원 이상을 일시불로 결제해야 한다.,하나카드:27082
장기카드대출 안내,"장기 카드 대출의 한도는 수시로 변동될 수 있으나, 이자율은 그렇지 않아?","아니, 한도와 마찬가지로 이자율도 변동될 수 있어.",하나카드:27080
이용내역 안내,라이나생명보험에서는 곧 카드사로 다시 보험료의 승인을 요청할 예정이야?,"아니, 그 요청 여부가 확실하지 않으므로 상담사는 고객에게 보험사에 확인할 것을 권유했어.",하나카드:27089
오토할부/오토캐쉬백 안내/신청/취소,가상 계좌 부여는 특별 한도를 일회성으로 제공하나요?,"예, 가상 계좌에 입금하면 특별 한도가 일회성으로 부여됩니다.",하나카드:27082
포인트/마일리지 안내,복지 포인트 사용 내역은 즉시 카드사 전산에서 자동으로 확인되나요?,"아니요, 복지 운영사가 카드사에 데이터를 전달해야 전산에서 확인 가능합니다.",하나카드:27145
한도상향 접수/처리,한도 상향 심사 시 소득 확인을 위해 서류를 제출하지 않으려면 무엇에 동의해야 해?,공공 마이데이터 서비스 이용에 동의해야 한다.,하나카드:27092
매출구분 변경,분할 납부 가능한 총 금액은 얼마인가요?,"258,000원",하나카드:27140
한도상향 접수/처리,얼마나 되는 기간 동안 카드 사용 실적이 없는 경우 카드의 이용 한도가 조정될 수 있어?,6개월 정도이다.,하나카드:27098
결제일 안내/변경/취소,결제일 변경 시 기존 이용 금액이 변경된 결제일에 그대로 청구될 수 있나요?,"아니요, 단기 카드 대출이나 자동이체의 경우 이용 기간에 따라 두 달분이 청구될 수 있습니다.",하나카드:27154
승인취소/매출취소 안내,취소한 3월 5일 지앤지 인터내셔널 결제 금액은 얼마였나요?,"25,000원",하나카드:27144
이용내역 안내,결제 취소가 되면 무슨 방식으로 확인할 수 있나요?,"문자로 취소 알림이 오며, 카드 이용 내역에서도 확인할 수 있습니다.",하나카드:27151
프리미엄 바우처 안내/발급,프리미엄 바우처는 전화 말고 다른 신청 방법이 있어?,"아니, 전화로만 가능해.",하나카드:27164
이용내역 안내,3월 5일에 결제된 5건의 알리 결제가 취소되었나요?,"아니요, 아직 취소 전표가 접수되지 않았습니다.",하나카드:27151
결제일 안내/변경,결제일 변경 시 기존 이용 금액이 변경된 결제일에 정확히 청구될 것인가?,"아니요, 기존 이용 금액이 변경 후 결제일에 청구되지 않을 수 있습니다.",하나카드:27156
이용내역 안내,1월에 결제된 3건은 취소되었나요?,"네, 1월 결제 3건은 모두 취소되었습니다.",하나카드:27151
결제일 안내/변경,결제일 변경 후 며칠 이내에 재변경이 어렵다고 했나요?,60일 이내에 재변경이 어렵습니다.,하나카드:27156
결제일 안내/변경/취소,기존 금액이 변경된 결제일에 청구되지 않을 수 있나요?,"네, 기존 금액이 변경된 결제일에 청구되지 않을 수 있습니다.",하나카드:27158
선결제/즉시출금,왜 장기 대출은 한도 복원이 안 돼?,대출이기 때문에,하나카드:27173
한도상향 접수/처리,한도 심사 결과 문자를 며칠 내로 받아 볼 수 있어?,평일 기준 하루에서 이틀 내,하나카드:27172
단기카드대출 안내/실행,단기 카드 대출 연체 이자는 얼마인가요?,단기 카드 대출 연체 이자는 약정 이율에 최대 3%가 가산됩니다.,하나카드:27182
결제일 안내/변경,마스터 카드를 해외에서 사용할 시 좋은 조건이 있어?,"아니, 없어.",하나카드:27177
이용내역 안내,카드로 결제 시 취득세에 대한 수수료는 있나요?,"아니요, 수수료는 따로 없습니다.",하나카드:27192
이벤트 안내,스타벅스 이벤트는 누구나 다 응모 가능해?,"아니, 신용카드로 일정 금액 이상 결제해야 응모 가능해.",하나카드:27175
단기카드대출 안내/실행,단기 카드 대출 대금을 미납하면 신용 등급에 영향을 줄 수 있나?,"예, 단기 카드 대출 대금 미납 시 신용 등급 또는 개인 신용 평점이 하락할 수 있습니다.",하나카드:27182
이용내역 안내,남편의 카드로 취득세 할부 결제 시 연 이자율은 몇 퍼센트인가요?,연 이자율은 18.55%입니다.,하나카드:27192
오토할부/오토캐쉬백 안내/신청/취소,가상 계좌의 유효 기간은 며칠인가요?,3일,하나카드:27180
연체대금 즉시출금,연체 금액 결제 후 잔고를 비워야 하는 이유는 무엇인가요?,중복 출금이 발생할 수 있기 때문입니다.,하나카드:27191
결제대금 안내,현재 승인 내역에 아파트 관리비가 포함되어 있나요?,네.,하나카드:27186
결제계좌 안내/변경,카드 혜택 설명서는 무엇으로 발송되었나요?,알림톡으로 발송되었습니다.,하나카드:27187
승인취소/매출취소 안내,카드사에서 할부 개월 수를 6개월로 변경해도 할부수수료를 내야 해?,응.,하나카드:27198
선결제/즉시출금,전화상으로 전환 신청이 가능한가요?,"아니요, 전화상으로는 불가능합니다.",하나카드:27185
포인트/마일리지 안내,복지 포인트는 환급금으로 받을 수 있나요?,"아니요, 복지 포인트는 환급되지 않습니다.",하나카드:27197
연체대금 즉시출금,이월된 금액에 포함된 이자 금액은 얼마였나요?,"5,600원이었습니다.",하나카드:27191
선결제/즉시출금,전환 신청은 앱에서 할 수 있나요?,네.,하나카드:27185
선결제/즉시출금,현금 서비스 이용을 위해 한도를 남겨야 하나요?,"네, 남겨야 합니다.",하나카드:27188
서비스 이용방법 안내,전월 실적이 충족되어야 할인 적용이 가능한가요?,"네, 전월 실적이 충족되어야 가능합니다.",하나카드:27194
승인취소/매출취소 안내,카드 명세서에 취소된 금액이 포함된 이유는 무엇인가요?,청구 작업 이후에 취소되어 명세서에 포함되었습니다.,하나카드:27195
일부결제대금이월약정 해지,마이 데이터 서비스는 카드 해지 후 계속 사용 가능한가요?,"네, 마이 데이터 서비스는 카드 해지 후에도 계속 사용 가능합니다.",하나카드:27190
한도 안내,한도 상향을 위해 무슨 절차가 필요한가요?,한도 상향을 위해 신용정보 조회가 필요합니다.,하나카드:27193
선결제/즉시출금,대출 상환을 성실히 한 다음 별도로 요청해야 금리가 인하되나요?,"아니요, 자동 인하됩니다.",하나카드:27245
이용내역 안내,원리금 균등 상환의 경우 월별 출금액이 동일한가요?,네.,하나카드:27256
결제일 안내/변경/취소,"결제일 변경 후, 재변경을 원한다면 바로 또 바꿀 수 있나요?","아니요, 60일 이내에는 재변경이 불가합니다.",하나카드:27250
이용방법 안내,카드 앱에서 무엇을 누르면 이용 한도 조회 변경이라는 메뉴가 나와?,한도,하나카드:27261
선결제/즉시출금,200원은 무엇에 대한 수수료야?,문자 이용료,하나카드:27260
안심클릭/▲▲페이/기타페이 안내,카드 앱의 결제 버튼은 동그라미 모양이야?,응.,하나카드:27264
이벤트 안내,할부 건이어도 청구가 확정되면 선결제를 할 수 있어?,응.,하나카드:27262
이벤트 안내,프로모션 신용카드로 추가 할인을 받을 수 있는 기간은 몇 개월이야?,24개월,하나카드:27282
가상계좌 안내,바로 쓸 수 없는 카드 기능은 뭐야?,교통 카드 기능,하나카드:27273
도난/분실 신청/해제,분실 신고 해제는 카드사 영업시간에만 가능해?,"아니, 24시간 가능해.",하나카드:27269
가상계좌 예약/취소,자동이체가 처리되려면 무엇이 남아있어야 해?,카드 한도,하나카드:27274
승인취소/매출취소 안내,카드 결제를 취소하면 반영되는 데 보통 얼마나 걸려?,"2, 3일 정도",하나카드:27284
결제대금 안내,이번 달 결제 대금 100만 원은 이월 금액을 제외한 값이야?,"아니, 포함한 값이야.",하나카드:27272
쇼핑케어,매달 발급되는 이마트 쿠폰은 며칠에 받을 수 있어?,1일,하나카드:27298
이용내역 안내,"유랜치로 35,000원이 결제된 건 2022년도 몇 월 며칠이야?",1월 10일,하나카드:27295
증명서/확인서 발급,팩스가 수신되기까지 시간이 얼마 정도 걸릴 수 있어?,30분 정도,하나카드:27281
이용내역 안내,롯데마트에서 결제된 금액이 할인 적용되기 전에는 얼마였어?,"28,400원",하나카드:27288
이용내역 안내,휴대폰으로 교통 카드를 이용할 때 티머니로 승인되는 금액은 얼마야?,"50,000원",하나카드:27297
이용내역 안내,예전에는 휴대폰으로 교통 요금을 결제할 때 티머니로 결제되는 내용이 없었어?,"아니, 예전에도 있었어.",하나카드:27297
매출구분 변경,할부 이자를 마지막 회차에 한꺼번에 결제할 수 있어?,"아니, 매달 내야 돼.",하나카드:27299
이용방법 안내,서울의료원 카드는 영업점에서는 발급 신청을 할 수 없어?,"아니, 영업점에 방문해서 접수할 수 있어.",하나카드:27293
입금내역 안내,리볼빙 서비스는 할부 건에도 제공돼?,"아니, 일시불 건에만 제공돼.",하나카드:27306
이용방법 안내,계좌번호와 잔금을 보기 위해 다운로드해야 하는 앱은 뭐야?,은행 앱,하나카드:27296
이용내역 안내,카드 요금 청구 방식은 무엇인가요?,후청구 방식입니다.,하나카드:27324
이용내역 안내,메리츠화재보험으로 추가 결제된 내역이 있나요?,"아니요, 상담원이 언급한 세 건 외에는 추가 결제된 메리츠화재보험 내역이 없습니다.",하나카드:27328
연회비 안내,"제휴 카드 중 연회비가 20,000원보다 저렴한 카드가 있어?","아니, 제휴되는 카드는 그것밖에 없어.",하나카드:27309
오토할부/오토캐쉬백 안내/신청/취소,입금한 금액보다 작게 사용해 남은 잔액은 얼마야?,"12,000원",하나카드:27301
승인취소/매출취소 안내,취소 내역은 무엇으로 발송되었나요?,카카오 알림톡으로 발송되었습니다. 취소 내역은 카카오 알림톡으로 발송되었습니다.,하나카드:27320
이용내역 안내,아파트 관리비 해지는 정상적으로 완료되었나요?,네.,하나카드:27322
승인취소/매출취소 안내,취소된 결제 건은 총 몇 건인가요?,2건,하나카드:27320
이용내역 안내,아파트 관리비 결제 취소가 가능한가요?,"아니요, 이미 처리되어 취소가 불가능합니다.",하나카드:27322
안심클릭/▲▲페이/기타페이 안내,카드 수령까지 걸리는 시간은 얼마나 되나요?,평일 기준 5일 정도 소요됩니다.,하나카드:27331
승인취소/매출취소 안내,2023년 5월 6일에 결제한 동부화재 금액은 얼마인가요?,"15,000원",하나카드:27327
이용내역 안내,취소 영수증이 반영되기까지 얼마나 걸리나요?,약 일주일 정도 소요됩니다.,하나카드:27338
한도 안내,한도는 한 달 기준으로 적용되나요?,"아니요, 한도는 한 달 기준이 아니며 사용한 만큼 차감되고 결제 후 복원됩니다.",하나카드:27330
이용내역 안내,11월 12일에 청구된 아파트 관리비는 얼마였나요?,"15,300원이 청구되었습니다.",하나카드:27322
한도 안내,단기 카드 대출 한도를 사용하지 않으면 그만큼 결제할 수 있나요?,"네, 대출을 하지 않으면 그만큼 일반 결제로 사용할 수 있습니다.",하나카드:27330
입금내역 안내,배송 중인 카드 번호를 미리 알 수 있나요?,아니요.,하나카드:27323
이용내역 안내,카드 결제일에 이전 달의 이용 내역이 청구되는 것이 맞나요?,"예, 신용카드로 이용하면 이용한 달의 요금이 다음 달 결제일에 청구됩니다.",하나카드:27324
이용내역 안내,LG유플러스 통신 요금 중 몇 건이 정상 처리되었나요?,두 건이 정상 처리되었습니다.,하나카드:27328
한도 안내,결제가 완료되면 한도는 복원되나요?,"네, 복원됩니다.",하나카드:27337
이용내역 안내,유플러스 결제는 왜 세 건 중 한 건이 처리되지 않았나요?,한도 초과로 인해 한 건이 처리되지 않았습니다.,하나카드:27328
안심클릭/▲▲페이/기타페이 안내,카드 수령 전에도 결제가 가능한가요?,"아니요, 페이 결제만 가능합니다.",하나카드:27331
결제일 안내/변경,선결제된 것은 앱을 통해 해지할 수 있습니까?,"네, 앱을 통해 해지할수 있습니다.",하나카드:27333
이용내역 안내,이번 달 사랑카드 실적 이용 금액은 얼마인가요?,"156,000원",하나카드:27328
승인취소/매출취소 안내,청구서와 실제 출금된 금액의 차이는 얼마인가요?,"15,000원",하나카드:27327
안심클릭/▲▲페이/기타페이 안내,카드 인증 없이 휴대폰 인증만으로 아이디를 만들 수 있나요?,"네, 본인 명의 휴대폰이면 가능합니다.",하나카드:27331
이용방법 안내,자동차보험 결제 시 무이자 할부는 몇 개월까지 가능한가요?,12개월까지 가능합니다.,하나카드:27334
이용내역 안내,현재 취소 영수증은 접수되었나요?,"아니요, 아직 접수되지 않았습니다.",하나카드:27338
선결제/즉시출금,케이엔에서 승인 요청이 왜 거절되었나요?,카드 한도 초과로 승인 요청이 거절되었습니다.,하나카드:27339
이용내역 안내,개인보험은 카드 실적에 포함이 돼?,응.,하나카드:27345
요금 및 견적,자카르타에서 발리까지 이동하는 방법은 어떻게 되나요?,항공편으로 1시간 30분,액티벤처:90805
요금 및 견적,현재 고려 중인 여행 상품은 무엇인가요?,"파트라 발리, 그랜드 미라지 효도상품",액티벤처:90802
요금 및 견적,워터붐 파크가 포함된 상품을 이용하면 하루 추가 요금은 1인당 얼마야?,약 $25,액티벤처:90802
상품예약 및 결제,항공권은 어떻게 예약할 수 있나요?,이메일이나 게시판,액티벤처:90801
요금 및 견적,가족이 한 팀만 있으면 출발할 수 없나요?,아니요.,액티벤처:90803
상품예약 및 결제,홈페이지에서 바로 항공권 예약이 가능했나요?,아니요.,액티벤처:90801
요금 및 견적,절벽사원 관광은 어떻게 진행되나요?,가이드와 동행,액티벤처:90803
요금 및 견적,옵션이나 쇼핑센터 강제 방문이 있나요?,아니요.,액티벤처:90804
요금 및 견적,아야나 리조트에서 아동 숙박은 어떻게 할 수 있나요?,베드쉐어 가능,액티벤처:90808
요금 및 견적,안다즈 스위트 예약 시 엑스트라 베드가 필요한가요?,네.,액티벤처:90808
상품예약 및 결제,리츠칼튼 객실은 어떤 타입으로 예약했나요?,오션뷰룸,액티벤처:90806
요금 및 견적,자카르타 여행을 계획하는 사람은 누구인가요?,엄마와 아기,액티벤처:90805
요금 및 견적,발리 여행 관광 코스는 어떻게 신청하나요?,현지에서 직접,액티벤처:90810
상품예약 및 결제,여행 예약 후 취소가 불가능한가?,아니요.,액티벤처:90821
요금 및 견적,인천-발리-시드니-오클랜드-런던 구간을 한 번에 이용하면 저렴한가?,아니요.,액티벤처:90809
"일반문의(여행준비, 인터넷, 교통, 안전 등)",퀵실버 크루즈에 포함된 주요 서비스는 무엇인가?,"바나나 보트, 스노클링, 반잠수정, 선상 뷔페",액티벤처:90817
요금 및 견적,호텔 예약 시 도착 항공편명은 모든 예약에 필수인가요?,아니요.,액티벤처:90815
요금 및 견적,그랜드 미라지 효도여행 상품으로 가족여행이 가능한가요?,네.,액티벤처:90802
요금 및 견적,발리 여행에 여행자 보험 가입이 필요한가요?,네.,액티벤처:90810
상품예약 및 결제,어린이 항공권 할인은 어떻게 적용되나?,75% 할인,액티벤처:90820
"일반문의(여행준비, 인터넷, 교통, 안전 등)",드림랜드 빌라에서 모든 지역으로 전용 차량이 제공되나요?,아니요.,액티벤처:90817
요금 및 견적,르네상스 울루와뜨 호텔의 객실 업그레이드는 어떻게 가능한가요?,무료 업그레이드,액티벤처:90815
요금 및 견적,자카르타 호텔 요금에 세금과 봉사료가 포함되지 않았나요?,아니요.,액티벤처:90805
상품예약 및 결제,웨스틴 발리 리조트 객실은 어떻게 예약되었나요?,조식 포함 2개 객실,액티벤처:90818
상품예약 및 결제,가족여행에 함께 가는 여행 구성원은 누구야?,"부모님, 부부, 아이",액티벤처:90821
요금 및 견적,싱가폴 항공의 좌석 예약이 가능한가요?,아니요.,액티벤처:90823
요금 및 견적,까유마니스 호텔 1인당 대략적인 요금은 얼마로 안내받았나?,200~300만 원,액티벤처:90826
요금 및 견적,출발 2주 전 이후에도 취소 수수료가 없나요?,아니요.,액티벤처:90825
상품예약 및 결제,가이드 팁은 어떻게 처리되나?,별도 지불 불필요,액티벤처:90821
상품예약 및 결제,리츠칼튼 오션 클리프 풀빌라 상품의 특별한 혜택은 어떻게 제공되나요?,현지 특별 서비스로,액티벤처:90828
요금 및 견적,2주 여행 시 직항편을 이용할 수 있나요?,아니요.,액티벤처:90829
요금 및 견적,바나나보트 액티비티는 리조트에서 예약 가능한가?,네.,액티벤처:90814
요금 및 견적,대한항공 마일리지로 업그레이드는 어떻게 확인할 수 있나?,고객센터 문의,액티벤처:90824
상품예약 및 결제,여행 후 후기를 남기면 특별한 선물을 받을 수 있나요?,"네, 받을 수 있어요.",액티벤처:90828
요금 및 견적,안다즈 호텔 예약 시 제공되는 특전은 어떻게 되나요?,"중식 2인, 미니바, 라운지 무료",액티벤처:90822
요금 및 견적,2주 여행 시 이용해야 하는 항공권은 무엇인가?,개인 항공권,액티벤처:90829
상품예약 및 결제,호텔 예약이 불가능한가?,아니요.,액티벤처:90827
상품예약 및 결제,8명 이상 단체 예약 시 할인 혜택이 있나요?,아니요.,액티벤처:90833
요금 및 견적,파드마 르기안에 4인이 한 객실에 투숙할 수 있나요?,아니요.,액티벤처:90822
요금 및 견적,풀억세스 룸으로 2명 예약이 가능한가?,네.,액티벤처:90824
요금 및 견적,가루다 항공의 환불은 어떻게 되나요?,불가능함,액티벤처:90823
"일반문의(여행준비, 인터넷, 교통, 안전 등)",그랜드 미라지 예약 시 얼마나 할인받을 수 있나요?,3% 할인,액티벤처:90838
요금 및 견적,리조트뷰 룸은 현재 예약이 가능한가요?,아니요.,액티벤처:90830
요금 및 견적,아동의 조식 추가는 어떻게 할 수 있나요?,1인당 $15 또는 $35,액티벤처:90830
상품예약 및 결제,신혼여행 예약은 어떻게 진행되나?,메일로 확인,액티벤처:90836
상품예약 및 결제,자유여행 상품에서 일정을 안내해주는 가이드는 누구인가?,없음,액티벤처:90833
상품예약 및 결제,발리 자유여행에서 교통편은 어떻게 이용할 수 있나?,호텔 로비 택시,액티벤처:90833
상품예약 및 결제,국내선 비행기 예약은 어떻게 하면 할인받을 수 있나요?,인터넷 예약,액티벤처:90834
요금 및 견적,현재 인천-발리 직항편이 운항 중인가?,아니요.,액티벤처:90835
상품예약 및 결제,발리까지 직항과 경유 시 비행 시간은 어떻게 다르나요?,"직항 7시간, 경유 10시간",액티벤처:90863
요금 및 견적,계약금 환불은 어떻게 진행되고 있어?,오늘 중 입금,액티벤처:90832
요금 및 견적,항공권 예약 정보는 어떻게 받을 수 있어?,이메일로,액티벤처:90841
상품예약 및 결제,자카르타에서의 체류 기간은 어떻게 예약할 수 있나요?,나중에 확정 가능,액티벤처:90840
"일반문의(여행준비, 인터넷, 교통, 안전 등)",크루즈가 기본 상품에 포함되어 있나요?,아니요.,액티벤처:90838
상품예약 및 결제,케세이퍼시픽 항공 예약 시 청첩장 첨부가 필요한가?,네.,액티벤처:90839
상품예약 및 결제,직항 일정은 5박 6일인가?,아니요.,액티벤처:90836
상품예약 및 결제,최종확정서는 어떻게 받을 수 있나요?,택배,액티벤처:90843
요금 및 견적,공항 픽업 서비스를 받으려면 누구에게 연락해야 해?,호텔 예약팀,액티벤처:90845
상품예약 및 결제,딴지 일정은 올인크루시브 골드 상품인가요?,네.,액티벤처:90843
상품예약 및 결제,포시즌 풀빌라에서 해양스포츠는 어떻게 즐길 수 있나요?,무동력 스노클링,액티벤처:90848
상품예약 및 결제,로얄 스미냑 풀빌라에 현재 예약이 가능한가요?,아니요.,액티벤처:90848
요금 및 견적,아야나 세가라에서 2박을 예약하면 특별 혜택 있나요?,"네, 있어요.",액티벤처:90845
요금 및 견적,신혼여행 패키지는 어떻게 구성되어 있나요?,1인당 155만 원,액티벤처:90850
요금 및 견적,롬복 여행을 위해 최소 3개월 전에 예약해야 하나요?,네.,액티벤처:90847
요금 및 견적,인도네시아 여행은 어떤 방식으로 계획하고 있나요?,배낭여행,액티벤처:90846
상품예약 및 결제,여행 준비를 위해 특별히 준비할 서류가 있나요?,아니요.,액티벤처:90852
요금 및 견적,발리는 영어권 국가인가요?,아니요.,액티벤처:90850
요금 및 견적,항공권 예약 시 취소 수수료가 있나요?,아니요.,액티벤처:90846
"일반문의(여행준비, 인터넷, 교통, 안전 등)",그랜디미라지 리조트에서 무료로 제공되는 음료에는 무엇이 포함되나요?,"맥주, 칵테일",액티벤처:90849
상품예약 및 결제,클럽 미라지 패키지에 아쿠아메딕풀이 포함되어 있어?,아니.,액티벤처:90857
예약변경 및 취소,예약한 리조트는 그대로 유지되나요?,네.,액티벤처:90853
"일반문의(여행준비, 인터넷, 교통, 안전 등)",웨딩프렌드를 통해 로맨틱 패키지 이벤트가 현재 진행 중인가요?,네.,액티벤처:90849
예약변경 및 취소,여행용 가방은 어떻게 업그레이드되었나요?,세련된 디자인,액티벤처:90853
상품예약 및 결제,여행 준비를 위해 꼭 챙겨야 할 것은 무엇인가요?,여권,액티벤처:90852
상품예약 및 결제,발리 여행 시 더 저렴하게 이용할 수 있는 리조트 예약 방법은?,주니어 스위트로 예약,액티벤처:90865
요금 및 견적,가족 여행에서 추가로 할 수 있는 선택 관광은 뭐가 있어?,"퀵실버 데이크루즈, 래프팅, 아로마 마사지",액티벤처:90854
요금 및 견적,발리와 필리핀 중 여행지가 확정되었나?,아니요.,액티벤처:90854
상품예약 및 결제,추가 마사지는 어떻게 받을 수 있어?,외부에서 구매,액티벤처:90857
요금 및 견적,결혼 예정자가 문의한 상품은 어떤 종류의 숙박 상품인가?,풀빌라,액티벤처:90859
상품예약 및 결제,3% 할인 혜택은 어떻게 받을 수 있나요?,일시불 결제로,액티벤처:90858
요금 및 견적,롬복 풀빌라에 한국인 직원이 있나요?,아니요.,액티벤처:90860
상품예약 및 결제,현지에서 추가 비용이 발생하나요?,아니요.,액티벤처:90858
요금 및 견적,발리 여행 시 3박 5일 일정을 원한다면 어떤 항공편으로 가야 하나요?,대한항공 경유편,액티벤처:90861
요금 및 견적,롬복 풀빌라 예약 시 웨딩프렌드 회원이 받을 수 있는 혜택은 무엇이야?,"적립금 50,000원",액티벤처:90860
요금 및 견적,풀빌라 예약 시 얼마의 할인 혜택을 받을 수 있나?,3% 할인,액티벤처:90859
요금 및 견적,산티카 호텔 발리 패키지 요금은 어떻게 달라지나요?,리조트/가족 모두 동일,액티벤처:90861
"일반문의(여행준비, 인터넷, 교통, 안전 등)",현재 그랜드 미라지에 허니문 할인 혜택이 있나?,아니요.,액티벤처:90862
요금 및 견적,풀빌라 상품에 시내 관광이나 마사지 등의 추가 옵션을 선택할 수 있나?,네.,액티벤처:90859
요금 및 견적,발리 현지 호텔 예약이 가능한가?,아니요.,액티벤처:90856
상품예약 및 결제,홍콩/발리 상품은 매일 출발하나요?,네.,액티벤처:90864
상품예약 및 결제,발리 여행 시 신용카드로 결제하면 할인받을 수 있나요?,아니요.,액티벤처:90865
예약변경 및 취소,발리 여행을 그대로 진행해도 안전한가?,네.,액티벤처:90866
요금 및 견적,할인항공권을 판매하는 여행사 이름은 무엇인가요?,가루다항공,액티벤처:90867
요금 및 견적,호텔 픽업 서비스는 어떻게 제공되나?,조인 서비스로,액티벤처:90881
요금 및 견적,신혼여행 예약은 어떻게 할 수 있나요?,전화 상담으로 예약,액티벤처:90868
상품예약 및 결제,발리 여행 예약은 출발 3개월 전에 하는 것이 좋은가요?,네.,액티벤처:90863
요금 및 견적,3박 이하 예약 시 도착 항공편명은 필수인가요?,아니요.,액티벤처:90873
요금 및 견적,허니문 팩과 4대 옵션은 서로 다른 패키지인가요?,네.,액티벤처:90861
요금 및 견적,"발리 힐튼의 1인 1실 추가요금은 80,000원인가?",네.,액티벤처:90872
요금 및 견적,2개월 전 예약하면 특별 혜택을 받을 수 있나요?,아니요.,액티벤처:90868
요금 및 견적,현재 자카르타 여행의 다른 할인 프로모션이 있나요?,아니요.,액티벤처:90871
요금 및 견적,할인항공권의 가격은 다른 여행사와 큰 차이가 없나요?,네.,액티벤처:90867
상품예약 및 결제,자카르타에서 발리까지 가는 항공편의 총 비용은 얼마인가요?,"498,600원",액티벤처:90869
요금 및 견적,할인항공권의 개인 연장은 어떻게 할 수 있나요?,40만 원에 개인 티켓 구매,액티벤처:90867
상품예약 및 결제,예약 시 필요한 정보를 제공해야 하는 사람은 누구야?,예약자 전원,액티벤처:90876
상품예약 및 결제,르네상스 울루와뚜 주니어스위트 예약에 1+1 프로모션이 적용되나?,네.,액티벤처:90876
상품예약 및 결제,자카르타 시내에 저렴한 호텔 예약이 가능한가요?,네.,액티벤처:90869
요금 및 견적,21개월 된 아기는 별도의 여권이 필요한가?,아니요.,액티벤처:90870
요금 및 견적,해외 카드로 결제할 수 있나요?,아니요.,액티벤처:90877
상품예약 및 결제,콘래드 발리 호텔 예약은 어떻게 하나요?,이메일로 예약,액티벤처:90875
요금 및 견적,더 메루 사누르 호텔의 오프닝 특가는 어떻게 받을 수 있나요?,3박 이상 예약,액티벤처:90873
상품예약 및 결제,호텔 예약 취소는 어떻게 가능해?,체크인 31일 전 취소,액티벤처:90876
상품예약 및 결제,공항 픽업 서비스는 어떻게 받을 수 있나요?,3박 이상 예약 시 무료,액티벤처:90878
상품예약 및 결제,W 리조트 예약에 엑스트라베드가 필요한가?,아니요.,액티벤처:90889
상품예약 및 결제,쉐라톤 발리 쿠타 호텔 디럭스 오션뷰 객실 예약이 가능한가요?,"네, 가능합니다.",액티벤처:90878
상품예약 및 결제,카드 결제가 가능한가?,네.,액티벤처:90882
상품예약 및 결제,소피텔 호텔 클럽라운지는 어떻게 이용할 수 있나요?,풀억세스룸으로 예약,액티벤처:90880
상품예약 및 결제,단체항공권 예약 시 마일리지 적립이 가능한가요?,아니요.,액티벤처:90888
상품예약 및 결제,호텔 예약 시 무료 공항 픽업 서비스는 모든 예약에 제공되나요?,아니요.,액티벤처:90887
상품예약 및 결제,카드 결제 시 모든 카드로 결제가 가능한가요?,아니요.,액티벤처:90885
요금 및 견적,호텔 결제는 어떻게 할 수 있나요?,계좌 입금 또는 카드,액티벤처:90886
요금 및 견적,모든 카드로 무이자 할부가 가능한가?,아니요.,액티벤처:90881
상품예약 및 결제,호텔 예약 시 입금은 어떻게 하나요?,원화 계좌로 입금,액티벤처:90885
요금 및 견적,비수기 시즌 예약은 15일 이전에 취소 가능한가요?,네.,액티벤처:90886
상품예약 및 결제,공항 픽업 서비스는 누구에게 제공되나?,3박 이상 예약 고객,액티벤처:90893
상품예약 및 결제,단체항공권 예약은 어떻게 진행되나요?,예약금 10만원 선입금,액티벤처:90888
상품예약 및 결제,체크인 15일 이내 취소 시 패널티가 없나?,아니요.,액티벤처:90893
요금 및 견적,발리 골프장 예약은 어떻게 진행할 수 있어?,2인 라운딩으로만 예약,액티벤처:90894
요금 및 견적,W 스미냑 호텔 예약을 위해 필요한 개인정보는 누구의 것인가요?,여권상 영문 이름,액티벤처:90891
상품예약 및 결제,더 카욘 정글리조트 예약은 어떻게 신청하나요?,이메일로 신청,액티벤처:90890
요금 및 견적,신한카드로 무이자 할부가 가능한가요?,아니요.,액티벤처:90891
상품예약 및 결제,예약 완료 후 추가 서비스를 제공받을 수 있나요?,네.,액티벤처:90890
상품예약 및 결제,예약 시 누구의 정보를 보내야 하나요?,예약자 전원,액티벤처:90898
요금 및 견적,W 스미냑 호텔 결제는 어떻게 할 수 있나요?,원화/외화 계좌 입금,액티벤처:90891
요금 및 견적,리조트 예약은 어떻게 진행하나요?,영문 이름 전송,액티벤처:90900
상품예약 및 결제,공항 픽업은 모든 예약에 무료로 제공되나요?,아니요.,액티벤처:90895
요금 및 견적,발리 내셔널 CC에서 오전 라운딩이 가능한 날짜가 있어?,응.,액티벤처:90894
상품예약 및 결제,공항 픽업 서비스는 제공되나요?,네.,액티벤처:90899
상품예약 및 결제,레저스위트 예약은 어떻게 진행하나요?,이메일로 정보 전송,액티벤처:90898
상품예약 및 결제,파드마 르기안 예약 시 결제는 어떻게 하나요?,카드나 현금,액티벤처:90896
요금 및 견적,파드마 리조트는 베드 타입이 확정되나요?,아니요.,액티벤처:90900
내역 조회,LGU+ 무제한 요금제의 데이터 사용은 어떻게 제공되나요?,매일 5GB,엘지유플러스:43233
결합할인,상담에 나온 결합 상품 이름은 뭐야?,기업 한방에 yo,엘지유플러스:43235
납부 방법 변경,카드 변경을 요청한 사람은 누구인가요?,고객 본인,엘지유플러스:43238
요금 납부,약정 종료 전 해지 시 자동으로 해지 처리가 되나요?,"아니요, 고객이 직접 해지 신청을 해야 합니다.",엘지유플러스:43236
납부 방법 변경,LGU+ 요금 납부 카드는 어떻게 변경되나요?,고객 본인 명의 카드로 변경,엘지유플러스:43238
요금 안내,LGU+ 시니어 요금제에서 한 달에 제공되는 데이터 용량은 얼마인가?,100MB,엘지유플러스:43242
요금 안내,시니어 33 요금제는 기본 문자와 전화가 무제한인가?,"예, 시니어 33 요금제는 기본 문자와 전화가 무제한입니다.",엘지유플러스:43242
소액 결제,LGU+에서 티머니 결제는 현재 가능한가?,"예, 현재 티머니 결제는 가능합니다.",엘지유플러스:43250
부가서비스 안내,부가서비스 삭제 후에도 인터넷 공동인증서 사용이 가능한가?,"예, 부가서비스 삭제와 관계없이 인터넷 공동인증서 사용이 가능합니다.",엘지유플러스:43248
개통점 안내,휴대폰 가입 제한은 어떻게 해제할 수 있나요?,명의자가 직영점 방문,엘지유플러스:43251
소액 결제,소액결제 한도 상향은 어떻게 확인하고 변경할 수 있나요?,앱을 통해,엘지유플러스:43259
소액 결제,소액결제 시 결제 금액은 통신사 요금으로 청구되나?,"예, 소액결제 금액은 휴대폰 통신 요금으로 청구됩니다.",엘지유플러스:43264
요금 안내,휴대폰 분실파손보험 처리는 어떻게 하나요?,보험센터로 문자의 ARS 요청,엘지유플러스:43263
기기변경,자급제 휴대폰으로 구매하면 LTE와 5G 요금제 중 선택할 수 있나요?,"네, 자급제 휴대폰으로 구매하면 LTE와 5G 요금제 두 가지를 모두 선택할 수 있습니다.",엘지유플러스:43279
명의/번호/유심 해지,태블릿 해지 시 필요한 신분 확인 방법은 어떻게 하나?,신분증 제시,엘지유플러스:43286
기기변경,청소년요금제에서 데이터 1G 초과 시 추가 요금이 발생하나?,"아니요, 속도만 느려지고 추가 요금은 발생하지 않습니다.",엘지유플러스:43290
요금 안내,데이터 150GB를 모두 사용한 후에도 유튜브 시청이 가능한 속도로 인터넷을 사용할 수 있나요?,"예, 5Mbps 속도로 유튜브 시청이 가능합니다.",엘지유플러스:43288
요금 안내,데이터스페셜A요금제의 데이터 소진 후 속도 제어 방식은 어떻게 되나요?,하루에 2GB씩 추가 제공 후 3Mbps로 제어,엘지유플러스:43298
요금제 변경,LTE프리미어에센셜 요금제의 데이터는 어떻게 제공되나요?,빠른속도로 무제한 이용 가능,엘지유플러스:43308
선택약정 할인,선택약정할인 시 위약금이 발생하는 경우는 어떻게 되나요?,"중도해지, 미적용 단말기로 기기변경, 약정미승계, 명의변경",엘지유플러스:43306
휴대폰 정지/분실/파손,정지된 휴대폰을 다시 사용할 수 있는 방법은 어떻게 하나?,전원 껐다 키기,엘지유플러스:43311
납부확인서,LGU+ 요금 고지서는 어떻게 발송되나요?,전산으로,엘지유플러스:43321
요금제 변경,슬림+ 요금제 변경 시 데이터 사용량이 6GB를 초과하면 속도가 느려지나요?,"예, 6GB 초과 시 속도가 400Kbps로 느려집니다.",엘지유플러스:43323
결합할인,가족결합 요금제 변경 시 기존 할인율이 그대로 유지될 수 있나?,"네, 고객님이 스탠다드 요금제로 변경해도 가족결합할인은 그대로 유지됩니다.",엘지유플러스:43333
결합할인,가족결합 할인을 받을 때 요금제를 변경하면 할인율은 어떻게 되나?,그대로 유지,엘지유플러스:43333
결합할인,투게더 결합 시 할인을 최대로 받을 수 있는 가족 구성원은 누구인가?,무제한요금제 사용 가족 네 분,엘지유플러스:43333
요금 안내,해지된 휴대폰 명의는 누구인가요?,어머니,엘지유플러스:43343
요금제 변경,LGU+ 무제한 요금제를 사용할 때 데이터 제한은 어떻게 되나요?,하루에 5GB씩 제공,엘지유플러스:43348
선택약정 할인,LGU+ 선택약정은 얼마 동안 연장 가능한가요?,12개월 또는 24개월,엘지유플러스:43356
요금 납부,카드 요금 납부 과정에서 카드 소유주의 동의를 받았나?,"예, 카드 소유주와 직접 통화하여 동의를 받았습니다.",엘지유플러스:43366
요금제 변경,와이파이 사용 시 데이터 요금이 소모되나요?,"아니요, 와이파이 사용 시 데이터 요금이 소모되지 않습니다.",엘지유플러스:43372
선택약정 할인,선택약정 중도해지 시 위약금이 발생하는 경우는 어떻게 되나요?,타사로 이동하면서 기기변경할 때,엘지유플러스:43378
명의/번호/유심 해지,해지 신청서는 어떻게 작성해야 하나요?,자필로 작성,엘지유플러스:43368
결합할인,가족결합 해지 후 나중에 다시 결합할 수 있나요?,"네, 나중에 다시 가족결합을 할 수 있습니다.",엘지유플러스:43382
요금제 변경,88 요금제는 현재 새로 가입할 수 있는 요금제인가?,"아니요, 현재 서비스가 종료되어 새로 가입할 수 없습니다.",엘지유플러스:43376
요금제 변경,69 요금제의 데이터 제공 방식은 어떻게 되나?,"매일 5GB씩 제공, 초과 시 5Mbps 속도",엘지유플러스:43376
요금 납부,미납금 납부 후 소액결제 사용이 즉시 가능한가?,"예, 미납금을 납부하면 바로 소액결제 사용이 가능합니다.",엘지유플러스:43377
요금 안내,LGU+ 요금제 변경 내용을 어떻게 확인할 수 있나요?,고객센터 앱이나 홈페이지,엘지유플러스:43383
요금 안내,미성년자 자녀에게 추가 할인을 받을 수 있는 사람은 누구인가요?,성인 부모,엘지유플러스:43383
납부 방법 변경,LGU+ 휴대폰과 인터넷 결합 시 얻을 수 있는 할인 방식은 어떻게 되나요?,사용 요금에 따라 인터넷과 핸드폰 요금에서 각각 할인,엘지유플러스:43393
요금 안내,요금제 변경을 대리점에서 해줄 수 있는 사람은 누구인가요?,대리점 직원,엘지유플러스:43388
납부 방법 변경,기존 자동이체 계좌에 잔고가 충분히 있나요?,아니요.,엘지유플러스:43393
복지할인 등록,복지할인은 어떻게 적용되나요?,월 요금에서 할인,엘지유플러스:43398
요금 안내,한방에yo VIP 할인은 대표자와 구성원이 각각 다른 할인을 받을 수 있나요?,"예, 대표자는 VIP 할인을 받고 구성원은 한방에yo 결합할인을 받을 수 있습니다.",엘지유플러스:43408
요금 안내,온라인으로 번호 변경 시 어떻게 본인 인증을 해야 하나요?,로그인 후 본인 인증 절차,엘지유플러스:43416
요금 안내,한방에yo VIP 할인은 어떻게 적용되나요?,"대표자만 VIP 할인을 받고, 가족 구성원은 기본 결합할인만 적용",엘지유플러스:43408
복지할인 등록,복지할인 대상자는 누구인가요?,만 65세 이상 기초연금 수급자,엘지유플러스:43398
보험 청구,음악 다운로드로 돈을 많이 사용하고 있나요?,아니요.,엘지유플러스:43413
보험 청구,보험금은 어떻게 청구하나요?,고객센터로 전화해 영수증 사진을 보내면 됩니다.,엘지유플러스:43413
휴대폰 정지/분실/파손,휴대폰 일시 정지는 최대 며칠까지 가능한가?,180일,엘지유플러스:43439
선택약정 할인,선택약정할인은 어떻게 연장할 수 있나?,녹취 동의,엘지유플러스:43429
부가서비스 안내,대리점 방문으로 문자 서비스 차단을 즉시 해제할 수 있나?,아니요.,엘지유플러스:43433
멤버십 혜택,멤버십 바코드를 캡처해서 사용할 수 있나요?,"예, 바코드를 캡처해서 엔젤리너스와 같은 곳에서 사용할 수 있습니다.",엘지유플러스:43434
결합할인,결합상품의 할인 혜택은 어떻게 적용되나요?,각각 휴대폰과 인터넷에서 할인을 받을 수 있는 할인 상품,엘지유플러스:43418
멤버십 혜택,LGU+ VIP 멤버십 바코드는 어떻게 사용할 수 있어?,캡처해서 보여주기,엘지유플러스:43434
요금 납부,LGU+ 자동이체 결제 확인에 보통 얼마나 시간이 소요되나요?,이틀,엘지유플러스:43435
선택약정 할인,선택 약정 할인 기간은 어떻게 설정되었나요?,1년,엘지유플러스:43441
휴대폰 정지/분실/파손,성인 자녀의 휴대폰 일시 정지를 대리인이 신청할 수 있나요?,"예, 대리인이 정보 확인 후 대신 신청할 수 있습니다.",엘지유플러스:43439
멤버십 혜택,LGU+ 멤버십에서 롯데월드 이용권 할인을 받을 수 있는 방법은?,라이프콕 선택,엘지유플러스:43449
선택약정 할인,선택약정할인 가입은 어떻게 진행되었나?,녹취 후 고객 동의,엘지유플러스:43421
선택약정 할인,LGU+ 선택 약정 할인 연장은 어떻게 진행되나요?,상담을 통해 1년 연장 예약,엘지유플러스:43453
요금 납부,법인 카드 대표자가 통신 요금 결제 시 필요한 서류는 어떻게 제출하나요?,사업자 등록증 사본과 대표자 신분증 사본,엘지유플러스:43448
요금 납부,법인 카드 대표자가 통신 요금 결제 시 인감 증명서가 필요한가?,"아니요, 인감 증명서는 필요하지 않습니다.",엘지유플러스:43448
요금 납부,LGU+ 요금은 어떻게 결제하려고 하나요?,카드로,엘지유플러스:43458
선택약정 할인,선택 약정 중도 해지 시 반환금이 발생하는 경우가 있나요?,"예, 중도해지, 기기 변경, 약정 미승계 명의 변경 시 반환금이 발생합니다.",엘지유플러스:43461
소액 결제,소액 결제 차단은 어떻게 진행할 수 있나요?,상담을 통해 전체 차단 요청,엘지유플러스:43463
요금 안내,지역 번호로 문의하는 전화 서비스는 무료인가?,"아니요, 해당 서비스는 유료입니다.",엘지유플러스:43478
선택약정 할인,선택 약정 할인 등록을 위해 어떻게 동의해야 하나요?,ARS로 연결 후 '네'라고 말하기,엘지유플러스:43471
가입 안내,휴대폰 파손 보험은 어떻게 가입할 수 있나요?,단말기 가격에 따라 다름,엘지유플러스:43468
요금 안내,이 상담에서 법정대리인으로 언급된 사람은 누구인가?,어머님,엘지유플러스:43479
휴대폰 정지/분실/파손,정지 해제를 하고 전화기를 한번 껐다 켜면 바로 이용할 수 있나요?,네.,엘지유플러스:43486
기기변경,LGU+ 통신사 선택 약정 할인 연장은 어떻게 할 수 있나?,고객센터 전화 또는 상담,엘지유플러스:43483
결합할인,참 쉬운 가족 결합 서비스는 어떻게 가입할 수 있나요?,ARS 통화 후 동의,엘지유플러스:43491
내역 조회,청구서 내역을 어떻게 받을 수 있나요?,문자로 발송,엘지유플러스:43498
납부 방법 변경,LGU+ 통신 요금 납부 방식을 어떻게 변경할 수 있나요?,계좌 번호 변경 및 결제일 조정,엘지유플러스:43488
요금 안내,현재 사용 중인 요금제의 월 데이터 제공량은 얼마인가?,6GB,엘지유플러스:43505
가입 안내,가입 확인서 발송은 얼마나 소요되나요?,30분,엘지유플러스:43506
선택약정 할인,선택 약정 할인은 어떻게 연장할 수 있나요?,1년 또는 2년 재약정,엘지유플러스:43501
요금 안내,현재 사용 중인 요금제는 데이터 초과 시 추가 요금이 발생하나요?,"아니요, 데이터는 무제한이며 초과 요금은 없습니다.",엘지유플러스:43505
요금제 변경,요금제를 어떻게 변경할 수 있나요?,상담을 통해 즉시 변경,엘지유플러스:43518
요금제 변경,데이터 11GB 초과 후에도 인터넷 사용이 완전히 차단되나?,"아니요, 1Mbps 속도로 검색과 웹서핑 등 제한 없이 계속 사용할 수 있습니다.",엘지유플러스:43515
선택약정 할인,선택약정 기간은 얼마로 설정되었습니까?,2년,엘지유플러스:43536
선택약정 할인,이 상담에서 법정 대리인으로 지정된 사람은 누구인가?,엄마,엘지유플러스:43519
요금제 변경,슬림+ 요금제로 변경 시 멤버십 등급이 낮아지나요?,"예, 멤버십 등급이 다이아에서 골드로 낮아집니다.",엘지유플러스:43539
요금 안내,현역병사 요금제는 어떻게 일반 요금제로 변경되나요?,자동으로 변경,엘지유플러스:43533
납부 방법 변경,LGU+ 요금 결제 방법은 어떻게 변경할 수 있나요?,카드나 은행을 통해 변경 가능,엘지유플러스:43543
요금제 변경,5G 요금제에서 LTE 요금제로 변경 시 위약금이 발생하나요?,"아니요, 위약금 없이 요금제 변경이 가능합니다.",엘지유플러스:43544
납부 방법 변경,LGU+ 요금 납부 방법 변경을 요청한 사람은 누구인가요?,고객 본인,엘지유플러스:43543
요금 안내,데이터 초과 시 추가요금은 어떻게 부과되나요?,MB당 정해진 요금으로 부과,엘지유플러스:43563
요금제 변경,요금제 변경으로 인해 위약금이 발생할 수 있나요?,"아니요, 요금제 변경으로 인한 위약금은 발생하지 않습니다.",엘지유플러스:43542
납부 방법 변경,LGU+ 통신요금 납부 방법을 어떻게 변경할 수 있어?,남편 동의 통화 후 카드 정보 변경,엘지유플러스:43574
가입 안내,통신사를 유지하면서 기기변경을 하는 경우 위약금이 발생하나요?,"아니요, 통신사를 유지하면서 기기변경을 하는 경우에는 위약금이 발생하지 않습니다.",엘지유플러스:43541
선택약정 할인,선택약정할인은 얼마 동안 할인을 받을 수 있나요?,1년,엘지유플러스:43561
요금제 변경,공시지원금을 받은 후 요금제는 어떻게 유지해야 하나요?,약정 기간 동안,엘지유플러스:43551
선택약정 할인,선택약정할인은 월정액에서 얼마나 할인되나요?,25%,엘지유플러스:43591
요금제 변경,요금제 변경은 한 달에 한 번 가능한가?,"예, 요금제 변경은 한 달에 한 번 언제든지 가능합니다.",엘지유플러스:43585
요금 안내,요금제 변경 후에도 가족결합할인 혜택은 그대로 유지되나요?,"예, 기존의 가족결합할인 혜택은 그대로 유지됩니다.",엘지유플러스:43575
요금 납부,연체 가산금은 얼마의 비율로 부과되나요?,20%,엘지유플러스:43568
선택약정 할인,선택약정할인 동의 과정은 어떻게 진행되나요?,마지막에 '네'라고 대답,엘지유플러스:43576
요금제 변경,대리점 방문은 몇 시 이전에 하는 것이 좋은가?,6시 전,엘지유플러스:43598
요금제 변경,기존 유심을 그대로 사용하면서 5G 요금제로 변경할 수 있나요?,"아니요, 새로 개통하거나 5G로 등록해야 합니다.",엘지유플러스:43598
요금제 변경,라이트 요금제로 변경하면 영화 무료 관람 혜택을 계속 받을 수 있나?,"아니요, 영화 무료 관람 혜택을 받을 수 없게 됩니다.",엘지유플러스:43603
내역 조회,모바일 핫스팟 사용 시 데이터는 어떻게 차감되나요?,10GB 별도 제공 데이터에서 차감,엘지유플러스:43593
명의/번호/유심 해지,LGU+ 휴대폰 해지는 어떻게 할 수 있나?,팩스 또는 대리점 방문,엘지유플러스:43599
결제계좌 안내/변경,타은행에서 카드 대금이 출금되면 한도 복원이 결제일 다음날 되는 이유는 뭐지?,카드 대금 입금 반영이 실시간으로 되지 않기 때문이야.,하나카드:200049
가상계좌 안내,카드 대금을 결제하기 위해 받은 가상 계좌에 결제 금액을 다음 날 입금해도 돼?,아니.,하나카드:200050
가상계좌 안내,가상 계좌를 받은 당일에 카드 대금을 입금해야 하는 이유가 뭐야?,결제 금액이 변경되기 때문이야.,하나카드:200050
가상계좌 안내,오늘 결제될 미납금의 총금액은 얼마입니까?,"230,000원 입니다.",하나카드:200239
"정부지원 바우처 (등유, 임신 등)","교육계 바우처는 체크카드 결제 계좌에 잔고가 있을 경우, 잔고가 먼저 사용되나요?",아니요. 잔고와 상관없이 바우처 포인트로 먼저 결제됩니다.,하나카드:200209
한도상향 접수/처리,한 카드사의 신용카드를 여러 장 가지고 있을 때 각 카드의 이용 한도는 어떻게 적용되지?,같은 회사의 카드이므로 한도가 통합되어 적용된다.,하나카드:200208
선결제/즉시출금,선결제했을 때 알아두어야 하는 사항은 무엇이 있어?,결제일에 카드 대금이 이중 출금될 수 있어.,하나카드:200247
연체대금 즉시출금,연체 중에 진행한 즉시 출금으로 인해 카드 대금이 이중 출금되면 이중 출금된 돈은 그 다음 날 오전 중으로 환불되는 것이 맞나요?,네.,하나카드:200216
포인트/마일리지 안내,현재 소지한 신용카드는 후불 교통카드로 사용 가능한가?,"예, 현재 소지한 신용카드는 후불 교통카드로 사용 가능합니다.",하나카드:200202
이용내역 안내,카드 사용 내역을 이메일로 받는 경우 길게는 몇 분 정도까지 기다려야 해?,30분,하나카드:200220
교육비,이 상담에서 스쿨 뱅킹을 신청하는 사람은 누구인가?,보호자,하나카드:200225
교육비,바우처 포인트 사용을 위해 별도의 신청 절차가 필요한가?,"아니요, 체크카드 사용 시 자동으로 차감됩니다.",하나카드:200218
쇼핑케어,유료 상품을 해지한 후 해지한 부분에 대한 환급은 가능합니까?,아니요.,하나카드:200234
도난/분실 신청/해제,카드 분실 해제 후 즉시 카드 사용이 가능한가요?,"예, 카드는 지금부터 바로 이용 가능합니다.",하나카드:200222
"정부지원 바우처 (등유, 임신 등)",모든 카드를 교육 급여 바우처 카드로 쓸 수 있니?,아니.,하나카드:200246
이용내역 안내,일시불로 결제한 후 나중에 무이자 할부로 변경 가능합니까?,"아니요, 나중에 할부로 변경 시 수수료가 발생됩니다.",하나카드:200231
이용방법 안내,교육 급여 바우처를 사용했을 때 사용자의 휴대폰 문자로 알려 주는 내용은 뭐지?,사용처와 잔여 한도,하나카드:200250
선결제/즉시출금,카드 이용 대금 선결제를 할 때 결제 은행이 아닌 타 은행에서 출금이 가능합니까?,예.,하나카드:200232
이용내역 안내,"우수 등급, 로얄 등급의 경우 무이자 할부가 가능합니까?",예.,하나카드:200231
한도상향 접수/처리,신용카드 한도 상향 접수 시 소득 서류를 직접 보내지 않기 위해 이용 동의해야 하는 항목은 무엇인가요?,공공마이데이터,하나카드:200233
가상계좌 안내,가상 계좌로 입금할 때 원 단위까지 정확하게 입금해야 해?,응.,하나카드:200248
가상계좌 안내,결제 계좌에 남아 있는 잔고를 비워야 하는 이유가 뭐야?,잔고가 남아 있으면 출금이 이중으로 될 수 있기 때문이야.,하나카드:200239
"정부지원 바우처 (등유, 임신 등)",적립된 바우처 포인트는 어느 곳에서 사용할 수 있지?,교육 대상 가맹점 및 바우처 이용이 가능한 모든 곳에서 사용할 수 있다.,하나카드:200238
이용방법 안내,체크 카드를 교육 급여 바우처로 사용할 수 있어?,응.,하나카드:200250
이벤트 안내,네이버페이로 현대백화점 면세점 결제 시 무이자 혜택을 받을 수 있나요?,"예, 네이버페이로 현대백화점 면세점에 결제하면 무이자 혜택을 받을 수 있습니다.",하나카드:200383
이용내역 안내,해외 가맹점의 매입 처리 기간은 국내와 동일하게 1-2일 정도로 빠른가?,"아니요, 해외 가맹점의 매입 처리 기간은 가맹점에 따라 일주일 이상 걸릴 수도 있습니다.",하나카드:200380
도시가스,경동도시가스 자동이체를 카드사에서 직접 신청할 수 있나요?,"아니요, 경동도시가스 업체에서 직접 신청해야 합니다.",하나카드:200384
일부결제대금이월약정 안내,리볼빙 서비스의 최소 결제 비율과 최대 결제 비율은 몇 %야?,"최소 25%, 최대 100%",하나카드:200387
이용내역 안내,"카드 해외 이용 시, 카드 브랜드 사 수수료가 뭐지?","해외에서 국내 카드사 단독으로 결제가 불가능하기 때문에 해외 브랜드를 연결해 결제하게 되는데, 이 때 해외 브랜드를 이용하는 수수료이다.",하나카드:200380
결제대금 안내,"충전식 카드로 후불 교통 버스 이용 시, 이용 금액은 충전 금액에서 빠져나가?","아니, 후불 교통 카드 이용 금액은 카드에 연결된 결제 계좌에서 출금돼.",하나카드:200381
청구지 안내/변경,"이메일이나 문자로 카드 대금 명세서를 받아볼 경우, 암호는 뭐야?",생년월일 여섯 자리,하나카드:200379
이벤트 안내,온라인몰에서 카드 결제 시 무이자 할부가 가능한지 확인하는 방법은 뭐야?,"온라인 쇼핑에서 할부 부분을 선택하면 전체 무이자, 부분 무이자가 되는지 나와.",하나카드:200383
이용내역 안내,카드사에서 직접 자동이체를 연결할 수 있는 요금은 뭐지?,관리비와 도시가스,하나카드:200215
도시가스,도시가스 자동이체를 어떻게 신청해야 하나요?,경동도시가스 업체로 직접 전화해서 신청해야 함,하나카드:200384
교육비,스쿨 뱅킹 자녀 자동 이체 신청을 위해 필요한 정보는 뭐야?,자녀 식별번호,하나카드:200378
결제일 안내/변경/취소,가장 늦은 신용카드 결제일은 며칠이야?,27일,하나카드:200392
결제대금 안내,"리볼빙 서비스 이용 시, 소유한 카드 각각의 결제 비율을 다르게 설정할 수 있어?","아니, 전체 금액에서 이월 약정 설정한 비율만큼 결제되는 거야.",하나카드:200393
오토할부/오토캐쉬백 안내/신청/취소,"오토캐시백 제휴 카드로 차량 구매 시 포인트, 캐시백, 마일리지, 청구할인 등이 중복 적용 돼?",아니.,하나카드:200390
결제계좌 안내/변경,한 카드사의 여러 카드 각각의 결제 계좌를 다르게 등록할 수 있어?,"아니, 하나만 등록돼.",하나카드:200394
도난/분실 신청/해제,카드 분실 해제 후 모든 기능을 바로 이용할 수 있어?,"아니, 후불 교통 기능은 2~3일 후부터 이용 가능해.",하나카드:200391
선결제/즉시출금,리볼빙한 결제 대금을 선결제하면 약정 이율이 바뀌는 거야?,아니.,하나카드:200401
일부결제대금이월약정 해지,이월 약정 리볼빙 서비스는 해지 후 다시 가입할 수 있어?,"아니, 이월 약정 리볼빙 서비스는 재가입이 안 돼.",하나카드:200402
결제일 안내/변경/취소,"카드 결제일을 변경할 경우, 변경일로부터 며칠간 결제일 재변경이 안되지?",60일,하나카드:200385
결제일 안내/변경/취소,결제일 변경 후 첫 번째 결제일에 기존 이용 금액이 그대로 청구될 수 있나요?,"예, 단기 카드 대출이나 자동 이체의 경우 두 달분이 청구될 수 있습니다.",하나카드:200392
이용내역 안내,카드 내역서를 팩스로 받으면 얼마나 기다려야 하지?,30분 정도 기다리면 돼.,하나카드:200403
이벤트 안내,카드를 발급하고 실적을 달성하면 연회비를 면제받을 수 있어?,아니.,하나카드:200404
한도상향 접수/처리,한도 상향 심사에서 유리한 조건이 되기 위해 필요한 자료는 뭐야?,정확한 소득을 확인할 수 있는 건강 보험료나 소득 금액을 확인할 수 있는 자료야.,하나카드:200406
일부결제대금이월약정 안내,리볼빙 서비스를 해지하면 재가입이 안 되는 거야?,응.,하나카드:200405
서비스 이용방법 안내,할부 변경은 어떻게 할 수 있나요?,앱이나 고객센터 전화로 가능,하나카드:200411
선결제/즉시출금,결제일 변경은 수시로 할 수 있는 거야?,아니.,하나카드:200410
서비스 이용방법 안내,할부 변경 시 이자가 발생하나요?,"예, 할부 변경 시 이자가 발생합니다.",하나카드:200411
이용내역 안내,이 상담에서 정기결제 해지를 요청한 사람은 누구인가?,고객,하나카드:200418
승인취소/매출취소 안내,체크카드 환급도 평일 기준 5일 이내에 처리되나요?,"예, 보통 평일 기준으로 5일 이내에 환급이 처리됩니다.",하나카드:200416
일부결제대금이월약정 안내,카드 대금 결제가 안 되어 다음 달로 이월된 금액은 무엇인가?,미납 금액,하나카드:200434
결제일 안내/변경/취소,"카드 결제일을 변경할 경우, 단기 대출이나 자동 이체는 이용 기간에 따라 몇 개월 분까지 청구될 수 있어?",2개월,하나카드:200431
포인트/마일리지 안내,카드 해지 후 포인트를 다시 보관할 수 있나요?,"아니요, 포인트를 받으면 다시 보관할 수 없습니다.",하나카드:200427
연체대금 즉시출금,카드 대금 결제일에 계좌에 잔액이 없는 경우에 카드사에서 추가로 출금 시도를 해?,응.,하나카드:200433
승인취소/매출취소 안내,국내에서 사용한 카드 결제를 취소할 경우 처리되는데 며칠 정도 걸려?,1~3 영업일,하나카드:200438
한도상향 접수/처리,신용카드 한도 상향 심사 접수 시 소득 서류를 직접 제출하지 않기 위해서는 어떤 서비스 이용에 동의해야 해?,공공 마이데이터 서비스,하나카드:200458
이벤트 안내,캐시백 혜택은 익월 말일 이내에 지급되나요?,"예, 캐시백 혜택은 익월 말일 이내에 지급됩니다.",하나카드:200447
일부결제대금이월약정 안내,일부 결제 대금 이월 약정을 할 경우 카드 대금이 완납되지 않더라도 약정한 비율만 납부하면 연체 등록이 되지 않아?,응.,하나카드:200434
한도 안내,신용카드와 체크카드를 동시에 신청할 수 있어?,응.,하나카드:200442
한도 안내,카드 포인트는 어떻게 적립되나요?,"전 가맹점 0.7%, 페이 결제 1%, 마트 2%, 배달앱 3%, 대중교통 4% 적립",하나카드:200446
이벤트 안내,현재 이벤트 중인 병원 업종 무이자 할부는 몇 개월까지 가능해?,12개월,하나카드:200435
연체대금 즉시출금,거래 정지 해제 후 교통 기능은 며칠 뒤부터 사용 가능해?,평일 기준 2~3일 뒤,하나카드:200439
한도 안내,한도 증액 심사 결과를 받는 데 얼마나 걸리나요?,평일 하루 이틀,하나카드:200442
도난/분실 신청/해제,신용 카드 번호를 몰라도 분실 해제 신청을 할 수 있어?,응.,하나카드:200460
이용방법 안내,카드 앱에서 교통 서비스 해지 하는 방법을 알려줘.,앱 로그인 후 결제 - 교통 서비스 - 서비스 해지 신청 순으로 누르면 돼.,하나카드:200437
이용방법 안내,주유 금액도 카드 실적에 포함되나요?,"네, 주유 금액도 카드 실적에 포함됩니다.",하나카드:200444
도난/분실 신청/해제,분실 신고해서 정지된 카드를 다시 찾았을 때 전화상으로 카드 정지를 해제하는 것이 가능할까?,응.,하나카드:200500
한도상향 접수/처리,신용 카드 한도는 사람마다 달라?,응.,하나카드:200457
매출구분 변경,일시불 사용 건 중에 얼마 이상 거래 건만 분할 납부 할 수 있어?,5만 원 이상,하나카드:200454
이용내역 안내,첫 달에는 실적을 채우지 못해도 핸드폰 요금 할인 혜택을 받을 수 있나요?,"예, 첫 달에는 실적과 관계없이 혜택을 제공받을 수 있습니다.",하나카드:200448
가상계좌 예약/취소,가상 계좌에는 아무 때나 입금할 수 있어?,"아니, 당일 밤 11시 30분까지 입금해야 해.",하나카드:200450
승인취소/매출취소 안내,선결제한 구매 건을 결제 취소하면 취소분에 대한 금액은 어떻게 처리가 돼?,결제 계좌로 환불돼.,하나카드:200451
한도상향 접수/처리,신용정보 조회에 동의한 기관은 누구인가?,"행정안전부, 한국신용정보원, 카드사",하나카드:200457
결제일 안내/변경,결제일을 한 번 바꾸면 일정 기간 안에는 재변경이 불가능하게 됩니다. 맞습니까?,네.,하나카드:200506
한도 안내,이 카드는 무이자 할부 혜택이 있어?,아니.,하나카드:200446
결제계좌 안내/변경,앱에서 통합 안내창이 떠도 그대로 통합하면 변경할 수 있어?,응.,하나카드:20863
안심클릭/▲▲페이/기타페이 안내,우수 회원의 경우 페이 우수기변 라운지의 음악 스트리밍 서비스에서 무료로 매월 몇 건을 받을 수 있어?,50건,하나카드:200453
증명서/확인서 발급,카드 사용 내역이나 승인 내역 등을 팩스로도 받아볼 수 있어?,응.,하나카드:200452
도난/분실 신청/해제,카드 분실 신고 시 분실 해제를 할 수 있는 사람은 누구인가?,카드 소지자,하나카드:200500
한도상향 접수/처리,소득 서류가 없어도 신용카드 한도 상향이 가능해?,응.,하나카드:200449
연회비 안내,카드 연회비는 사용 후에 내는 것인가?,"아니요, 연회비는 미리 선납하는 것입니다.",하나카드:20878
포인트/마일리지 전환등록,포인트 현금화 후 입금은 다음날 확인할 수 있나요?,"예, 오늘 처리하면 다음날 통장에서 확인 가능합니다.",하나카드:200509
이용내역 안내,할인 혜택을 받기 위한 전월 실적은 며칠부터 며칠까지 사용 액으로 산정되는 거야?,1일부터 말일,하나카드:200448
이용내역 안내,이번 달 납부 예정 금액은 얼마인가요?,수수료 포함하여 총 납부 예정 금액은 확인된 금액입니다.,하나카드:20865
일부결제대금이월약정 해지,해지된 카드에 청구될 금액은 없지?,"아니, 해지했어도 최근에 사용한 후급 교통카드, 모바일 티머니, SMS 이용 요금 및 자동 이체 연결 건과 미매입 건이 있으면 청구될 수 있어.",하나카드:20862
연체대금 즉시출금,타 카드 대금을 연체한 정보가 카드회사끼리 공유돼?,응.,하나카드:20877
연체대금 안내,"계좌 잔액이 이중 출금되었다면, 초과 입금된 브랜드사에서 입금된 만큼 환급을 받을 수 있지?",응.,하나카드:20861
이용내역 안내,11월 20일에 출금된 카드 대금은 SK 모바일의 11월 요금이 맞나요?,아니요.,하나카드:20867
선결제/즉시출금,무이자 할부를 계속 이용할 수 있는 카드가 있나요?,네.,하나카드:21563
이용내역 안내,왜 SK 모바일 대금이 결제되지 않았죠?,고객이 카드를 해지하면서 11월 요금은 자동 이체 거래가 승인되지 않았어요.,하나카드:20867
이용내역 안내,현재 카드 할인은 어떤 방식으로 적용되고 있나요?,청구 할인,하나카드:20880
"정부지원 바우처 (등유, 임신 등)",바우처 잔액을 개인 앱에서 직접 확인할 수 있나요?,"네, 카드 어플의 바우처 부분에서 확인 가능합니다.",하나카드:20876
이용내역 안내,"청구 할인이 되는 결제 건의 경우, 할인 되어 얼마가 결제 될 예정인지 안내 문자를 보내주는 서비스가 있어?",응.,하나카드:20880
연회비 안내,카드를 몇 년 이상 사용하지 않으면 연회비가 부과되지 않아?,1년,하나카드:20878
승인취소/매출취소 안내,카드 결제 취소는 며칠 정도 걸려?,2~3일,하나카드:20879
"정부지원 바우처 (등유, 임신 등)",카드 포인트 사용이 안 되는 업종에는 무엇이 있어?,"사행 업종, 성인 용품, 위생 업종 등이 있어.",하나카드:21548
선결제/즉시출금,선결제한 금액만큼 카드 한도는 복원돼?,응. 선결제한 액수만큼 카드 한도가 복원된다고 해.,하나카드:21547
선결제/즉시출금,6월 11일에 이용한 금액은 연이율이 13%로 적용되지?,"아니, 6월 11일 이용 건은 연이율 12.52%로 적용돼.",하나카드:21544
가상계좌 예약/취소,이월된 금액은 연결된 계좌에서 바로 출금 처리 완료됐어?,아니. 출금 계좌 잔액 부족으로 바로 출금 처리를 못했어.,하나카드:21551
선결제/즉시출금,"신용 카드 통신 요금, 대중교통 등 자동 이체 금액에서 포인트 적립을 받으려면 무엇을 충족해야 해?",전월 실적,하나카드:21592
장기카드대출 안내,대출 신청 직후 바로 대출 내역을 조회할 수 있나요?,"아니요, 입금 처리 후에 조회가 가능합니다.",하나카드:21546
장기카드대출 안내,대출금은 어떻게 청구된다고 해?,카드 대금과 대출금이 함께 합산되서 매월 동일한 카드 결제일에 청구된다고 해.,하나카드:21546
프리미엄 바우처 안내/발급,카드 발급 시 선택할 수 있는 바우처의 종류는 무엇인가?,"신세계 면세점 선불 카드 교환권, 신세계 상품권 교환권, 국내 동반자 무료 항공권",하나카드:21567
선결제/즉시출금,이중 출금을 원치 않으면 무엇이 필요해?,통장 잔고를 비워두는 것이 필요해.,하나카드:21545
선결제/즉시출금,금리 연 이율은 19.31%입니까?,아니요. 19.1%입니다.,하나카드:21553
결제계좌 안내/변경,카드를 재발급 받으면 자동 이체는 다 해지가 돼?,"아니, 별도로 해지 요청을 해야 해.",하나카드:21602
결제계좌 안내/변경,신용카드의 현금 인출 기능을 새로 등록한 계좌에서 이용하려면 어떻게 해야 해?,변경 계좌에서 현금을 인출하려면 카드를 재발급받아야 해.,하나카드:21568
교육비,스쿨 뱅킹 자동 납부 신청을 하기 위해서는 무엇이 필요해?,식별번호,하나카드:21597
오토할부/오토캐쉬백 안내/신청/취소,카드를 신청하면 받는 데 얼마나 걸려?,평일 기준 5일 이내,하나카드:21769
한도상향 접수/처리,한도 상향 접수 시 건강보험료로도 소득 확인을 할 수 있어?,응.,하나카드:21590
도난/분실 신청/해제,카드 분실 해제 후 즉시 카드 사용이 가능한가요?,"예, 카드는 바로 이용할 수 있습니다.",하나카드:21575
선결제/즉시출금,아직 청구되지 않은 금액도 선결제 할 수 있어?,응.,하나카드:21593
신용공여기간 안내,리볼빙 서비스는 신청 안 해도 사용할 수 있어?,"아니, 신청해야 해.",하나카드:21595
결제일 안내/변경,결제일을 한 번 변경하고 다시 변경하려면 며칠이 지나야 해?,60일,하나카드:21596
이벤트 안내,캐시백은 카드 포인트로만 지급되나요?,"아니요, 현금으로 결제 통장에 직접 입금됩니다.",하나카드:21607
심사 진행사항 안내,직장인이 신용 카드 발급을 위해 소득을 증빙하기 위해 내는 서류는 뭐야?,원천 징수 영수증,하나카드:21594
한도상향 접수/처리,신용 카드 한도 상향을 신청하면 심사 결과는 문자로 받을 수 있어?,응.,하나카드:21770
이용내역 안내,"잔액 부족으로 자동 이체 결제가 안 되면, 나중에 다시 자동으로 결제돼?",아니.,하나카드:21598
선결제/즉시출금,카드 사용 금액 중 현금 서비스나 일시불 사용 금액만 따로 선결제 하는 것도 할 수 있어?,응.,하나카드:21601
일부결제대금이월약정 등록,"카드 대금을 일부 결제할 경우, 최소 결제 비율은 몇 %야?",25%,하나카드:21591
한도 안내,카드를 오랫동안 사용하지 않으면 한도가 하향돼?,응.,하나카드:21599
결제일 안내/변경/취소,결제일 변경 후 기존 이용 금액이 그대로 청구될 수 있나요?,"예, 단기 카드 대출이나 자동이체의 경우 두 달분이 청구될 수 있습니다.",하나카드:21761
결제계좌 안내/변경,해외 결제 시도 후 결제가 완료되었나요?,"아니요, 잔액 부족으로 결제되지 않았습니다.",하나카드:21608
결제일 안내/변경/취소,가장 늦은 결제일은 며칠이야?,27일,하나카드:21761
도난/분실 신청/해제,신용 카드 분실 해지 후에 교통 기능은 바로 사용할 수 있어?,아니.,하나카드:21605
결제일 안내/변경/취소,카드 결제일을 바꾸면 얼마 동안 재변경이 어려워?,변경 후 60일 동안 재변경이 어렵다고 해.,하나카드:21577
일부결제대금이월약정 해지,아직 청구되지 않은 카드 사용 금액도 선결제 할 수 있어?,응.,하나카드:21765
일부결제대금이월약정 해지,카드 해지 후 추후 신용카드 발급이 가능한가?,"예, 심사를 통해 카드 발급 처리가 가능합니다.",하나카드:21609
일부결제대금이월약정 해지,신용 카드를 해지하면 자동 이체 연결했던 건 어떻게 해야 해?,해당 기관에 연락해서 결제 정보를 변경해야 해.,하나카드:21609
선결제/즉시출금,결제 예정 금액을 선결제 할 때 문자 서비스 요금도 함께 출금돼?,"아니, 별도로 결제해야 해.",하나카드:21606
이용내역 안내,카드 이용 내역은 어떤 방법으로 받을 수 있어?,"이메일, 팩스",하나카드:21772
선결제/즉시출금,일부 결제 대금 이월 약정 서비스로 최소 금액을 결제하는 것도 선결제 할 수 있어?,응.,하나카드:21764
선결제/즉시출금,청구 작업이 진행되기 전에도 선결제를 할 수 있어?,일시불이나 할부 건에 한해서 가능해.,하나카드:21776
가상계좌 안내,카드 대금을 가상 계좌에 입금할 때 지정된 한 은행에만 입금할 수 있어?,"아니, 몇 군데 은행 중에 선택할 수 있어.",하나카드:21771
"정부지원 바우처 (등유, 임신 등)",교육 급여 바우처 같은 정부 지원 사업의 지원 금액을 휴대폰 앱으로 확인할 수 있어?,응.,하나카드:21762
연체대금 즉시출금,결제 계좌에 잔고가 있을 경우 발생할 수 있는 문제는 뭐야?,이중출금이 될 수 있어.,하나카드:21579
이용내역 안내,대중교통 요금도 한 달 간격으로 사용 금액이 청구돼?,응.,하나카드:21779
선결제/즉시출금,카드 대금을 선결제 할 때 결제 계좌가 아닌 다른 계좌에서도 할 수 있어?,응.,하나카드:21767
이용내역 안내,해외에서 원화로 결제하면 수수료가 발생해?,응.,하나카드:21773
이용내역 안내,카드 이용내역 문자 메시지가 오지 않으면 우선 무엇을 확인해야 해?,스팸 차단이 되어 있는지 확인해야 해.,하나카드:21768
결제일 안내/변경/취소,할인 카드 사용 명세는 왜 당월 결제분에 포함되지 않았어?,명세서에 청구된 기간이 달라서 다음 달 결제분으로 이월된 거야.,하나카드:22030
이용내역 안내,유료 SMS 알림 서비스는 월 얼마야?,300원,하나카드:21773
장기카드대출 안내,해지한 카드의 예전 카드 대출 금액도 알아볼 수 있어?,응.,하나카드:21760
이용내역 안내,카드사에서 자동이체가 자동으로 승계되었나요?,"예, 카드사에서 승인은 되었지만 완전한 자동 승계는 아닙니다.",하나카드:21777
오토할부/오토캐쉬백 안내/신청/취소,카드 실물을 받기 전에 카드 서비스를 이용할 수 있나요?,"아니요, 카드를 받은 후에 서비스를 이용할 수 있습니다.",하나카드:21769
연체대금 즉시출금,교육 관련 바우처는 올해에도 음식점 등에서 사용할 수 있습니까?,"아니요, 작년과 달리 교육 관련한 부분에서만 사용이 가능합니다.",하나카드:21780
가상계좌 안내,가상계좌를 받은 후에 아무 때나 입금해도 돼?,"아니, 가상계좌는 당일이 지나면 금액이 달라져.",하나카드:21778
일부결제대금이월약정 해지,카드를 해지하면 연회비는 어떻게 돼?,남은 기간을 계산해서 계좌로 환불해 줘.,하나카드:21765
이용내역 안내,카드 할인을 받으려면 무엇을 충족해야 해?,전월 실적,하나카드:21775
한도 안내,심사를 받아야 하는 부여 가능 한도는 어떻게 조회할 수 있나요?,고객센터에 전화 문의하여 상담원에게 한도 신청 접수를 요청해야 합니다.,하나카드:22033
이용내역 안내,국세 납부 시에도 카드 수수료가 없나요?,"아니요, 국세 납부 시에는 0.8%의 카드 수수료가 발생합니다.",하나카드:22029
결제계좌 안내/변경,신용카드 결제 계좌를 어떻게 변경할 수 있나요?,상담원을 통해 변경 신청,하나카드:21783
결제일 안내/변경/취소,결제일을 변경해도 60일 이내에 다시 재변경할 수 있습니까?,아니요.,하나카드:22030
이용내역 안내,지방세는 할부 시 무이자 적용이 몇 개월부터 됩니까?,6회차부터 적용됩니다.,하나카드:22029
한도 안내,일시 한도 확인은 어떻게 할 수 있나요?,매달 초 자동 심사 확인 또는 고객센터 문의,하나카드:22033
이용내역 안내,"신용 카드로 통신 요금을 자동 이체할 때, 미납됐다고 문자가 오면 누구에게 문의해야 해?",통신사 고객센터,하나카드:21777
오토할부/오토캐쉬백 안내/신청/취소,오토 캐시백 신청 시 카드 결제 금액을 어떻게 상향할 수 있나요?,카드사 앱에서 원 단위로 상향 가능,하나카드:22036
오토할부/오토캐쉬백 안내/신청/취소,가상 계좌에 입금할 금액에서 세금은 제외해야 합니까?,"네, 계약금과 취·등록세 등 세금은 제외해야 합니다.",하나카드:22036
결제일 안내/변경/취소,결제일 변경 시 두 달분이 청구될 수 있는 경우는 무엇이지?,현금서비스와 자동이체의 경우 두 달분이 청구될 수 있다.,하나카드:22397
한도상향 접수/처리,한도 상향의 접수 결과는 문자로 확인할 수 있어?,응.,하나카드:22547
승인취소/매출취소 안내,신용카드가 아니라 체크카드를 사용했다고 착각한 사람은 누구야?,손님,하나카드:22538
연회비 안내,카드 사용 시 휴대전화로 발송되는 문자는 한 달에 200원입니까?,"네, 이용 건수와 상관없이 한 달에 200원의 요금이 발생합니다.",하나카드:22549
한도상향 접수/처리,공공 마이데이터 서비스 동의 시 무엇을 할 수 있습니까?,심사에 필요한 소득 서류를 따로 제출하지 않아도 실시간으로 서류 확인이 가능합니다.,하나카드:22547
결제대금 안내,이번 달 정확한 결제 요금은 얼마입니까?,"이번 달 결제 금액은 280,000원입니다.",하나카드:22550
도난/분실 신청/해제,신용 카드를 분실했을 때 분실 신고 하고 바로 재발급 받을 수 있어?,"응, 재발급 받을 수 있어.",하나카드:22662
가상계좌 예약/취소,가상 계좌를 예약할 때 어느 은행으로 할 수 있어?,준비된 몇 군데 은행 중 원하는 은행의 계좌를 받을 수 있어.,하나카드:22689
결제대금 안내,이미 청구서에 명시된 금액은 변경할 수 없지?,응.,하나카드:22550
결제일 안내/변경/취소,결제일 변경 후 이용 기간에 대한 문자 안내를 받을 수 있나요?,"예, 변경하신 결제일에 대한 이용 기간 문자를 받으실 수 있습니다.",하나카드:22680
결제일 안내/변경/취소,모든 카드 사용 건에 대한 문자 서비스 월 이용료는 얼마인가?,월 이용료는 일정 금액의 유료 서비스,하나카드:22666
도난/분실 신청/해제,카드를 분실해서 분실 신고할 때 알려줘야 하는 정보는 뭐가 있어?,"분실 일자와 장소, 연락처를 알려줘야 해.",하나카드:22663
"정부지원 바우처 (등유, 임신 등)",교육 급여 포인트를 받기 위한 카드는 신용카드와 체크카드 중 어떤 카드를 사용해야 해?,신용카드와 체크카드 둘 다 가능해.,하나카드:22676
"정부지원 바우처 (등유, 임신 등)",노트북 구매는 교육 급여 바우처 카드로 사용 가능한가요?,"예, 유흥, 사행, 성인 용품 등 제외 업종을 제외하고는 모두 사용 가능합니다.",하나카드:22703
선결제/즉시출금,선결제를 원하는 금액만큼만 할 수 있어?,응.,하나카드:22671
결제대금 안내,유럽에서 체크카드를 사용했을 경우 카드 대금을 결제하려면 유로화와 원화 중 무엇으로 충전해야 해?,원화,하나카드:22670
결제일 안내/변경/취소,카드 결제일을 변경하면 실적 산정 기간도 달라져?,"아니, 실적 산정 기간은 그대로 1일부터 말일까지야.",하나카드:22666
선결제/즉시출금,결제 예정일에 결제 대금이 이월되게 하기 위해서는 어떤 조치가 필요해?,최소 결제 금액만큼 결제해야 나머지 금액이 이월돼.,하나카드:22671
가상계좌 안내,가상계좌 입금할 때 당일이 지나면 금액이 달라져?,응.,하나카드:22683
입금내역 안내,KT 제휴카드의 연회비는 얼마야?,2만 원,하나카드:22667
입금내역 안내,통신사 제휴카드로 통신 요금을 할인받으려면 어떻게 해야 해?,"통신사에 요금 할인 신청을 하고, 전월 실적도 충족해야 해.",하나카드:22667
결제대금 안내,리볼빙 서비스 대상자 선정 기간은 어떻게 돼?,한 달에 한 번,하나카드:22661
이용내역 안내,대중교통 사용 금액도 카드 실적에 반영이 돼?,응.,하나카드:22677
증명서/확인서 발급,"카드 대금을 연체해 타사 카드까지 거래정지가 된 경우, 완납증명 등의 절차를 거쳐야만 거래정지가 해제돼?","아니, 완납했으면 시간이 지나면 자동으로 해제돼.",하나카드:22681
결제대금 안내,카드 결제일을 변경하고 나면 며칠 후에 다시 변경할 수 있어?,60일,하나카드:22697
연회비 안내,신용 카드 연회비는 선납이야?,응.,하나카드:22672
교육비,교육비가 등록된 카드를 분실해서 재발급 받으면 어떻게 해야 해?,기존 등록을 취소하고 교육비 카드 등록을 다시 해야 해.,하나카드:22694
승인취소/매출취소 안내,카드 결제가 된 건을 가맹점에서 일방적으로 취소할 수 있어?,응.,하나카드:22678
입금내역 안내,이 카드의 연회비는 다른 카드들에 비해 저렴한가?,"아니요, 이 카드는 2만원으로 다른 카드들에 비해 연회비가 높은 편입니다.",하나카드:22667
매출구분 변경,이미 청구된 일시불 결제 건도 할부로 변경할 수 있어?,평일 기준으로 결제일 하루 전까지는 가능해.,하나카드:22679
한도상향 접수/처리,카드 한도 상향 신청할 때 소득 서류가 없으면 어떻게 해?,소득 서류 없이 심사를 진행해.,하나카드:22708
가상계좌 예약/취소,문자 알림 서비스를 신청하고 카드 사용 내역을 카톡으로 받을 수도 있어?,아니.,하나카드:22689
"정부지원 바우처 (등유, 임신 등)",교육 급여 바우처로 상품권을 살 수 있어?,"아니, 상품권은 살 수 없어.",하나카드:22687
가상계좌 예약/취소,가상 계좌를 예약하면 몇 시까지 입금해야 해?,당일 밤 11시 30분,하나카드:22689
선결제/즉시출금,장기 카드 대출을 받은 후 매월 납부하는 금액이 왜 달라져?,매월 원금이 줄어드니까 이자도 줄어들어서 납부 금액이 달라져.,하나카드:22691
한도 안내,"카드 한도 초과인 경우, 일시불이나 할부 이용 금액을 선결제하면 카드를 다시 사용할 수 있어?",응.,하나카드:22686
선결제/즉시출금,카드 이용 대금을 선결제하면 왜 결제 예정 금액보다 줄어들어?,예정 결제일과 선결제일 날짜 차이만큼 수수료가 줄어들어서 그래.,하나카드:22704
단기카드대출 안내/실행,단기 카드 대출의 이율은 몇 %야?,연 16.73%,하나카드:22701
선결제/즉시출금,일시불 사용 금액에 교통 요금이나 자동이체도 포함돼?,응.,하나카드:22704
결제일 안내/변경/취소,카드 대금 결제일을 매월 30일로 할 수 있어?,"아니, 27일이 가장 늦은 날이야.",하나카드:22705
"정부지원 바우처 (등유, 임신 등)","교육 급여 바우처가 461,000원 있는데 컴퓨터 구매로 100만 원을 사용하면 카드 대금으로 얼마나 청구돼?","539,000원",하나카드:22703
포인트/마일리지 안내,신용카드를 해지할 때 적립된 포인트는 어떻게 돼?,결제 계좌로 입금받을 수 있어.,하나카드:22707
한도상향 접수/처리,한도 상향 접수할 때 개인정보를 행정안전부 한국신용정보원 당사에 제공하는 데 동의해야 하는 이유는 뭐야?,"신속한 예비 심사와, 분쟁 해결 민원 처리를 위해서야.",하나카드:22684
오토할부/오토캐쉬백 안내/신청/취소,신용카드 한도가 차량 금액보다 적을 때 어떻게 오토캐시백 혜택을 받지?,은행이 가상계좌를 부여해 차량 결제 가능한 한도를 별개로 만들어준다.,하나카드:22803
포인트/마일리지 안내,카드 포인트 적립 내역은 몇 년간 유효해?,3년,하나카드:22710
서비스 이용방법 안내,포인트 적립 혜택을 받을 수 있는 업종은 무엇이지?,"온라인 쇼핑이나 교통, 커피 업종이다.",하나카드:22800
선결제/즉시출금,출금 명세를 받을 방법은 몇 가지이지?,메일과 팩스 두 가지 방법이 있다.,하나카드:22811
오토할부/오토캐쉬백 안내/신청/취소,신용카드의 차량 구매 한도와 정기 한도는 연동되어 적용되지?,"아니, 별개로 적용돼.",하나카드:22803
한도 안내,"카드 총한도가 2000만 원이고 단기 카드 대출 서비스 한도가 800만 원이면, 2800만 원 쓸 수 있는 거야?","아니, 2000 만원 쓸 수 있어. 총한도에 단기 카드 대출 서비스 한도가 포함돼.",하나카드:22698
선결제/즉시출금,카드 대금 선결제는 어떻게 진행됐지?,손님의 결제 계좌에서 즉시 출금하는 방식으로 진행됐다.,하나카드:22809
승인취소/매출취소 안내,카드 결제 취소 시 취소를 해야 하는 주체는 누구야?,거래처,하나카드:22920
교육비,새로 등록한 카드 정보가 즉시 반영될 수 있나요?,"아니요, 최대 일주일 정도 소요될 수 있습니다.",하나카드:22818
안심클릭/▲▲카드/기타페이 안내,카드 결제 시 결제 카드를 선택한 후 인증은 어떻게 해야 하지?,지문으로 인증하거나 비밀번호로 설정한 숫자 여섯 자리를 누르면 된다.,하나카드:22813
선결제/즉시출금,카드론으로 인해 신용도가 낮아지지 않으려면 어떻게 해야 하지?,카드론을 사용하지 않으면 된다.,하나카드:22825
단기카드대출 안내/실행,"단기 카드 대출을 신청할 때, 문자인증은 어떻게 진행되나요?","상담사가 손님의 핸드폰으로 인증 번호를 전송하면, 손님이 해당 번호를 상담사에게 읽어주는 방식으로 진행됩니다.",하나카드:22816
교육비,스쿨뱅킹 등록의 신청 당사자는 누구야?,고객의 자녀,하나카드:22961
선결제/즉시출금,카드론은 왜 이용할수록 신용도가 낮아지지?,카드론도 일종의 대출이기 때문이야.,하나카드:22825
교육비,스쿨뱅킹을 등록하기 위해서는 신청 정보를 승인받아야 합니까?,"네, 학교 측에 최종 승인받아야 접수가 완료됩니다.",하나카드:22961
선결제/즉시출금,장기 카드 대출의 남은 금액은 얼마인가?,0원,하나카드:23097
"정부지원 바우처 (등유, 임신 등)",교육비 바우처 지원금을 확인하려면 어떻게 해야 해?,해당 카드 고객센터로 문의하면 된다.,하나카드:22826
선결제/즉시출금,"상환이 완료된 후, 이중 출금이 발생하면 환불 처리는 평일 기준 출금 익일에 이루어지나요?",예.,하나카드:23112
"정부지원 바우처 (등유, 임신 등)",바우처 금액 소진 시 정확히 금액을 맞추기 어려운 경우 어떻게 결제해야 해?,복합 결제를 통해 바우처 금액을 먼저 소진한 후 카드로 차액을 결제하면 된다.,하나카드:22826
한도상향 접수/처리,한도 조정 심사가 완료되면 결과에 대해서 전화로 연락이 올까?,"아니, 등록된 휴대전화 문자로 안내될 거래.",하나카드:23077
승인취소/매출취소 안내,대한항공 이용 건 취소 접수가 완료되기까지 보통 얼마나 소요되나요?,평일 기준 2일에서 3일,하나카드:23104
한도상향 접수/처리,한도 상향 심사 결과는 오늘 내일 중으로 연락이 올까?,"응, 문자로 연락이 온대.",하나카드:23103
선결제/즉시출금,대출 철회가 완료되면 취소가 가능해?,"아니, 불가능해",하나카드:23100
장기카드대출 안내,장기 카드론 이용 시 현재 적용되는 금리는 얼마인가?,16.9%,하나카드:23099
매출구분 변경,3개월 할부로 전환한 결제 예정 내역이 몇 건이야?,5건,하나카드:23124
포인트/마일리지 전환등록,소멸되지 않는 마일리지도 있습니까?,"아니요, 마일리지의 유효기간은 5년입니다.",하나카드:23117
일부결제대금이월약정 해지,카드 해지 이후 별도로 연락해서 변경해야 하는 게 뭐죠?,자동 이체 연결 건,하나카드:23109
선결제/즉시출금,대출 상환 후 발생할 수 있는 추가 청구 항목은 무엇인가요?,"후불 교통 요금, 에스엠에스 이용 요금, 자동 이체 미매입 금액이 추후에 청구될 수 있습니다.",하나카드:23112
일부결제대금이월약정 해지,리볼빙 서비스 재신청이 불가할 수 있는 이유는 무엇인가?,매달 이자 선정되어 서명란에 해당하는 손님에 한해서만 진행 가능하기 때문,하나카드:23122
결제일 안내/변경/취소,카드 결제일 변경 후 바로 또 결제일 변경이 가능한가요?,"아니요, 변경 후 특정 일자 이내에는 재변경이 어려울 수 있습니다.",하나카드:23113
선결제/즉시출금,이중 출금을 방지하기 위해선 카드를 해지해야 해?,"아니, 계좌 잔고를 비워둬야 해.",하나카드:23111
쇼핑케어,해당 서비스의 월 이용료는 얼마인가?,월 일정 금액,하나카드:23646
가상계좌 안내,"통장 잔고가 최소 결제 금액보다 많아서, 결제일에 카드대금으로 모두 인출되어 버렸어. 환급 처리가 가능할까?",아니.,하나카드:23120
이용내역 안내,보험료도 재발급받은 카드로 자동이체 되고 있었어?,아니.,하나카드:23651
이용내역 안내,현재 해외 결제 건에 대해 선결제가 가능한가?,"아니요, 아직 매출 접수가 되지 않아 선결제가 불가능합니다.",하나카드:23647
한도상향 접수/처리,카드 한도가 상향되면 현금서비스 한도도 자동으로 상향돼?,"아니, 상향해 달라고 요청해야 해.",하나카드:23672
쇼핑케어,쇼핑케어 서비스는 무료 서비스야?,"아니, 유료 부가서비스야.",하나카드:23646
"정부지원 바우처 (등유, 임신 등)",교육 급여 바우처는 지원받는 금액이 무엇으로 부여돼?,포인트,하나카드:23654
이벤트 안내,쿠팡에서 진행하는 이벤트의 혜택을 받으려면 쿠팡에서 결제한 이력이 있어야 해?,"아니, 없어야 해.",하나카드:23648
승인취소/매출취소 안내,매출 취소 전표는 카드사에 들어가기까지 얼마나 걸려?,"영업일 기준으로 3, 4일 정도 소요된다.",하나카드:23653
승인취소/매출취소 안내,환불 완료 알림을 받은 즉시 카드 결제 내역이 변경되나요?,"아니요, 매출 취소 전표가 접수되는 영업일 기준 3~4일 후에 변경됩니다.",하나카드:23653
교육비,학교 교육비를 카드로 자동 납부 신청하면 처리되기까지 얼마나 걸려?,최대 1주일 정도 소요된다.,하나카드:23657
선결제/즉시출금,장기 카드 대출을 중도에 내가 원하는 금액만큼만 상환할 수 있어?,응.,하나카드:23671
이벤트 안내,부분 부이자 혜택을 받으려면 카드사에 신청해야 해?,"아니, 6, 10, 12개월로 할부 결제 시 자동으로 적용돼.",하나카드:23661
"정부지원 바우처 (등유, 임신 등)",취소된 바우처 금액은 다시 복원될 수 있나요?,"예, 바우처 유효 기간 동안 취소된 금액이 복원될 수 있습니다.",하나카드:23678
이용방법 안내,"카드 유효기간 만료가 다음 주인데, 발급이 중단된 카드면 어떻게 해야 해?","해당 카드는 사용할 수 없고, 새 카드를 발급 받아야 해.",하나카드:23681
한도상향 접수/처리,카드 사용 한도 상향 심사 결과는 어떻게 안내하고 있어?,고객의 휴대폰에 문자로 안내하고 있다.,하나카드:23735
이벤트 안내,쿠팡 한 달 무료 서비스는 어떻게 신청하는 거지?,응모 링크를 통해 들어가서 해당 카드로 등록하여 정기 결제를 하면 된다.,하나카드:23665
"정부지원 바우처 (등유, 임신 등)",바우처 금액으로 인터넷 쇼핑몰에서 물건을 구매할 수 있나요?,"예, 일부 제한 사항이 있지만 인터넷 쇼핑몰에서도 사용 가능합니다.",하나카드:23666
"정부지원 바우처 (등유, 임신 등)",정수기 대금 청구할인을 받으려면 카드 사용 실적 얼마 이상을 충족해야 해?,30만 원,하나카드:23666
도난/분실 신청/해제,체크카드 분실 해지 후에도 일반 결제 기능은 정상적으로 사용할 수 있나요?,"네, 일반적인 결제 기능은 정상적으로 이용 가능합니다.",하나카드:23732
한도상향 접수/처리,공공 마이데이터 서비스를 이용하면 소득 확인을 바로 할 수 있어?,응.,하나카드:23664
포인트/마일리지 안내,포인트가 자동으로 이월되나요?,아니요.,하나카드:23685
이용방법 안내,카드 유효기간이 지날 때까지 그냥 두면 어떻게 돼?,유효기간 만료되어 자동으로 해지돼.,하나카드:23682
포인트/마일리지 전환등록,카드 적립 포인트로는 무엇을 할 수 있어?,현금 캐시백 받을 수 있고 결제 대체할 수도 있어.,하나카드:23676
이용내역 안내,스쿨뱅킹 카드 등록이 정상적으로 완료되었나요?,"예, 카드 상태가 정상이고 등록이 완료되었습니다.",하나카드:23734
포인트/마일리지 안내,카드 대금 결제할 때 포인트를 쓰려면 어떻게 해야 해?,고객센터에 연락해서 카드 대금을 포인트로 차감한다고 말하면 돼.,하나카드:23685
이용방법 안내,현재 사용 중인 카드의 유효기간을 연장할 수 있나요?,"아니요, 현재 카드는 유효기간 연장이 불가능하고 새 카드로 발급받아야 합니다.",하나카드:23681
교육비,자동 납부 신청한 카드를 이용할 수 없을 때 요금이 미납되는 것을 방지하기 위해 어떻게 하고 있어?,고객의 다른 유효한 카드를 사용하는 것에 동의를 받고 있다.,하나카드:23733
서비스 이용방법 안내,혜택 플러스 서비스를 이용하기 싫으면 어떻게 해야 해?,휴대전화로 해지 요청 하면 돼.,하나카드:23683
결제계좌 안내/변경,결제 계좌를 등록했던 은행에서는 전월 실적을 채우면 무슨 혜택을 줬어?,스타벅스나 커피빈에서 이용 시 월 최대 만 원 할인이 가능하다.,하나카드:23730
서비스 이용방법 안내,케이티 자동이체 금액에 대한 할인 프로모션이 현재 진행 중인가요?,"네, 현재 케이티 자동이체 금액에 대한 할인 프로모션이 진행 중입니다.",하나카드:23784
심사 진행사항 안내,신용카드 발급 신청을 할 때 소득 증빙을 카드사에서 자동으로 할 수 있어?,"아니, 고객이 공공 마이데이터 서비스 이용에 동의해야 해.",하나카드:23680
서비스 이용방법 안내,케이티 자동 이체 금액에서 할인받으려면 전월 실적이 얼마여야 해?,30만 원 이상,하나카드:23784
승인취소/매출취소 안내,결제 취소는 카드사에서도 할 수 있어?,"아니, 가맹점에서 신청해야 해.",하나카드:23801
"정부지원 바우처 (등유, 임신 등)",교육 급여 바우처를 대형 마트에서도 사용할 수 있어?,응.,하나카드:23788
연체대금 즉시출금,이중 결제가 되면 카드사에서는 어떻게 처리를 해?,다음 날 결제 계좌로 환급해 준다.,하나카드:23816
포인트/마일리지 안내,포인트는 얼마 동안 적립이 가능하다고 해?,5년,하나카드:23805
도난/분실 신청/해제,카드 분실 신고 해제는 어떻게 해?,해당 카드를 갖고 인증만 하면 돼.,하나카드:23831
이용내역 안내,카드사에서 직접 상조 서비스를 가입해주나요?,"아니요, 카드사에서 직접 상조 서비스를 가입해주지 않습니다.",하나카드:23821
일부결제대금이월약정 해지,연체금을 즉시 결제할 경우 자동 이체 계좌에서 이중 출금되는 것을 방지하기 위해 어떻게 해야 해?,통장 잔고를 비워둔다.,하나카드:23824
매출구분 변경,선결제를 하면 수수료가 발생해?,아니. 수수료는 발생하지 않는다고 해.,하나카드:23851
교육비,고지서를 통해 알 수 있는 정보는 무엇입니까?,학생 식별번호와 소속 교육청,하나카드:23843
선결제/즉시출금,이 상담은 카드 이용 내역 안내에 대한 상담이야?,"아니, 이월 금액 선결제에 대한 상담이야.",하나카드:23838
안심클릭/▲▲페이/기타페이 안내,스마일페이에 가입할 때 계좌 동의를 꼭 해야 해?,응.,하나카드:23867
결제일 안내/변경/취소,카드 결제일 변경 후 바로 다시 결제일을 변경할 수 있습니까?,아니요.,하나카드:23848
한도 안내,"유흥 업종, 사행 업종, 청소년 출입 불가 업종의 공통점은 뭐야?",해당 업종들은 제한 업종으로 적립금 사용이 안 돼.,하나카드:23857
교육비,자동이체 신청을 하는 학생의 학교와 학교급은 무엇인가?,초등학교,하나카드:23843
한도 안내,카드를 사용하면 바우처 금액에서 먼저 차감이 돼?,응. 자동으로 바우처 금액에서 빠져나가.,하나카드:23857
이용내역 안내,정수기 사용 요금은 어떻게 결제되고 있어?,카드로 자동 결제되고 있어.,하나카드:23850
"정부지원 바우처 (등유, 임신 등)",바우처 신청은 당일 이후에도 변경과 취소가 가능합니까?,아니요.,하나카드:23853
이용내역 안내,이 상담은 선결제에 대한 상담이야?,아니. 이용내역 조회에 대한 상담이야.,하나카드:23850
한도 안내,체크 카드로는 적립금 사용이 불가능해?,아니. 체크 카드로도 적립금을 사용할 수 있어.,하나카드:23857
한도상향 접수/처리,공공 마이데이터 서비스를 이용하면 소득 서류를 보낼 필요가 없어?,응.,하나카드:23905
포인트/마일리지 안내,포인트는 매월 자동으로 결제 금액에서 차감되나요?,"아니요, 포인트는 매월 자동으로 결제 금액에서 차감되지 않습니다.",하나카드:23872
이용내역 안내,도시가스 전산을 카드사에서 조회하거나 변경할 수 있어?,"아니, 없어.",하나카드:24029
포인트/마일리지 안내,마일리지 적립 정보는 다음 날 전송되나요?,"예, 적립 정보는 다음 날 전송됩니다.",하나카드:24032
결제일 안내/변경,결제일 변경 시 기존 이용 금액이 변경된 결제일에 그대로 청구될 수 있나요?,"아니요, 변경 후 결제일에 청구되지 않을 수 있습니다.",하나카드:24024
결제일 안내/변경,결제일 변경 후에 이용 기간에 따라 두 달분이 청구될 수 있는 게 뭐야?,단기 카드 대출이나 자동 이체,하나카드:24024
한도상향 접수/처리,왜 공공 마이데이터 서비스에 동의하는 게 좋지?,심사에 필요한 소득 서류를 고객이 보내지 않아도 카드사에서 확인이 가능하기 때문이야.,하나카드:24053
금리인하요구권 안내/신청,모든 대출 건에 대해 금리 인하가 적용되었나요?,"아니요, 일부 대출 건만 금리 인하가 적용되었습니다.",하나카드:24035
이용내역 안내,자동이체로 빠져나간 가맹점명이 한국 요구르트로 되어 있었어?,아니.,하나카드:24103
도난/분실 신청/해제,분실 신고를 했다가 카드를 찾으면 어떻게 해야 사용할 수 있어?,분실 신고 해제를 하면 사용할 수 있다.,하나카드:24106
이벤트 안내,무이자 할부 이벤트는 현재 어떤 업종에서 가능한가?,"온라인 쇼핑, 백화점, 종합 병원, 일반 병원, 약국, 대형 마트, 여행사, 면세점",하나카드:24087
한도상향 접수/처리,카드사에서는 카드 한도 상향 심사 결과를 어떻게 알리고 있어?,카드사에 등록된 고객의 휴대폰 번호로 알림 톡이나 문자 메시지로 안내한다.,하나카드:24109
매출구분 변경,이번 달 청구 금액이 왜 지난달보다 더 많이 나왔어?,일시불 결제 건이 있어서,하나카드:24487
이벤트 안내,무이자 할부 이벤트가 적용되는 업종은 뭐야?,"온라인 쇼핑, 백화점, 종합 병원, 대형 마트 등의 업종에서 특정 기간 동안 무이자 할부가 가능해.",하나카드:24087
입금내역 안내,청구서에 청구된 금액이 실제 출금 금액이랑 얼마큼 차이 나?,할부 1회차 금액만큼 차이가 난다.,하나카드:24485
한도상향 접수/처리,공공 마이데이터 이용에 동의하면 신속한 심사 결과를 받아볼 수 있어?,응.,하나카드:24488
안심클릭/▲▲페이/기타페이 안내,인터넷으로 결제하려면 무엇이 정상적으로 등록되어 있어야 카드를 사용할 수 있어?,카드 비밀번호,하나카드:24112
선결제/즉시출금,청구 가능한 마지막 결제 건이 뭐였어?,하이패스 건과 12월 12일에 결제한 건이야.,하나카드:24489
승인취소/매출취소 안내,명세서에는 결제 취소한 금액이 왜 포함되어 있었어?,취소 접수가 되기 전에 명세서가 작성됐기 때문이다.,하나카드:24503
결제일 안내/변경,카드를 한 달에 얼마나 사용해야 통신비 할인을 받을 수 있어?,30만 원 이상 사용해야 할인받을 수 있다.,하나카드:24502
이용방법 안내,스마일페이로 결제할 때 실물 카드가 있어야 해?,"아니, 없어도 회원 등록만 되어 있으면 가능해.",하나카드:24508
결제일 안내/변경/취소,카드 결제일을 변경하고 나서 한 달 후에 또 변경할 수 있어?,"아니, 60일 이내에는 재변경이 안 된다고 했어.",하나카드:24506
단기카드대출 안내/실행,장기 카드 대출은 분할 납부할 수 있어?,응.,하나카드:24501
결제일 안내/변경,카드 결제일을 변경하면 며칠 안에는 재변경할 수 없어?,60일 이내,하나카드:24502
심사 진행사항 안내,우대 금리나 우대 이자에 대해 정확한 정보는 어떻게 확인할 수 있지?,카드를 신청한 은행에 문의하여야 한다.,하나카드:24521
장기카드대출 안내,이번 달에 결제하면 끝나는 할부 건이 뭐야?,화장품 마트와 은행 상사 이용 건은 할부가 끝나게 돼.,하나카드:24505
서비스 이용방법 안내,12월 승인 요금부터는 어떻게 해야 할인 적용을 받을 수 있어?,전달 한 달 동안 실적이 충족돼야 한다.,하나카드:24507
연체대금 즉시출금,카드사는 이중 출금이 발생하면 어떻게 해결하지?,평일 기준 다음날 결제 계좌로 다시 입금해 준다.,하나카드:24514
매출구분 변경,해외 매출 건은 할부 제한이 있어?,"아니, 없어.",하나카드:24511
이용방법 안내,인터넷 결제 시 카드번호가 변경되어 카드가 자동등록이 안 되어 있으면 어떻게 해야 하지?,손님이 수기로 등록해야 한다.,하나카드:24523
이용내역 안내,결제 금액에서 취소 건이 왜 빠져나가지 않았어?,결제일 전에 취소가 되었기 때문이다.,하나카드:24512
도난/분실 신청/해제,카드사 앱에서 분실 해제 처리를 할 수 있어?,응.,하나카드:24549
명세서 재발송,재발행된 청구서 수신은 몇 분 정도 소요될 수 있습니까?,상담원은 2분 정도 소요될 수 있다고 답변했습니다.,하나카드:24553
신용공여기간 안내,통신비 할인 혜택을 받으려면 카드를 한 달 동안 얼마 이상 사용해야 해?,30만 원 이상 사용해야 한다.,하나카드:24515
한도상향 접수/처리,카드 연회비는 카드 결제 사용 한도와 관련이 있어?,"아니, 연회비는 카드 사용 한도와는 별개이기 때문에 관련이 없어.",하나카드:24520
결제대금 안내,결제 대금은 어떤 카드라도 전부 합산되어 청구됩니까?,"아니요, 신용카드는 모두 합산되어 청구되지만, 체크카드는 별도로 청구됩니다.",하나카드:24550
이용내역 안내,결제 대금을 전부 상환해도 청구될 수 있는 경우는 어떤 경우입니까?,"미매입 건, 후불 교통카드 이용 금액, SMS 수수료, 자동이체 이용 금액이 있으면 따로 청구될 수 있습니다.",하나카드:24551
이벤트 안내,쿠폰이 제공되기로 예정된 날짜는 8월 29일이 맞아?,응.,하나카드:24552
이용내역 안내,취소 전표가 카드사측으로 들어오는 데는 평일 기준 얼마나 걸린대?,2일에서 3일 정도 걸린다고 해.,하나카드:24567
이용내역 안내,수수료를 납부하지 않으려면 결제 방식을 무엇으로 변경해야 해?,일시불,하나카드:24562
가상계좌 안내,오늘 완납하지 않으면 결제 금액이 변경될 수 있나?,"예, 오늘 완납하지 않으면 결제 금액이 변경될 수 있습니다.",하나카드:24561
가상계좌 예약/취소,"현재 남은 이월 금액은 1,020,000원이야?",응.,하나카드:24554
이용방법 안내,모든 오프라인 가맹점에서 카드 페이 서비스를 이용할 수 있어?,아니. 모두는 아니고 거의 대부분의 가맹점에서 된다고 해.,하나카드:24569
이용내역 안내,취소 전표는 실시간으로 카드사에 접수 돼?,아니. 취소 처리가 완료되더라도 취소 전표가 바로 접수되는 건 아니야.,하나카드:24567
이용방법 안내,결제 카드를 카드 페이 앱에서 등록하기 위해서 먼저 눌러야 하는 버튼은 뭐야?,화면 가운데 결제라고 써 있는 동그란 버튼을 눌러야 해.,하나카드:24569
결제대금 안내,이번 달 청구되는 금액 중 할부로 나가는 거 말고 일시불 건도 있어?,"아니, 없다고 해.",하나카드:24572
매출구분 변경,할부로 변경할 경우 이율이 얼마라고 해?,현재 기준으로 적용 이율은 연 11.45%라고 해.,하나카드:24575
결제대금 안내,리볼빙 사용 시 100% 결제가 어려울 때는 무엇을 설정할 수 있다고 해?,최소 결제 비율을 설정할 수 있다고 해.,하나카드:24580
선결제/즉시출금,이 상담은 카드 포인트에 대한 상담이야?,아니. 선결제에 대한 상담이야.,하나카드:24579
승인취소/매출취소 안내,취소 전표가 접수되면 바로 취소 건이 처리돼?,아니. 전산 처리하는 시간이 있기 때문에 2~3일 정도의 시간이 걸려.,하나카드:24587
결제대금 안내,리볼빙은 무엇을 뜻하는 말이야?,일부 결제 대금 이월 약정 서비스를 뜻하는 말이야.,하나카드:24580
이용방법 안내,달러를 사용하는 해외에서 카드를 이용할 땐 원화로 차감돼?,아니. 달러 머니로 차감돼.,하나카드:24585
이용내역 안내,승인된 금액과 청구된 금액은 항상 동일해?,아니. 고객이 전원 실적을 충족한 경우 승인된 금액이 청구 할인이 돼.,하나카드:24588
이용방법 안내,해외에서 핀 번호를 쓸 때 이용되는 건 뭐야?,기존 카드 비밀번호 네 자리가 이용돼.,하나카드:24585
승인취소/매출취소 안내,취소 건이 결제일 전에 처리되지 않아서 결제금이 빠져 나가버리면 어떻게 돼?,출금이 되더라도 이후 환급 처리가 된다고 해.,하나카드:24587
이용내역 안내,무엇을 충족시켜야 구독료가 할인돼서 청구돼?,전원 실적,하나카드:24588
결제일 안내/변경/취소,카드 한도를 변경하기 위해선 신규 발급 후 최소 몇 개월이 지나야 해?,최소 1개월은 지나야 변경이 가능해.,하나카드:24589
선결제/즉시출금,장기 카드 대출 사용 금액은 한도가 고정되어 있어?,"아니, 고정되어 있지 않고 유동적이야.",하나카드:24992
결제계좌 안내/변경,저축은행은 한 개만 유일하게 존재해?,아니. 저축은행도 여러 가지 종류가 있어.,하나카드:24591
연체대금 즉시출금,리볼빙 서비스를 이용하면 잔액이 부족할 경우 무엇에 따라 청구가 되는 거야?,등록된 비율에 따라,하나카드:24633
일부결제대금이월약정 해지,카드가 해지되어도 계속 이용되는 서비스는 무엇이지?,마이데이터 서비스는 계속 이용된다.,하나카드:24978
이용내역 안내,보험료가 8월부터는 결제가 안 됐어?,응.,하나카드:24635
승인취소/매출취소 안내,"가맹점에서 전화 승인을 통해 카드를 결제했을 때, 취소 권한은 누구에게 있지?",가맹점에 취소 권한이 있다.,하나카드:24989
승인취소/매출취소 안내,지방에 있는 물건을 사면서 카드로 결제할 방법은 없지?,"아니, 전화 승인을 통해 결제할 수 있어.",하나카드:24989
오토할부/오토캐쉬백 안내/신청/취소,선입금 방식으로 자동차를 구입하면 캐시백 비율은 몇 %이지?,1.4%이다.,하나카드:24995
서비스 이용방법 안내,환전한 것을 다시 원화로 바꿀 때 부과되는 수수료는 얼마나 돼?,1%,하나카드:25031
서비스 이용방법 안내,외화로 환전한 것을 우리나라 현금 인출기에서 찾을 수 있어?,"아니, 찾을 수 없어.",하나카드:25031
도시가스,변경된 카드로 자동 승계되는 게 뭐야?,통신 요금,하나카드:25034
결제대금 안내,문자 서비스는 건수에 따라 요금이 부과돼?,"아니, 건수에 관계없이 한 달에 300원이야.",하나카드:25033
결제일 안내/변경,문자 알림 서비스는 수수료가 있어?,응.,하나카드:25126
이벤트 안내,지원금을 받아서 물건을 구입하면 이벤트 혜택을 받을 수 없어?,응.,하나카드:25130
이용내역 안내,통신 요금 할인을 받으려면 카드를 얼마나 사용해야 해?,30만 원 이상,하나카드:25035
도시가스,이전 카드에 연결되어 있던 통신 요금 자동이체는 몇 가지야?,3가지,하나카드:25034
이용내역 안내,환전 머니로 충전하면 일본 현지에서 엔화로 바로 결제할 수 있어?,응.,하나카드:25131
결제대금 안내,오늘 왜 선결제를 할 수 없어?,청구서 작업이 확정되지 않아서,하나카드:25133
이용내역 안내,해외에서 카드를 사용하면 무엇에 따라 결제가 되지?,환율,하나카드:25135
이용내역 안내,해외 카드 사용 시 고정된 수수료가 있나요?,"아니요, 환율에 따라 달라지는 금액입니다.",하나카드:25135
이용내역 안내,엔화 머니로 충전할 금액이 부족할 때는 어떻게 하면 돼?,신용 모드를 켜서 일반 신용카드로 이용하면 돼.,하나카드:25131
선결제/즉시출금,장기 카드 대출은 며칠 이내에 완납해야 대출받은 이력이 사라져?,14일,하나카드:25134
교육비,기존에 교육비 자동 납부 등록이 되어 있었어?,응.,하나카드:25141
선결제/즉시출금,"결제일 당일, 선결제 이후 계좌를 비워놓지 않아서 이중 출금되면 어떻게 돼?",이중 출금되더라도 결제 계좌로 다시 환급돼.,하나카드:25309
이용내역 안내,SKT 요금이 어떤 방식으로 계속 온라인 납부되고 있었어?,아이폰 간편 방식,하나카드:25139
일부결제대금이월약정 해지,11월 청구 금액에서 왜 일부만 출금이 됐어?,계좌에 잔액이 부족해서,하나카드:25143
이용내역 안내,11월에도 핸드폰 요금이 기존 카드로 결제됐어?,"아니, 10월까지만 결제됐어.",하나카드:25144
결제일 안내/변경/취소,결제일 변경 이후 얼마 동안 재변경할 수 없나요?,60일,하나카드:25305
결제일 안내/변경/취소,말일을 결제일로 변경할 수 있지요?,"아니요, 1일부터 27일까지만 결제일로 지정할 수 있어요.",하나카드:25305
선결제/즉시출금,대출 건을 선결제하면 실제 한도가 복원돼?,아니. 복원되지 않아.,하나카드:25151
결제계좌 안내/변경,신용카드들은 각기 다른 은행 계좌를 연결할 수 있어?,아니. 신용카드 계좌는 하나로만 이용할 수 있어.,하나카드:25154
결제대금 안내,어떻게 청구 비율을 바꾸면 매달 사용한 금액이 정상 청구되게 할 수 있어?,청구 비율을 100%로 변경하면 가능해.,하나카드:25155
안심클릭/▲▲페이/기타페이 안내,결제 카드 등록 중 화면에 표시된 카드번호는 전체가 다 표기되어 있어?,"아니, 카드번호 중간이 별표 처리되어 있어.",하나카드:25313
결제대금 안내,청구 비율을 변경하는 건 상담 전화로만 가능해?,아니. 홈페이지에서도 고객이 직접 변경 가능해.,하나카드:25155
결제일 안내/변경/취소,결제일 변경 시 왜 두 달분이 청구될 수 있다고 안내한 건가요?,결제일에 따라 청구 기간이 다르기 때문에 결제일 변경 시 이용 기간에 따라 두 달 치가 청구되는 경우도 있어요.,하나카드:25305
이벤트 안내,동부 손해보험 다이렉트 홈페이지에서 자동차 보험에 가입할 때 무이자 할부가 몇 개월까지 가능한가요?,6개월,하나카드:25307
결제일 안내/변경/취소,오늘 결제일을 13일로 변경하면 돌아오는 첫 결제일인 5월 13일에는 3월 며칠부터 4월 말일까지 사용한 금액이 청구되는 거야?,23일,하나카드:25324
이용내역 안내,쿠폰을 사용하여 카드 결제하면 쿠폰 금액만큼을 청구하는 거야?,"아니, 쿠폰 금액만큼 제하고 남은 금액을 카드 결제하는 거야.",하나카드:25316
결제계좌 안내/변경,카드를 재발급할 때 자동이체 연결을 확인하라는 안내는 왜 오는 거야?,개인 보험료나 통신료 등 가맹점에 자동이체 연결을 새로운 카드 번호로 바꿔 달라고 요청해야 할 수 있기 때문이야.,하나카드:25326
이벤트 안내,백화점 이벤트이면 직영점도 이벤트 적용이 돼?,"아니, 백화점 업종으로 나오는 매장만 이벤트가 적용돼.",하나카드:25325
결제계좌 안내/변경,카드를 재발급받아 카드 번호가 바뀌어도 결제 계좌는 그대로 유지돼?,응.,하나카드:25326
이벤트 안내,통신비 할인을 받으려면 매월 얼마 이상의 사용 실적이 필요해?,30만 원,하나카드:25329
이벤트 안내,"카드사 이벤트로 무이자 할부로 물건을 구매했는데, 이벤트가 적용된 건지 확실히 알고 싶으면 어떻게 해야 해?",고객센터에 전화해서 결제한 부분이 이벤트 적용되었는지 물어보면 돼.,하나카드:25325
선결제/즉시출금,리볼빙 서비스 청구 비율을 100%로 했을 경우 결제일에 잔고가 부족하면 어떻게 되지?,일시불에 대해 최소 금액만큼만 결제되고 나머지는 다음 달로 이월된다.,하나카드:25800
이벤트 안내,카드사 백화점 구매 이벤트로 무이자 할부는 몇 개월까지 받을 수 있어?,6개월,하나카드:25325
이벤트 안내,카드 사용 등록 첫 달에는 사용 실적과 상관없이 할인받을 수 있어?,응.,하나카드:25329
이용내역 안내,신용카드를 재발급받으면 등록했던 자동이체는 모두 자동으로 승계가 돼?,"아니, 자동 승계되지 않는 가맹점은 별도로 변경 요청해야 해.",하나카드:25337
한도상향 접수/처리,신용카드 한도 상향 신청을 할 때 단기 카드대출 한도도 상향해야 해?,"아니, 단기 카드대출 한도는 기존과 동일하게 해도 돼.",하나카드:25328
한도상향 접수/처리,신용카드 한도보다 매월 카드로 사용해야 하는 금액이 많으면 어떻게 해야 하지?,카드사에 필요한 금액만큼 한도 상향 신청을 하면 돼.,하나카드:25328
프리미엄 바우처 안내/발급,신용카드 발급 후 2차 연도에도 10만원의 상품권을 받으려면 어떻게 해야 해?,신용카드 발급 후 1년 동안 600만 원 이상을 사용해야 해.,하나카드:25333
가상계좌 안내,오늘 결제 대금이 결제 계좌에서 모두 출금됐어?,"아니, 일부만 출금됐어.",하나카드:25792
프리미엄 바우처 안내/발급,프로모션으로 주는 신세계 상품권은 모바일 상품권으로 발급되는 거야?,"아니, 이마트에서 상품권으로 교환할 수 있는 교환권을 문자로 발송해 주는 거야.",하나카드:25333
한도상향 접수/처리,"카드 한도를 상향할 때, 총한도와 현금 서비스 한도를 함께 상향 신청할 수 있어?",응.,하나카드:25341
한도상향 접수/처리,카드사에서 하는 적정성 점검이 뭐야?,1년에 한 번씩 고객의 카드 이용 한도를 점검하고 고객에게 맞는 금액으로 한도를 수정하는 절차야.,하나카드:25341
이벤트 안내,"통신비 할인 이벤트가 적용되면 통신비를 추가로 얼마나, 몇개월 동안 할인받을 수 있어?",월 5천 원씩 6개월 동안 할인받을 수 있어.,하나카드:25329
한도상향 접수/처리,신용카드 한도를 올리는 것은 카드사 어느 부서에서 담당해?,한도 상향 부서,하나카드:25341
이용내역 안내,마이데이터 서비스는 신용카드를 해지한 후에도 이용할 수 있어?,응.,하나카드:25795
이용내역 안내,카드를 재발급 받으면 왜 카드 번호가 바뀌는 거야?,카드 보안 때문에 카드 번호가 변경되는 거야.,하나카드:25337
결제일 안내/변경,결제일을 변경해도 기존 이용 금액이 변경된 결제일에 청구되지 않을 수 있어?,응.,하나카드:25794
이벤트 안내,카드 실적 기간은 어떻게 되지?,매달 1일부터 말일까지이다.,하나카드:25806
오토할부/오토캐쉬백 안내/신청/취소,선입금 방식은 가상 계좌로 선입금하면 얼마큼의 특별 한도가 생겨?,입금한 만큼,하나카드:25807
오토할부/오토캐쉬백 안내/신청/취소,캐시백은 할부로 구입했을 때도 제공해 주는 거야?,"아니, 일시불로 구입했을 때만 현금으로 돌려주고 있어.",하나카드:25807
가상계좌 예약/취소,현재 최소 금액만 연체 중이고 나머지 금액은 어떻게 됐어?,이월되어 다음 달로 넘어갔어.,하나카드:25809
결제계좌 안내/변경,카드 결제일마다 사용 기간이 달라?,응.,하나카드:25811
연체대금 즉시출금,미납 금액이 얼마 이상이어야 타 금융 기관에 공유가 되지?,10만 원 이상이어야 공유된다.,하나카드:25817
선결제/즉시출금,현금 서비스를 날짜에 따라서 두 번 정도 사용할 수 있다고 했는데 기준이 뭐야?,결제일,하나카드:25808
이용내역 안내,체크 카드를 사용하지 않았는데 결제 문자가 오면 무엇을 확인해야 하지?,결제 계좌에 자체 연동된 자동이체 부분을 확인해야 한다.,하나카드:25812
한도 안내,예전에 카드 발급 시 한도를 고정해 놓은 제도의 이름은 무엇이지?,자율 한도이다.,하나카드:25814
이용방법 안내,모바일 앱을 통해 내 카드 관리라는 메뉴로 들어가면 무엇을 조회할 수 있지?,카드 번호와 유효기간을 확인할 수 있다.,하나카드:25822
도난/분실 신청/해제,새 카드를 타인이 수령했을 때 카드를 사용하기 위해서는 어떻게 해야 해?,별도로 사용 등록을 진행해야 한다.,하나카드:25821
연체대금 즉시출금,결제를 위한 가상계좌가 바뀌었어?,"아니, 가상계좌는 변경되지 않았어.",하나카드:25815
이용내역 안내,"디씨씨 차단 신청 후 해외에서 원화로 결제하려고 할 경우, 어떻게 처리되지?",승인 거절 처리가 된다.,하나카드:25829
결제일 안내/변경,휴대전화 요금 자동 납부 결제일을 카드사에서 변경할 수 있을까요?,아니요.,하나카드:25832
이용내역 안내,카드사는 결제한 명세를 강제로 취소할 권한이 있어?,"아니, 취소 권한은 카드사가 아닌 가맹점에 있어.",하나카드:25829
이벤트 안내,해당 카드의 이벤트 할인 적용 기간에 따라 26년 5월 말일까지 매달 실적이 30만 원 이상이면 다달이 할인되지?,응.,하나카드:25834
가상계좌 안내,카드 결제 대금을 납부할 때 신용카드 번호는 필요한 정보야?,"아니, 카드 번호는 상관없어.",하나카드:25826
이용내역 안내,카드사에 매출 취소가 접수가 되었다고 해?,"아니, 오늘 결제 취소했지만, 매출 취소가 접수되기까지 사나흘 소요될 거라고 해.",하나카드:25838
이용내역 안내,이 카드는 카드 할인 혜택을 받기 위해서 매달 채워야 하는 실적이 얼마야?,30만 원 이상,하나카드:25837
단기카드대출 안내/실행,앱에서 단기 카드 대출 인증을 할 때 필요한 정보는 무엇이지?,결제 비밀번호와 문자 인증 번호가 필요하다.,하나카드:25830
이용내역 안내,카드 해지 시 이미 납부한 연회비는 어떻게 처리되죠?,일할계산해서 평일 기준으로 5일 이내에 환불 처리됩니다.,하나카드:25848
일부결제대금이월약정 해지,카드를 해지하면 그 전에 이용한 명세는 내지 않아도 돼?,"아니, 후불 교통카드, 모바일 티머니, SMS, 자동 이체 연결 건 미매입 건 이용 명세가 있으면 요금이 청구돼.",하나카드:25874
결제대금 안내,매월 무엇을 충족해야 통신 요금의 할인을 받을 수 있어?,카드 이용 실적,하나카드:25892
이벤트 안내,카드사에서도 이벤트 참여 여부 확인을 할 수 있지?,"아니, 카드사에서 주관하는 이벤트가 아니라 참가 내용을 확인할 수 없어.",하나카드:25882
이용내역 안내,카드를 해지하면 포인트도 없어지나요?,"아니요, 카드 포인트는 주민등록번호로 관리되기 때문에 다른 카드로 이용해도 됩니다.",하나카드:25848
결제일 안내/변경,결제일이 달라지면 청구하는 기간도 달라져?,응.,하나카드:25883
도난/분실 신청/해제,후불 교통 서비스를 이용하는 건 카드 분실 해지 이후 바로 가능해?,아니. 분실 해지 후 평일 기준 3일에서 4일이 지나야 가능해.,하나카드:25895
특별한도/임시한도/일시한도 안내/신청,무엇을 특별 한도라고 불러?,차량 구매 등 특수한 목적으로 사용하는 한도를 특별 한도라고 불러.,하나카드:25894
결제일 안내/변경,카드 결제 대금 미납 문자는 카드사에서 발송한 거야?,응.,하나카드:27100
결제대금 안내,결제 예정 금액과 결제 청구금액은 항상 같게 나와?,"아니, 실제 청구 금액은 달라질 수 있어.",하나카드:25896
이용내역 안내,다른 금융 기관 정보를 불러오지 않게 하려면 어떻게 해야 해?,고객이 등록이나 동의를 하지 않아야 한다.,하나카드:27106
한도상향 접수/처리,잔여 한도가 없어도 현금 서비스를 이용할 수 있어?,"아니, 잔여 한도가 있어야 현금 서비스를 이용할 수 있어.",하나카드:27108
이용방법 안내,후불 교통카드는 무엇에 한해서만 사용한 금액이 결제일에 청구되지?,교통비,하나카드:27109
한도상향 접수/처리,서류를 발송하지 않아도 한도 상향 심사가 가능해?,응.,하나카드:27108
이벤트 안내,카드사에서는 현재 완전 무이자 할부 이벤트를 하고 있어?,"아니, 6개월, 12개월 부분 무이자 할부만 하고 있어.",하나카드:27110
결제대금 안내,본인 인증 방법을 바꾸려면 어떻게 해야 해?,앱에서 고객이 직접 선택해야 한다.,하나카드:27113
오토할부/오토캐쉬백 안내/신청/취소,가상 계좌에 돈을 입금하게 되면 얼마큼의 한도가 발생하지?,입금한 만큼의 한도가 생겨.,하나카드:27115
한도상향 접수/처리,소득 서류를 제출하지 않으면 한도 상향이 불가능해?,"아니, 없어도 심사 진행이 가능해.",하나카드:27120
이용방법 안내,왜 후불 교통카드로 쓰면 바로 누적 금액에 포함되지 않지?,교통사가 정보를 확인한 후 카드사에 전달하기 때문에 바로 누적 금액에 반영되지 않기 때문이야.,하나카드:27129
이용방법 안내,티머니 모바일 교통카드 금액을 후불로 청구받으려면 어떻게 해야 해?,티머니 카드를 등록하면 후불로 청구받을 수 있어.,하나카드:27129
"정부지원 바우처 (등유, 임신 등)",바우처 사용 금액은 어떻게 알 수 있지?,바우처를 사용하면 발송되는 문자 내용으로 알 수 있어.,하나카드:27130
이용방법 안내,티머니 후불 교통카드는 할인 혜택을 받을 방법이 없어?,"아니, 티머니 카드를 등록할 때 교통 할인 혜택이 있는 카드를 선택해서 사용하면 할인 혜택을 받을 수 있어.",하나카드:27129
"정부지원 바우처 (등유, 임신 등)",교육 바우처는 왜 통장에 잔고가 없어도 체크카드로 결제되지?,통장 잔고와 상관없이 지급된 교육 바우처 금액에서 차감되기 때문이야.,하나카드:27130
결제일 안내/변경/취소,상담을 통해 결제일을 바로 변경할 수 있었습니까?,"네, 상담원은 유의 사항 안내와 함께 결제일 변경 처리를 완료했습니다.",하나카드:27147
이용내역 안내,새 카드를 수령하고 자동이체를 연결하려면 어떻게 해야 해?,자동이체 연결은 승계되지 않으므로 별도로 등록해야 해.,하나카드:27139
결제대금 안내,청구서에는 왜 포인트 차감액이 표기되지 않는 거야?,베네피아 복지 포인트는 청구서 작성 이후 사용이 되기 때문에 청구서는 차감되기 전의 금액으로 표기돼.,하나카드:27150
